The 'chroma' vector store does not support keyword search. Hybrid (BM25) scoring will be disabled and search will use semantic similarity only. To enable hybrid search, switch to a store with keyword_search support (e.g. qdrant, elasticsearch, pgvector).
[PostHog] Multiple active PostHog clients detected for the same project API key and host. Reuse one Posthog instance per app or process when possible to avoid competing background queues and missed shutdown flushes. Multiple clients are supported when intentional.
记忆 1829 条
[variant] s2: {'preexisting': {'Entity': 1455, 'Event': 1074, 'Preference': 978, 'Concept': 274}}
[variant] v10concept: {'built': {'V10Concept': 2794, 'edges': 12075, 'duration_s': 884.4}}
[variant] v5month: {'built': {'V5Month': 269, 'edges': 1829, 'duration_s': 7.4}}
[variant] v8cluster: {'built': {'V8Cluster': 68, 'edges': 1829, 'duration_s': 26.6}}
[Resume] 已完成 27 轮
本轮执行 6 轮，dev 题集 616

===== round r200_r111_rep: graphs=['s2', 'v8cluster', 'v10concept'] retrieval={'per_node': 30} preset=official_precise
Failed to load spaCy lemma model: spaCy is not installed. Install it with: pip install mem0ai[nlp]
Failed to load spaCy full model: spaCy is not installed. Install it with: pip install mem0ai[nlp]
    ⚠ locomo_conv-26_qa0 失败: Error code: 400 - {'error': {'message': 'Access denied, please make sure your account is i
    ⚠ locomo_conv-26_qa103 失败: Error code: 400 - {'error': {'message': 'Access denied, please make sure your account is i
    ⚠ locomo_conv-26_qa102 失败: Error code: 400 - {'error': {'message': 'Access denied, please make sure your account is i
    ⚠ locomo_conv-26_qa104 失败: Error code: 400 - {'error': {'message': 'Access denied, please make sure your account is i
    ⚠ locomo_conv-26_qa106 失败: Error code: 400 - {'error': {'message': 'Access denied, please make sure your account is i
    ⚠ locomo_conv-26_qa10 失败: Error code: 400 - {'error': {'message': 'Access denied, please make sure your account is i
    ⚠ locomo_conv-26_qa121 失败: Error code: 400 - {'error': {'message': 'Access denied, please make sure your account is i
    ⚠ locomo_conv-26_qa117 失败: Error code: 400 - {'error': {'message': 'Access denied, please make sure your account is i
    ⚠ locomo_conv-26_qa120 失败: Error code: 400 - {'error': {'message': 'Access denied, please make sure your account is i
    ⚠ locomo_conv-26_qa12 失败: Error code: 400 - {'error': {'message': 'Access denied, please make sure your account is i
    ⚠ locomo_conv-26_qa118 失败: Error code: 400 - {'error': {'message': 'Access denied, please make sure your account is i
    ⚠ locomo_conv-26_qa122 失败: Error code: 400 - {'error': {'message': 'Access denied, please make sure your account is i
    ⚠ locomo_conv-26_qa128 失败: Error code: 400 - {'error': {'message': 'Access denied, please make sure your account is i
    ⚠ locomo_conv-26_qa133 失败: Error code: 400 - {'error': {'message': 'Access denied, please make sure your account is i
    ⚠ locomo_conv-26_qa130 失败: Error code: 400 - {'error': {'message': 'Access denied, please make sure your account is i
    ⚠ locomo_conv-26_qa127 失败: Error code: 400 - {'error': {'message': 'Access denied, please make sure your account is i
    ⚠ locomo_conv-26_qa134 失败: Error code: 400 - {'error': {'message': 'Access denied, please make sure your account is i
    ⚠ locomo_conv-26_qa135 失败: Error code: 400 - {'error': {'message': 'Access denied, please make sure your account is i
    ⚠ locomo_conv-26_qa126 失败: Error code: 400 - {'error': {'message': 'Access denied, please make sure your account is i
    ⚠ locomo_conv-26_qa140 失败: Error code: 400 - {'error': {'message': 'Access denied, please make sure your account is i
    ⚠ locomo_conv-26_qa142 失败: Error code: 400 - {'error': {'message': 'Access denied, please make sure your account is i
    ⚠ locomo_conv-26_qa138 失败: Error code: 400 - {'error': {'message': 'Access denied, please make sure your account is i
    ⚠ locomo_conv-26_qa137 失败: Error code: 400 - {'error': {'message': 'Access denied, please make sure your account is i
    ⚠ locomo_conv-26_qa143 失败: Error code: 400 - {'error': {'message': 'Access denied, please make sure your account is i
    ⚠ locomo_conv-26_qa144 失败: Error code: 400 - {'error': {'message': 'Access denied, please make sure your account is i
    ⚠ locomo_conv-26_qa15 失败: Error code: 400 - {'error': {'message': 'Access denied, please make sure your account is i
    ⚠ locomo_conv-26_qa145 失败: Error code: 400 - {'error': {'message': 'Access denied, please make sure your account is i
    ⚠ locomo_conv-26_qa147 失败: Error code: 400 - {'error': {'message': 'Access denied, please make sure your account is i
    ⚠ locomo_conv-26_qa150 失败: Error code: 400 - {'error': {'message': 'Access denied, please make sure your account is i
    ⚠ locomo_conv-26_qa148 失败: Error code: 400 - {'error': {'message': 'Access denied, please make sure your account is i
    ⚠ locomo_conv-26_qa18 失败: Error code: 400 - {'error': {'message': 'Access denied, please make sure your account is i
    ⚠ locomo_conv-26_qa2 失败: Error code: 400 - {'error': {'message': 'Access denied, please make sure your account is i
    ⚠ locomo_conv-26_qa19 失败: Error code: 400 - {'error': {'message': 'Access denied, please make sure your account is i
    ⚠ locomo_conv-26_qa26 失败: Error code: 400 - {'error': {'message': 'Access denied, please make sure your account is i
    ⚠ locomo_conv-26_qa23 失败: Error code: 400 - {'error': {'message': 'Access denied, please make sure your account is i
    ⚠ locomo_conv-26_qa21 失败: Error code: 400 - {'error': {'message': 'Access denied, please make sure your account is i
    ⚠ locomo_conv-26_qa29 失败: Error code: 400 - {'error': {'message': 'Access denied, please make sure your account is i
    ⚠ locomo_conv-26_qa33 失败: Error code: 400 - {'error': {'message': 'Access denied, please make sure your account is i
    ⚠ locomo_conv-26_qa27 失败: Error code: 400 - {'error': {'message': 'Access denied, please make sure your account is i
    ⚠ locomo_conv-26_qa31 失败: Error code: 400 - {'error': {'message': 'Access denied, please make sure your account is i
    ⚠ locomo_conv-26_qa30 失败: Error code: 400 - {'error': {'message': 'Access denied, please make sure your account is i
    ⚠ locomo_conv-26_qa32 失败: Error code: 400 - {'error': {'message': 'Access denied, please make sure your account is i
    ⚠ locomo_conv-26_qa36 失败: Error code: 400 - {'error': {'message': 'Access denied, please make sure your account is i
    ⚠ locomo_conv-26_qa35 失败: Error code: 400 - {'error': {'message': 'Access denied, please make sure your account is i
    ⚠ locomo_conv-26_qa40 失败: Error code: 400 - {'error': {'message': 'Access denied, please make sure your account is i
    ⚠ locomo_conv-26_qa37 失败: Error code: 400 - {'error': {'message': 'Access denied, please make sure your account is i
    ⚠ locomo_conv-26_qa38 失败: Error code: 400 - {'error': {'message': 'Access denied, please make sure your account is i
    ⚠ locomo_conv-26_qa43 失败: Error code: 400 - {'error': {'message': 'Access denied, please make sure your account is i
    ⚠ locomo_conv-26_qa48 失败: Error code: 400 - {'error': {'message': 'Access denied, please make sure your account is i
    ⚠ locomo_conv-26_qa39 失败: Error code: 400 - {'error': {'message': 'Access denied, please make sure your account is i
    ⚠ locomo_conv-26_qa5 失败: Error code: 400 - {'error': {'message': 'Access denied, please make sure your account is i
    ⚠ locomo_conv-26_qa54 失败: Error code: 400 - {'error': {'message': 'Access denied, please make sure your account is i
    ⚠ locomo_conv-26_qa59 失败: Error code: 400 - {'error': {'message': 'Access denied, please make sure your account is i
    ⚠ locomo_conv-26_qa57 失败: Error code: 400 - {'error': {'message': 'Access denied, please make sure your account is i
    ⚠ locomo_conv-26_qa50 失败: Error code: 400 - {'error': {'message': 'Access denied, please make sure your account is i
    ⚠ locomo_conv-26_qa6 失败: Error code: 400 - {'error': {'message': 'Access denied, please make sure your account is i
    ⚠ locomo_conv-26_qa62 失败: Error code: 400 - {'error': {'message': 'Access denied, please make sure your account is i
    ⚠ locomo_conv-26_qa65 失败: Error code: 400 - {'error': {'message': 'Access denied, please make sure your account is i
    ⚠ locomo_conv-26_qa67 失败: Error code: 400 - {'error': {'message': 'Access denied, please make sure your account is i
    ⚠ locomo_conv-26_qa66 失败: Error code: 400 - {'error': {'message': 'Access denied, please make sure your account is i
    ⚠ locomo_conv-26_qa70 失败: Error code: 400 - {'error': {'message': 'Access denied, please make sure your account is i
    ⚠ locomo_conv-26_qa69 失败: Error code: 400 - {'error': {'message': 'Access denied, please make sure your account is i
    ⚠ locomo_conv-26_qa7 失败: Error code: 400 - {'error': {'message': 'Access denied, please make sure your account is i
    ⚠ locomo_conv-26_qa78 失败: Error code: 400 - {'error': {'message': 'Access denied, please make sure your account is i
    ⚠ locomo_conv-26_qa71 失败: Error code: 400 - {'error': {'message': 'Access denied, please make sure your account is i
    ⚠ locomo_conv-26_qa75 失败: Error code: 400 - {'error': {'message': 'Access denied, please make sure your account is i
    ⚠ locomo_conv-26_qa82 失败: Error code: 400 - {'error': {'message': 'Access denied, please make sure your account is i
    ⚠ locomo_conv-26_qa76 失败: Error code: 400 - {'error': {'message': 'Access denied, please make sure your account is i
    ⚠ locomo_conv-26_qa80 失败: Error code: 400 - {'error': {'message': 'Access denied, please make sure your account is i
    ⚠ locomo_conv-26_qa86 失败: Error code: 400 - {'error': {'message': 'Access denied, please make sure your account is i
    ⚠ locomo_conv-26_qa85 失败: Error code: 400 - {'error': {'message': 'Access denied, please make sure your account is i
    ⚠ locomo_conv-26_qa87 失败: Error code: 400 - {'error': {'message': 'Access denied, please make sure your account is i
    ⚠ locomo_conv-26_qa9 失败: Error code: 400 - {'error': {'message': 'Access denied, please make sure your account is i
    ⚠ locomo_conv-26_qa89 失败: Error code: 400 - {'error': {'message': 'Access denied, please make sure your account is i
    ⚠ locomo_conv-26_qa88 失败: Error code: 400 - {'error': {'message': 'Access denied, please make sure your account is i
    ⚠ locomo_conv-26_qa91 失败: Error code: 400 - {'error': {'message': 'Access denied, please make sure your account is i
    ⚠ locomo_conv-26_qa96 失败: Error code: 400 - {'error': {'message': 'Access denied, please make sure your account is i
    ⚠ locomo_conv-26_qa93 失败: Error code: 400 - {'error': {'message': 'Access denied, please make sure your account is i
    ⚠ locomo_conv-26_qa94 失败: Error code: 400 - {'error': {'message': 'Access denied, please make sure your account is i
    ⚠ locomo_conv-26_qa92 失败: Error code: 400 - {'error': {'message': 'Access denied, please make sure your account is i
    ⚠ locomo_conv-26_qa98 失败: Error code: 400 - {'error': {'message': 'Access denied, please make sure your account is i
    ⚠ locomo_conv-26_qa99 失败: Error code: 400 - {'error': {'message': 'Access denied, please make sure your account is i
    ⚠ locomo_conv-30_qa11 失败: Error code: 400 - {'error': {'message': 'Access denied, please make sure your account is i
    ⚠ locomo_conv-30_qa17 失败: Error code: 400 - {'error': {'message': 'Access denied, please make sure your account is i
    ⚠ locomo_conv-30_qa13 失败: Error code: 400 - {'error': {'message': 'Access denied, please make sure your account is i
    ⚠ locomo_conv-30_qa2 失败: Error code: 400 - {'error': {'message': 'Access denied, please make sure your account is i
    ⚠ locomo_conv-30_qa19 失败: Error code: 400 - {'error': {'message': 'Access denied, please make sure your account is i
    ⚠ locomo_conv-30_qa10 失败: Error code: 400 - {'error': {'message': 'Access denied, please make sure your account is i
    ⚠ locomo_conv-30_qa20 失败: Error code: 400 - {'error': {'message': 'Access denied, please make sure your account is i
    ⚠ locomo_conv-30_qa21 失败: Error code: 400 - {'error': {'message': 'Access denied, please make sure your account is i
    ⚠ locomo_conv-30_qa24 失败: Error code: 400 - {'error': {'message': 'Access denied, please make sure your account is i
    ⚠ locomo_conv-30_qa23 失败: Error code: 400 - {'error': {'message': 'Access denied, please make sure your account is i
    ⚠ locomo_conv-30_qa28 失败: Error code: 400 - {'error': {'message': 'Access denied, please make sure your account is i
    ⚠ locomo_conv-30_qa26 失败: Error code: 400 - {'error': {'message': 'Access denied, please make sure your account is i
    ⚠ locomo_conv-30_qa25 失败: Error code: 400 - {'error': {'message': 'Access denied, please make sure your account is i
    ⚠ locomo_conv-30_qa29 失败: Error code: 400 - {'error': {'message': 'Access denied, please make sure your account is i
    ⚠ locomo_conv-30_qa3 失败: Error code: 400 - {'error': {'message': 'Access denied, please make sure your account is i
    ⚠ locomo_conv-30_qa32 失败: Error code: 400 - {'error': {'message': 'Access denied, please make sure your account is i
    ⚠ locomo_conv-30_qa31 失败: Error code: 400 - {'error': {'message': 'Access denied, please make sure your account is i
    ⚠ locomo_conv-30_qa36 失败: Error code: 400 - {'error': {'message': 'Access denied, please make sure your account is i
    ⚠ locomo_conv-30_qa33 失败: Error code: 400 - {'error': {'message': 'Access denied, please make sure your account is i
    ⚠ locomo_conv-30_qa37 失败: Error code: 400 - {'error': {'message': 'Access denied, please make sure your account is i
    ⚠ locomo_conv-30_qa34 失败: Error code: 400 - {'error': {'message': 'Access denied, please make sure your account is i
    ⚠ locomo_conv-30_qa40 失败: Error code: 400 - {'error': {'message': 'Access denied, please make sure your account is i
    ⚠ locomo_conv-30_qa45 失败: Error code: 400 - {'error': {'message': 'Access denied, please make sure your account is i
    ⚠ locomo_conv-30_qa4 失败: Error code: 400 - {'error': {'message': 'Access denied, please make sure your account is i
    ⚠ locomo_conv-30_qa43 失败: Error code: 400 - {'error': {'message': 'Access denied, please make sure your account is i
    ⚠ locomo_conv-30_qa44 失败: Error code: 400 - {'error': {'message': 'Access denied, please make sure your account is i
    ⚠ locomo_conv-30_qa50 失败: Error code: 400 - {'error': {'message': 'Access denied, please make sure your account is i
    ⚠ locomo_conv-30_qa48 失败: Error code: 400 - {'error': {'message': 'Access denied, please make sure your account is i
    ⚠ locomo_conv-30_qa5 失败: Error code: 400 - {'error': {'message': 'Access denied, please make sure your account is i
    ⚠ locomo_conv-30_qa49 失败: Error code: 400 - {'error': {'message': 'Access denied, please make sure your account is i
    ⚠ locomo_conv-30_qa51 失败: Error code: 400 - {'error': {'message': 'Access denied, please make sure your account is i
    ⚠ locomo_conv-30_qa52 失败: Error code: 400 - {'error': {'message': 'Access denied, please make sure your account is i
    ⚠ locomo_conv-30_qa53 失败: Error code: 400 - {'error': {'message': 'Access denied, please make sure your account is i
    ⚠ locomo_conv-30_qa57 失败: Error code: 400 - {'error': {'message': 'Access denied, please make sure your account is i
    ⚠ locomo_conv-30_qa58 失败: Error code: 400 - {'error': {'message': 'Access denied, please make sure your account is i
    ⚠ locomo_conv-30_qa55 失败: Error code: 400 - {'error': {'message': 'Access denied, please make sure your account is i
    ⚠ locomo_conv-30_qa59 失败: Error code: 400 - {'error': {'message': 'Access denied, please make sure your account is i
    ⚠ locomo_conv-30_qa56 失败: Error code: 400 - {'error': {'message': 'Access denied, please make sure your account is i
    ⚠ locomo_conv-30_qa6 失败: Error code: 400 - {'error': {'message': 'Access denied, please make sure your account is i
    ⚠ locomo_conv-30_qa62 失败: Error code: 400 - {'error': {'message': 'Access denied, please make sure your account is i
    ⚠ locomo_conv-30_qa63 失败: Error code: 400 - {'error': {'message': 'Access denied, please make sure your account is i
    ⚠ locomo_conv-30_qa69 失败: Error code: 400 - {'error': {'message': 'Access denied, please make sure your account is i
    ⚠ locomo_conv-30_qa64 失败: Error code: 400 - {'error': {'message': 'Access denied, please make sure your account is i
    ⚠ locomo_conv-30_qa7 失败: Error code: 400 - {'error': {'message': 'Access denied, please make sure your account is i
    ⚠ locomo_conv-30_qa75 失败: Error code: 400 - {'error': {'message': 'Access denied, please make sure your account is i
    ⚠ locomo_conv-30_qa74 失败: Error code: 400 - {'error': {'message': 'Access denied, please make sure your account is i
    ⚠ locomo_conv-30_qa71 失败: Error code: 400 - {'error': {'message': 'Access denied, please make sure your account is i
    ⚠ locomo_conv-30_qa73 失败: Error code: 400 - {'error': {'message': 'Access denied, please make sure your account is i
    ⚠ locomo_conv-30_qa76 失败: Error code: 400 - {'error': {'message': 'Access denied, please make sure your account is i
    ⚠ locomo_conv-30_qa77 失败: Error code: 400 - {'error': {'message': 'Access denied, please make sure your account is i
    ⚠ locomo_conv-30_qa78 失败: Error code: 400 - {'error': {'message': 'Access denied, please make sure your account is i
    ⚠ locomo_conv-41_qa0 失败: Error code: 400 - {'error': {'message': 'Access denied, please make sure your account is i
    ⚠ locomo_conv-30_qa9 失败: Error code: 400 - {'error': {'message': 'Access denied, please make sure your account is i
    ⚠ locomo_conv-30_qa8 失败: Error code: 400 - {'error': {'message': 'Access denied, please make sure your account is i
    ⚠ locomo_conv-41_qa10 失败: Error code: 400 - {'error': {'message': 'Access denied, please make sure your account is i
    ⚠ locomo_conv-41_qa1 失败: Error code: 400 - {'error': {'message': 'Access denied, please make sure your account is i
    ⚠ locomo_conv-41_qa106 失败: Error code: 400 - {'error': {'message': 'Access denied, please make sure your account is i
    ⚠ locomo_conv-41_qa117 失败: Error code: 400 - {'error': {'message': 'Access denied, please make sure your account is i
    ⚠ locomo_conv-41_qa110 失败: Error code: 400 - {'error': {'message': 'Access denied, please make sure your account is i
    ⚠ locomo_conv-41_qa118 失败: Error code: 400 - {'error': {'message': 'Access denied, please make sure your account is i
    ⚠ locomo_conv-41_qa109 失败: Error code: 400 - {'error': {'message': 'Access denied, please make sure your account is i
    ⚠ locomo_conv-41_qa123 失败: Error code: 400 - {'error': {'message': 'Access denied, please make sure your account is i
    ⚠ locomo_conv-41_qa125 失败: Error code: 400 - {'error': {'message': 'Access denied, please make sure your account is i
    ⚠ locomo_conv-41_qa12 失败: Error code: 400 - {'error': {'message': 'Access denied, please make sure your account is i
    ⚠ locomo_conv-41_qa124 失败: Error code: 400 - {'error': {'message': 'Access denied, please make sure your account is i
    ⚠ locomo_conv-41_qa127 失败: Error code: 400 - {'error': {'message': 'Access denied, please make sure your account is i
    ⚠ locomo_conv-41_qa131 失败: Error code: 400 - {'error': {'message': 'Access denied, please make sure your account is i
    ⚠ locomo_conv-41_qa13 失败: Error code: 400 - {'error': {'message': 'Access denied, please make sure your account is i
    评测 150/616 (1s)
    ⚠ locomo_conv-41_qa129 失败: Error code: 400 - {'error': {'message': 'Access denied, please make sure your account is i
    ⚠ locomo_conv-41_qa132 失败: Error code: 400 - {'error': {'message': 'Access denied, please make sure your account is i
    ⚠ locomo_conv-41_qa133 失败: Error code: 400 - {'error': {'message': 'Access denied, please make sure your account is i
    ⚠ locomo_conv-41_qa135 失败: Error code: 400 - {'error': {'message': 'Access denied, please make sure your account is i
    ⚠ locomo_conv-41_qa134 失败: Error code: 400 - {'error': {'message': 'Access denied, please make sure your account is i
    ⚠ locomo_conv-41_qa136 失败: Error code: 400 - {'error': {'message': 'Access denied, please make sure your account is i
    ⚠ locomo_conv-41_qa137 失败: Error code: 400 - {'error': {'message': 'Access denied, please make sure your account is i
    ⚠ locomo_conv-41_qa139 失败: Error code: 400 - {'error': {'message': 'Access denied, please make sure your account is i
    ⚠ locomo_conv-41_qa14 失败: Error code: 400 - {'error': {'message': 'Access denied, please make sure your account is i
    ⚠ locomo_conv-41_qa143 失败: Error code: 400 - {'error': {'message': 'Access denied, please make sure your account is i
    ⚠ locomo_conv-41_qa140 失败: Error code: 400 - {'error': {'message': 'Access denied, please make sure your account is i
    ⚠ locomo_conv-41_qa144 失败: Error code: 400 - {'error': {'message': 'Access denied, please make sure your account is i
    ⚠ locomo_conv-41_qa145 失败: Error code: 400 - {'error': {'message': 'Access denied, please make sure your account is i
    ⚠ locomo_conv-41_qa146 失败: Error code: 400 - {'error': {'message': 'Access denied, please make sure your account is i
    ⚠ locomo_conv-41_qa150 失败: Error code: 400 - {'error': {'message': 'Access denied, please make sure your account is i
    ⚠ locomo_conv-41_qa16 失败: Error code: 400 - {'error': {'message': 'Access denied, please make sure your account is i
    ⚠ locomo_conv-41_qa148 失败: Error code: 400 - {'error': {'message': 'Access denied, please make sure your account is i
    ⚠ locomo_conv-41_qa17 失败: Error code: 400 - {'error': {'message': 'Access denied, please make sure your account is i
    ⚠ locomo_conv-41_qa25 失败: Error code: 400 - {'error': {'message': 'Access denied, please make sure your account is i
    ⚠ locomo_conv-41_qa26 失败: Error code: 400 - {'error': {'message': 'Access denied, please make sure your account is i
    ⚠ locomo_conv-41_qa18 失败: Error code: 400 - {'error': {'message': 'Access denied, please make sure your account is i
    ⚠ locomo_conv-41_qa27 失败: Error code: 400 - {'error': {'message': 'Access denied, please make sure your account is i
    ⚠ locomo_conv-41_qa23 失败: Error code: 400 - {'error': {'message': 'Access denied, please make sure your account is i
    ⚠ locomo_conv-41_qa28 失败: Error code: 400 - {'error': {'message': 'Access denied, please make sure your account is i
    ⚠ locomo_conv-41_qa31 失败: Error code: 400 - {'error': {'message': 'Access denied, please make sure your account is i
    ⚠ locomo_conv-41_qa36 失败: Error code: 400 - {'error': {'message': 'Access denied, please make sure your account is i
    ⚠ locomo_conv-41_qa33 失败: Error code: 400 - {'error': {'message': 'Access denied, please make sure your account is i
    ⚠ locomo_conv-41_qa34 失败: Error code: 400 - {'error': {'message': 'Access denied, please make sure your account is i
    ⚠ locomo_conv-41_qa38 失败: Error code: 400 - {'error': {'message': 'Access denied, please make sure your account is i
    ⚠ locomo_conv-41_qa37 失败: Error code: 400 - {'error': {'message': 'Access denied, please make sure your account is i
    ⚠ locomo_conv-41_qa41 失败: Error code: 400 - {'error': {'message': 'Access denied, please make sure your account is i
    ⚠ locomo_conv-41_qa42 失败: Error code: 400 - {'error': {'message': 'Access denied, please make sure your account is i
    ⚠ locomo_conv-41_qa43 失败: Error code: 400 - {'error': {'message': 'Access denied, please make sure your account is i
    ⚠ locomo_conv-41_qa44 失败: Error code: 400 - {'error': {'message': 'Access denied, please make sure your account is i
    ⚠ locomo_conv-41_qa4 失败: Error code: 400 - {'error': {'message': 'Access denied, please make sure your account is i
    ⚠ locomo_conv-41_qa45 失败: Error code: 400 - {'error': {'message': 'Access denied, please make sure your account is i
    ⚠ locomo_conv-41_qa46 失败: Error code: 400 - {'error': {'message': 'Access denied, please make sure your account is i
    ⚠ locomo_conv-41_qa50 失败: Error code: 400 - {'error': {'message': 'Access denied, please make sure your account is i
    ⚠ locomo_conv-41_qa48 失败: Error code: 400 - {'error': {'message': 'Access denied, please make sure your account is i
    ⚠ locomo_conv-41_qa47 失败: Error code: 400 - {'error': {'message': 'Access denied, please make sure your account is i
    ⚠ locomo_conv-41_qa49 失败: Error code: 400 - {'error': {'message': 'Access denied, please make sure your account is i
    ⚠ locomo_conv-41_qa51 失败: Error code: 400 - {'error': {'message': 'Access denied, please make sure your account is i
    ⚠ locomo_conv-41_qa55 失败: Error code: 400 - {'error': {'message': 'Access denied, please make sure your account is i
    ⚠ locomo_conv-41_qa54 失败: Error code: 400 - {'error': {'message': 'Access denied, please make sure your account is i
    ⚠ locomo_conv-41_qa57 失败: Error code: 400 - {'error': {'message': 'Access denied, please make sure your account is i
    ⚠ locomo_conv-41_qa58 失败: Error code: 400 - {'error': {'message': 'Access denied, please make sure your account is i
    ⚠ locomo_conv-41_qa56 失败: Error code: 400 - {'error': {'message': 'Access denied, please make sure your account is i
    ⚠ locomo_conv-41_qa61 失败: Error code: 400 - {'error': {'message': 'Access denied, please make sure your account is i
    ⚠ locomo_conv-41_qa63 失败: Error code: 400 - {'error': {'message': 'Access denied, please make sure your account is i
    ⚠ locomo_conv-41_qa62 失败: Error code: 400 - {'error': {'message': 'Access denied, please make sure your account is i
    ⚠ locomo_conv-41_qa64 失败: Error code: 400 - {'error': {'message': 'Access denied, please make sure your account is i
    ⚠ locomo_conv-41_qa67 失败: Error code: 400 - {'error': {'message': 'Access denied, please make sure your account is i
    ⚠ locomo_conv-41_qa69 失败: Error code: 400 - {'error': {'message': 'Access denied, please make sure your account is i
    ⚠ locomo_conv-41_qa77 失败: Error code: 400 - {'error': {'message': 'Access denied, please make sure your account is i
    ⚠ locomo_conv-41_qa8 失败: Error code: 400 - {'error': {'message': 'Access denied, please make sure your account is i
    ⚠ locomo_conv-41_qa68 失败: Error code: 400 - {'error': {'message': 'Access denied, please make sure your account is i
    ⚠ locomo_conv-41_qa70 失败: Error code: 400 - {'error': {'message': 'Access denied, please make sure your account is i
    ⚠ locomo_conv-41_qa74 失败: Error code: 400 - {'error': {'message': 'Access denied, please make sure your account is i
    ⚠ locomo_conv-41_qa80 失败: Error code: 400 - {'error': {'message': 'Access denied, please make sure your account is i
    ⚠ locomo_conv-41_qa82 失败: Error code: 400 - {'error': {'message': 'Access denied, please make sure your account is i
    ⚠ locomo_conv-41_qa91 失败: Error code: 400 - {'error': {'message': 'Access denied, please make sure your account is i
    ⚠ locomo_conv-41_qa98 失败: Error code: 400 - {'error': {'message': 'Access denied, please make sure your account is i
    ⚠ locomo_conv-41_qa85 失败: Error code: 400 - {'error': {'message': 'Access denied, please make sure your account is i
    ⚠ locomo_conv-41_qa95 失败: Error code: 400 - {'error': {'message': 'Access denied, please make sure your account is i
    ⚠ locomo_conv-41_qa99 失败: Error code: 400 - {'error': {'message': 'Access denied, please make sure your account is i
    ⚠ locomo_conv-41_qa89 失败: Error code: 400 - {'error': {'message': 'Access denied, please make sure your account is i
    ⚠ locomo_conv-42_qa100 失败: Error code: 400 - {'error': {'message': 'Access denied, please make sure your account is i
    ⚠ locomo_conv-42_qa0 失败: Error code: 400 - {'error': {'message': 'Access denied, please make sure your account is i
    ⚠ locomo_conv-42_qa102 失败: Error code: 400 - {'error': {'message': 'Access denied, please make sure your account is i
    ⚠ locomo_conv-42_qa104 失败: Error code: 400 - {'error': {'message': 'Access denied, please make sure your account is i
    ⚠ locomo_conv-42_qa101 失败: Error code: 400 - {'error': {'message': 'Access denied, please make sure your account is i
    ⚠ locomo_conv-42_qa106 失败: Error code: 400 - {'error': {'message': 'Access denied, please make sure your account is i
    ⚠ locomo_conv-42_qa115 失败: Error code: 400 - {'error': {'message': 'Access denied, please make sure your account is i
    ⚠ locomo_conv-42_qa110 失败: Error code: 400 - {'error': {'message': 'Access denied, please make sure your account is i
    ⚠ locomo_conv-42_qa109 失败: Error code: 400 - {'error': {'message': 'Access denied, please make sure your account is i
    ⚠ locomo_conv-42_qa116 失败: Error code: 400 - {'error': {'message': 'Access denied, please make sure your account is i
    ⚠ locomo_conv-42_qa113 失败: Error code: 400 - {'error': {'message': 'Access denied, please make sure your account is i
    ⚠ locomo_conv-42_qa118 失败: Error code: 400 - {'error': {'message': 'Access denied, please make sure your account is i
    ⚠ locomo_conv-42_qa119 失败: Error code: 400 - {'error': {'message': 'Access denied, please make sure your account is i
    ⚠ locomo_conv-42_qa120 失败: Error code: 400 - {'error': {'message': 'Access denied, please make sure your account is i
    ⚠ locomo_conv-42_qa123 失败: Error code: 400 - {'error': {'message': 'Access denied, please make sure your account is i
    ⚠ locomo_conv-42_qa122 失败: Error code: 400 - {'error': {'message': 'Access denied, please make sure your account is i
    ⚠ locomo_conv-42_qa12 失败: Error code: 400 - {'error': {'message': 'Access denied, please make sure your account is i
    ⚠ locomo_conv-42_qa126 失败: Error code: 400 - {'error': {'message': 'Access denied, please make sure your account is i
    ⚠ locomo_conv-42_qa13 失败: Error code: 400 - {'error': {'message': 'Access denied, please make sure your account is i
    ⚠ locomo_conv-42_qa138 失败: Error code: 400 - {'error': {'message': 'Access denied, please make sure your account is i
    ⚠ locomo_conv-42_qa140 失败: Error code: 400 - {'error': {'message': 'Access denied, please make sure your account is i
    ⚠ locomo_conv-42_qa144 失败: Error code: 400 - {'error': {'message': 'Access denied, please make sure your account is i
    ⚠ locomo_conv-42_qa146 失败: Error code: 400 - {'error': {'message': 'Access denied, please make sure your account is i
    ⚠ locomo_conv-42_qa141 失败: Error code: 400 - {'error': {'message': 'Access denied, please make sure your account is i
    ⚠ locomo_conv-42_qa14 失败: Error code: 400 - {'error': {'message': 'Access denied, please make sure your account is i
    ⚠ locomo_conv-42_qa15 失败: Error code: 400 - {'error': {'message': 'Access denied, please make sure your account is i
    ⚠ locomo_conv-42_qa151 失败: Error code: 400 - {'error': {'message': 'Access denied, please make sure your account is i
    ⚠ locomo_conv-42_qa150 失败: Error code: 400 - {'error': {'message': 'Access denied, please make sure your account is i
    ⚠ locomo_conv-42_qa154 失败: Error code: 400 - {'error': {'message': 'Access denied, please make sure your account is i
    ⚠ locomo_conv-42_qa155 失败: Error code: 400 - {'error': {'message': 'Access denied, please make sure your account is i
    ⚠ locomo_conv-42_qa152 失败: Error code: 400 - {'error': {'message': 'Access denied, please make sure your account is i
    ⚠ locomo_conv-42_qa156 失败: Error code: 400 - {'error': {'message': 'Access denied, please make sure your account is i
    ⚠ locomo_conv-42_qa165 失败: Error code: 400 - {'error': {'message': 'Access denied, please make sure your account is i
    ⚠ locomo_conv-42_qa163 失败: Error code: 400 - {'error': {'message': 'Access denied, please make sure your account is i
    ⚠ locomo_conv-42_qa158 失败: Error code: 400 - {'error': {'message': 'Access denied, please make sure your account is i
    ⚠ locomo_conv-42_qa16 失败: Error code: 400 - {'error': {'message': 'Access denied, please make sure your account is i
    ⚠ locomo_conv-42_qa167 失败: Error code: 400 - {'error': {'message': 'Access denied, please make sure your account is i
    ⚠ locomo_conv-42_qa170 失败: Error code: 400 - {'error': {'message': 'Access denied, please make sure your account is i
    ⚠ locomo_conv-42_qa173 失败: Error code: 400 - {'error': {'message': 'Access denied, please make sure your account is i
    ⚠ locomo_conv-42_qa174 失败: Error code: 400 - {'error': {'message': 'Access denied, please make sure your account is i
    ⚠ locomo_conv-42_qa169 失败: Error code: 400 - {'error': {'message': 'Access denied, please make sure your account is i
    ⚠ locomo_conv-42_qa176 失败: Error code: 400 - {'error': {'message': 'Access denied, please make sure your account is i
    ⚠ locomo_conv-42_qa179 失败: Error code: 400 - {'error': {'message': 'Access denied, please make sure your account is i
    ⚠ locomo_conv-42_qa177 失败: Error code: 400 - {'error': {'message': 'Access denied, please make sure your account is i
    ⚠ locomo_conv-42_qa18 失败: Error code: 400 - {'error': {'message': 'Access denied, please make sure your account is i
    ⚠ locomo_conv-42_qa180 失败: Error code: 400 - {'error': {'message': 'Access denied, please make sure your account is i
    ⚠ locomo_conv-42_qa181 失败: Error code: 400 - {'error': {'message': 'Access denied, please make sure your account is i
    ⚠ locomo_conv-42_qa186 失败: Error code: 400 - {'error': {'message': 'Access denied, please make sure your account is i
    ⚠ locomo_conv-42_qa185 失败: Error code: 400 - {'error': {'message': 'Access denied, please make sure your account is i
    ⚠ locomo_conv-42_qa188 失败: Error code: 400 - {'error': {'message': 'Access denied, please make sure your account is i
    ⚠ locomo_conv-42_qa187 失败: Error code: 400 - {'error': {'message': 'Access denied, please make sure your account is i
    ⚠ locomo_conv-42_qa190 失败: Error code: 400 - {'error': {'message': 'Access denied, please make sure your account is i
    ⚠ locomo_conv-42_qa191 失败: Error code: 400 - {'error': {'message': 'Access denied, please make sure your account is i
    ⚠ locomo_conv-42_qa193 失败: Error code: 400 - {'error': {'message': 'Access denied, please make sure your account is i
    ⚠ locomo_conv-42_qa192 失败: Error code: 400 - {'error': {'message': 'Access denied, please make sure your account is i
    ⚠ locomo_conv-42_qa195 失败: Error code: 400 - {'error': {'message': 'Access denied, please make sure your account is i
    ⚠ locomo_conv-42_qa196 失败: Error code: 400 - {'error': {'message': 'Access denied, please make sure your account is i
    ⚠ locomo_conv-42_qa2 失败: Error code: 400 - {'error': {'message': 'Access denied, please make sure your account is i
    ⚠ locomo_conv-42_qa20 失败: Error code: 400 - {'error': {'message': 'Access denied, please make sure your account is i
    ⚠ locomo_conv-42_qa21 失败: Error code: 400 - {'error': {'message': 'Access denied, please make sure your account is i
    ⚠ locomo_conv-42_qa23 失败: Error code: 400 - {'error': {'message': 'Access denied, please make sure your account is i
    ⚠ locomo_conv-42_qa24 失败: Error code: 400 - {'error': {'message': 'Access denied, please make sure your account is i
    ⚠ locomo_conv-42_qa22 失败: Error code: 400 - {'error': {'message': 'Access denied, please make sure your account is i
    ⚠ locomo_conv-42_qa25 失败: Error code: 400 - {'error': {'message': 'Access denied, please make sure your account is i
    ⚠ locomo_conv-42_qa3 失败: Error code: 400 - {'error': {'message': 'Access denied, please make sure your account is i
    ⚠ locomo_conv-42_qa26 失败: Error code: 400 - {'error': {'message': 'Access denied, please make sure your account is i
    ⚠ locomo_conv-42_qa30 失败: Error code: 400 - {'error': {'message': 'Access denied, please make sure your account is i
    ⚠ locomo_conv-42_qa29 失败: Error code: 400 - {'error': {'message': 'Access denied, please make sure your account is i
    ⚠ locomo_conv-42_qa32 失败: Error code: 400 - {'error': {'message': 'Access denied, please make sure your account is i
    ⚠ locomo_conv-42_qa34 失败: Error code: 400 - {'error': {'message': 'Access denied, please make sure your account is i
    ⚠ locomo_conv-42_qa33 失败: Error code: 400 - {'error': {'message': 'Access denied, please make sure your account is i
    ⚠ locomo_conv-42_qa35 失败: Error code: 400 - {'error': {'message': 'Access denied, please make sure your account is i
    ⚠ locomo_conv-42_qa37 失败: Error code: 400 - {'error': {'message': 'Access denied, please make sure your account is i
    ⚠ locomo_conv-42_qa38 失败: Error code: 400 - {'error': {'message': 'Access denied, please make sure your account is i
    ⚠ locomo_conv-42_qa4 失败: Error code: 400 - {'error': {'message': 'Access denied, please make sure your account is i
    ⚠ locomo_conv-42_qa36 失败: Error code: 400 - {'error': {'message': 'Access denied, please make sure your account is i
    ⚠ locomo_conv-42_qa42 失败: Error code: 400 - {'error': {'message': 'Access denied, please make sure your account is i
    ⚠ locomo_conv-42_qa40 失败: Error code: 400 - {'error': {'message': 'Access denied, please make sure your account is i
    ⚠ locomo_conv-42_qa5 失败: Error code: 400 - {'error': {'message': 'Access denied, please make sure your account is i
    ⚠ locomo_conv-42_qa45 失败: Error code: 400 - {'error': {'message': 'Access denied, please make sure your account is i
    ⚠ locomo_conv-42_qa43 失败: Error code: 400 - {'error': {'message': 'Access denied, please make sure your account is i
    ⚠ locomo_conv-42_qa50 失败: Error code: 400 - {'error': {'message': 'Access denied, please make sure your account is i
    ⚠ locomo_conv-42_qa51 失败: Error code: 400 - {'error': {'message': 'Access denied, please make sure your account is i
    ⚠ locomo_conv-42_qa53 失败: Error code: 400 - {'error': {'message': 'Access denied, please make sure your account is i
    评测 300/616 (3s)
    ⚠ locomo_conv-42_qa54 失败: Error code: 400 - {'error': {'message': 'Access denied, please make sure your account is i
    ⚠ locomo_conv-42_qa52 失败: Error code: 400 - {'error': {'message': 'Access denied, please make sure your account is i
    ⚠ locomo_conv-42_qa58 失败: Error code: 400 - {'error': {'message': 'Access denied, please make sure your account is i
    ⚠ locomo_conv-42_qa55 失败: Error code: 400 - {'error': {'message': 'Access denied, please make sure your account is i
    ⚠ locomo_conv-42_qa59 失败: Error code: 400 - {'error': {'message': 'Access denied, please make sure your account is i
    ⚠ locomo_conv-42_qa63 失败: Error code: 400 - {'error': {'message': 'Access denied, please make sure your account is i
    ⚠ locomo_conv-42_qa60 失败: Error code: 400 - {'error': {'message': 'Access denied, please make sure your account is i
    ⚠ locomo_conv-42_qa61 失败: Error code: 400 - {'error': {'message': 'Access denied, please make sure your account is i
    ⚠ locomo_conv-42_qa68 失败: Error code: 400 - {'error': {'message': 'Access denied, please make sure your account is i
    ⚠ locomo_conv-42_qa65 失败: Error code: 400 - {'error': {'message': 'Access denied, please make sure your account is i
    ⚠ locomo_conv-42_qa66 失败: Error code: 400 - {'error': {'message': 'Access denied, please make sure your account is i
    ⚠ locomo_conv-42_qa67 失败: Error code: 400 - {'error': {'message': 'Access denied, please make sure your account is i
    ⚠ locomo_conv-42_qa7 失败: Error code: 400 - {'error': {'message': 'Access denied, please make sure your account is i
    ⚠ locomo_conv-42_qa70 失败: Error code: 400 - {'error': {'message': 'Access denied, please make sure your account is i
    ⚠ locomo_conv-42_qa73 失败: Error code: 400 - {'error': {'message': 'Access denied, please make sure your account is i
    ⚠ locomo_conv-42_qa71 失败: Error code: 400 - {'error': {'message': 'Access denied, please make sure your account is i
    ⚠ locomo_conv-42_qa77 失败: Error code: 400 - {'error': {'message': 'Access denied, please make sure your account is i
    ⚠ locomo_conv-42_qa74 失败: Error code: 400 - {'error': {'message': 'Access denied, please make sure your account is i
    ⚠ locomo_conv-42_qa81 失败: Error code: 400 - {'error': {'message': 'Access denied, please make sure your account is i
    ⚠ locomo_conv-42_qa78 失败: Error code: 400 - {'error': {'message': 'Access denied, please make sure your account is i
    ⚠ locomo_conv-42_qa8 失败: Error code: 400 - {'error': {'message': 'Access denied, please make sure your account is i
    ⚠ locomo_conv-42_qa83 失败: Error code: 400 - {'error': {'message': 'Access denied, please make sure your account is i
    ⚠ locomo_conv-42_qa79 失败: Error code: 400 - {'error': {'message': 'Access denied, please make sure your account is i
    ⚠ locomo_conv-42_qa84 失败: Error code: 400 - {'error': {'message': 'Access denied, please make sure your account is i
    ⚠ locomo_conv-42_qa85 失败: Error code: 400 - {'error': {'message': 'Access denied, please make sure your account is i
    ⚠ locomo_conv-42_qa91 失败: Error code: 400 - {'error': {'message': 'Access denied, please make sure your account is i
    ⚠ locomo_conv-42_qa90 失败: Error code: 400 - {'error': {'message': 'Access denied, please make sure your account is i
    ⚠ locomo_conv-42_qa92 失败: Error code: 400 - {'error': {'message': 'Access denied, please make sure your account is i
    ⚠ locomo_conv-42_qa94 失败: Error code: 400 - {'error': {'message': 'Access denied, please make sure your account is i
    ⚠ locomo_conv-42_qa97 失败: Error code: 400 - {'error': {'message': 'Access denied, please make sure your account is i
    ⚠ locomo_conv-42_qa99 失败: Error code: 400 - {'error': {'message': 'Access denied, please make sure your account is i
    ⚠ locomo_conv-42_qa95 失败: Error code: 400 - {'error': {'message': 'Access denied, please make sure your account is i
    ⚠ locomo_conv-43_qa10 失败: Error code: 400 - {'error': {'message': 'Access denied, please make sure your account is i
    ⚠ locomo_conv-43_qa1 失败: Error code: 400 - {'error': {'message': 'Access denied, please make sure your account is i
    ⚠ locomo_conv-43_qa0 失败: Error code: 400 - {'error': {'message': 'Access denied, please make sure your account is i
    ⚠ locomo_conv-43_qa100 失败: Error code: 400 - {'error': {'message': 'Access denied, please make sure your account is i
    ⚠ locomo_conv-43_qa108 失败: Error code: 400 - {'error': {'message': 'Access denied, please make sure your account is i
    ⚠ locomo_conv-43_qa101 失败: Error code: 400 - {'error': {'message': 'Access denied, please make sure your account is i
    ⚠ locomo_conv-43_qa102 失败: Error code: 400 - {'error': {'message': 'Access denied, please make sure your account is i
    ⚠ locomo_conv-43_qa106 失败: Error code: 400 - {'error': {'message': 'Access denied, please make sure your account is i
    ⚠ locomo_conv-43_qa111 失败: Error code: 400 - {'error': {'message': 'Access denied, please make sure your account is i
    ⚠ locomo_conv-43_qa116 失败: Error code: 400 - {'error': {'message': 'Access denied, please make sure your account is i
    ⚠ locomo_conv-43_qa117 失败: Error code: 400 - {'error': {'message': 'Access denied, please make sure your account is i
    ⚠ locomo_conv-43_qa113 失败: Error code: 400 - {'error': {'message': 'Access denied, please make sure your account is i
    ⚠ locomo_conv-43_qa112 失败: Error code: 400 - {'error': {'message': 'Access denied, please make sure your account is i
    ⚠ locomo_conv-43_qa120 失败: Error code: 400 - {'error': {'message': 'Access denied, please make sure your account is i
    ⚠ locomo_conv-43_qa121 失败: Error code: 400 - {'error': {'message': 'Access denied, please make sure your account is i
    ⚠ locomo_conv-43_qa128 失败: Error code: 400 - {'error': {'message': 'Access denied, please make sure your account is i
    ⚠ locomo_conv-43_qa123 失败: Error code: 400 - {'error': {'message': 'Access denied, please make sure your account is i
    ⚠ locomo_conv-43_qa126 失败: Error code: 400 - {'error': {'message': 'Access denied, please make sure your account is i
    ⚠ locomo_conv-43_qa127 失败: Error code: 400 - {'error': {'message': 'Access denied, please make sure your account is i
    ⚠ locomo_conv-43_qa130 失败: Error code: 400 - {'error': {'message': 'Access denied, please make sure your account is i
    ⚠ locomo_conv-43_qa131 失败: Error code: 400 - {'error': {'message': 'Access denied, please make sure your account is i
    ⚠ locomo_conv-43_qa132 失败: Error code: 400 - {'error': {'message': 'Access denied, please make sure your account is i
    ⚠ locomo_conv-43_qa134 失败: Error code: 400 - {'error': {'message': 'Access denied, please make sure your account is i
    ⚠ locomo_conv-43_qa133 失败: Error code: 400 - {'error': {'message': 'Access denied, please make sure your account is i
    ⚠ locomo_conv-43_qa136 失败: Error code: 400 - {'error': {'message': 'Access denied, please make sure your account is i
    ⚠ locomo_conv-43_qa139 失败: Error code: 400 - {'error': {'message': 'Access denied, please make sure your account is i
    ⚠ locomo_conv-43_qa140 失败: Error code: 400 - {'error': {'message': 'Access denied, please make sure your account is i
    ⚠ locomo_conv-43_qa141 失败: Error code: 400 - {'error': {'message': 'Access denied, please make sure your account is i
    ⚠ locomo_conv-43_qa138 失败: Error code: 400 - {'error': {'message': 'Access denied, please make sure your account is i
    ⚠ locomo_conv-43_qa14 失败: Error code: 400 - {'error': {'message': 'Access denied, please make sure your account is i
    ⚠ locomo_conv-43_qa15 失败: Error code: 400 - {'error': {'message': 'Access denied, please make sure your account is i
    ⚠ locomo_conv-43_qa152 失败: Error code: 400 - {'error': {'message': 'Access denied, please make sure your account is i
    ⚠ locomo_conv-43_qa144 失败: Error code: 400 - {'error': {'message': 'Access denied, please make sure your account is i
    ⚠ locomo_conv-43_qa151 失败: Error code: 400 - {'error': {'message': 'Access denied, please make sure your account is i
    ⚠ locomo_conv-43_qa148 失败: Error code: 400 - {'error': {'message': 'Access denied, please make sure your account is i
    ⚠ locomo_conv-43_qa154 失败: Error code: 400 - {'error': {'message': 'Access denied, please make sure your account is i
    ⚠ locomo_conv-43_qa16 失败: Error code: 400 - {'error': {'message': 'Access denied, please make sure your account is i
    ⚠ locomo_conv-43_qa157 失败: Error code: 400 - {'error': {'message': 'Access denied, please make sure your account is i
    ⚠ locomo_conv-43_qa158 失败: Error code: 400 - {'error': {'message': 'Access denied, please make sure your account is i
    ⚠ locomo_conv-43_qa156 失败: Error code: 400 - {'error': {'message': 'Access denied, please make sure your account is i
    ⚠ locomo_conv-43_qa164 失败: Error code: 400 - {'error': {'message': 'Access denied, please make sure your account is i
    ⚠ locomo_conv-43_qa168 失败: Error code: 400 - {'error': {'message': 'Access denied, please make sure your account is i
    ⚠ locomo_conv-43_qa167 失败: Error code: 400 - {'error': {'message': 'Access denied, please make sure your account is i
    ⚠ locomo_conv-43_qa165 失败: Error code: 400 - {'error': {'message': 'Access denied, please make sure your account is i
    ⚠ locomo_conv-43_qa169 失败: Error code: 400 - {'error': {'message': 'Access denied, please make sure your account is i
    ⚠ locomo_conv-43_qa17 失败: Error code: 400 - {'error': {'message': 'Access denied, please make sure your account is i
    ⚠ locomo_conv-43_qa171 失败: Error code: 400 - {'error': {'message': 'Access denied, please make sure your account is i
    ⚠ locomo_conv-43_qa174 失败: Error code: 400 - {'error': {'message': 'Access denied, please make sure your account is i
    ⚠ locomo_conv-43_qa175 失败: Error code: 400 - {'error': {'message': 'Access denied, please make sure your account is i
    ⚠ locomo_conv-43_qa176 失败: Error code: 400 - {'error': {'message': 'Access denied, please make sure your account is i
    ⚠ locomo_conv-43_qa19 失败: Error code: 400 - {'error': {'message': 'Access denied, please make sure your account is i
    ⚠ locomo_conv-43_qa18 失败: Error code: 400 - {'error': {'message': 'Access denied, please make sure your account is i
    ⚠ locomo_conv-43_qa2 失败: Error code: 400 - {'error': {'message': 'Access denied, please make sure your account is i
    ⚠ locomo_conv-43_qa23 失败: Error code: 400 - {'error': {'message': 'Access denied, please make sure your account is i
    ⚠ locomo_conv-43_qa25 失败: Error code: 400 - {'error': {'message': 'Access denied, please make sure your account is i
    ⚠ locomo_conv-43_qa27 失败: Error code: 400 - {'error': {'message': 'Access denied, please make sure your account is i
    ⚠ locomo_conv-43_qa26 失败: Error code: 400 - {'error': {'message': 'Access denied, please make sure your account is i
    ⚠ locomo_conv-43_qa28 失败: Error code: 400 - {'error': {'message': 'Access denied, please make sure your account is i
    ⚠ locomo_conv-43_qa3 失败: Error code: 400 - {'error': {'message': 'Access denied, please make sure your account is i
    ⚠ locomo_conv-43_qa30 失败: Error code: 400 - {'error': {'message': 'Access denied, please make sure your account is i
    ⚠ locomo_conv-43_qa31 失败: Error code: 400 - {'error': {'message': 'Access denied, please make sure your account is i
    ⚠ locomo_conv-43_qa32 失败: Error code: 400 - {'error': {'message': 'Access denied, please make sure your account is i
    ⚠ locomo_conv-43_qa35 失败: Error code: 400 - {'error': {'message': 'Access denied, please make sure your account is i
    ⚠ locomo_conv-43_qa34 失败: Error code: 400 - {'error': {'message': 'Access denied, please make sure your account is i
    ⚠ locomo_conv-43_qa37 失败: Error code: 400 - {'error': {'message': 'Access denied, please make sure your account is i
    ⚠ locomo_conv-43_qa4 失败: Error code: 400 - {'error': {'message': 'Access denied, please make sure your account is i
    ⚠ locomo_conv-43_qa40 失败: Error code: 400 - {'error': {'message': 'Access denied, please make sure your account is i
    ⚠ locomo_conv-43_qa39 失败: Error code: 400 - {'error': {'message': 'Access denied, please make sure your account is i
    ⚠ locomo_conv-43_qa41 失败: Error code: 400 - {'error': {'message': 'Access denied, please make sure your account is i
    ⚠ locomo_conv-43_qa42 失败: Error code: 400 - {'error': {'message': 'Access denied, please make sure your account is i
    ⚠ locomo_conv-43_qa43 失败: Error code: 400 - {'error': {'message': 'Access denied, please make sure your account is i
    ⚠ locomo_conv-43_qa44 失败: Error code: 400 - {'error': {'message': 'Access denied, please make sure your account is i
    ⚠ locomo_conv-43_qa47 失败: Error code: 400 - {'error': {'message': 'Access denied, please make sure your account is i
    ⚠ locomo_conv-43_qa45 失败: Error code: 400 - {'error': {'message': 'Access denied, please make sure your account is i
    ⚠ locomo_conv-43_qa5 失败: Error code: 400 - {'error': {'message': 'Access denied, please make sure your account is i
    ⚠ locomo_conv-43_qa48 失败: Error code: 400 - {'error': {'message': 'Access denied, please make sure your account is i
    ⚠ locomo_conv-43_qa49 失败: Error code: 400 - {'error': {'message': 'Access denied, please make sure your account is i
    ⚠ locomo_conv-43_qa51 失败: Error code: 400 - {'error': {'message': 'Access denied, please make sure your account is i
    ⚠ locomo_conv-43_qa50 失败: Error code: 400 - {'error': {'message': 'Access denied, please make sure your account is i
    ⚠ locomo_conv-43_qa52 失败: Error code: 400 - {'error': {'message': 'Access denied, please make sure your account is i
    ⚠ locomo_conv-43_qa54 失败: Error code: 400 - {'error': {'message': 'Access denied, please make sure your account is i
    ⚠ locomo_conv-43_qa53 失败: Error code: 400 - {'error': {'message': 'Access denied, please make sure your account is i
    ⚠ locomo_conv-43_qa55 失败: Error code: 400 - {'error': {'message': 'Access denied, please make sure your account is i
    ⚠ locomo_conv-43_qa56 失败: Error code: 400 - {'error': {'message': 'Access denied, please make sure your account is i
    ⚠ locomo_conv-43_qa57 失败: Error code: 400 - {'error': {'message': 'Access denied, please make sure your account is i
    ⚠ locomo_conv-43_qa60 失败: Error code: 400 - {'error': {'message': 'Access denied, please make sure your account is i
    ⚠ locomo_conv-43_qa6 失败: Error code: 400 - {'error': {'message': 'Access denied, please make sure your account is i
    ⚠ locomo_conv-43_qa63 失败: Error code: 400 - {'error': {'message': 'Access denied, please make sure your account is i
    ⚠ locomo_conv-43_qa61 失败: Error code: 400 - {'error': {'message': 'Access denied, please make sure your account is i
    ⚠ locomo_conv-43_qa66 失败: Error code: 400 - {'error': {'message': 'Access denied, please make sure your account is i
    ⚠ locomo_conv-43_qa65 失败: Error code: 400 - {'error': {'message': 'Access denied, please make sure your account is i
    ⚠ locomo_conv-43_qa67 失败: Error code: 400 - {'error': {'message': 'Access denied, please make sure your account is i
    ⚠ locomo_conv-43_qa7 失败: Error code: 400 - {'error': {'message': 'Access denied, please make sure your account is i
    ⚠ locomo_conv-43_qa70 失败: Error code: 400 - {'error': {'message': 'Access denied, please make sure your account is i
    ⚠ locomo_conv-43_qa74 失败: Error code: 400 - {'error': {'message': 'Access denied, please make sure your account is i
    ⚠ locomo_conv-43_qa75 失败: Error code: 400 - {'error': {'message': 'Access denied, please make sure your account is i
    ⚠ locomo_conv-43_qa76 失败: Error code: 400 - {'error': {'message': 'Access denied, please make sure your account is i
    ⚠ locomo_conv-43_qa78 失败: Error code: 400 - {'error': {'message': 'Access denied, please make sure your account is i
    ⚠ locomo_conv-43_qa79 失败: Error code: 400 - {'error': {'message': 'Access denied, please make sure your account is i
    ⚠ locomo_conv-43_qa8 失败: Error code: 400 - {'error': {'message': 'Access denied, please make sure your account is i
    ⚠ locomo_conv-43_qa81 失败: Error code: 400 - {'error': {'message': 'Access denied, please make sure your account is i
    ⚠ locomo_conv-43_qa82 失败: Error code: 400 - {'error': {'message': 'Access denied, please make sure your account is i
    ⚠ locomo_conv-43_qa85 失败: Error code: 400 - {'error': {'message': 'Access denied, please make sure your account is i
    ⚠ locomo_conv-43_qa86 失败: Error code: 400 - {'error': {'message': 'Access denied, please make sure your account is i
    ⚠ locomo_conv-43_qa87 失败: Error code: 400 - {'error': {'message': 'Access denied, please make sure your account is i
    ⚠ locomo_conv-43_qa88 失败: Error code: 400 - {'error': {'message': 'Access denied, please make sure your account is i
    ⚠ locomo_conv-43_qa91 失败: Error code: 400 - {'error': {'message': 'Access denied, please make sure your account is i
    ⚠ locomo_conv-43_qa9 失败: Error code: 400 - {'error': {'message': 'Access denied, please make sure your account is i
    ⚠ locomo_conv-43_qa92 失败: Error code: 400 - {'error': {'message': 'Access denied, please make sure your account is i
    ⚠ locomo_conv-43_qa94 失败: Error code: 400 - {'error': {'message': 'Access denied, please make sure your account is i
    ⚠ locomo_conv-43_qa95 失败: Error code: 400 - {'error': {'message': 'Access denied, please make sure your account is i
    ⚠ locomo_conv-43_qa98 失败: Error code: 400 - {'error': {'message': 'Access denied, please make sure your account is i
    ⚠ locomo_conv-43_qa99 失败: Error code: 400 - {'error': {'message': 'Access denied, please make sure your account is i
    ⚠ locomo_conv-44_qa0 失败: Error code: 400 - {'error': {'message': 'Access denied, please make sure your account is i
    ⚠ locomo_conv-44_qa100 失败: Error code: 400 - {'error': {'message': 'Access denied, please make sure your account is i
    ⚠ locomo_conv-44_qa1 失败: Error code: 400 - {'error': {'message': 'Access denied, please make sure your account is i
    ⚠ locomo_conv-44_qa101 失败: Error code: 400 - {'error': {'message': 'Access denied, please make sure your account is i
    ⚠ locomo_conv-44_qa102 失败: Error code: 400 - {'error': {'message': 'Access denied, please make sure your account is i
    评测 450/616 (4s)
    ⚠ locomo_conv-44_qa103 失败: Error code: 400 - {'error': {'message': 'Access denied, please make sure your account is i
    ⚠ locomo_conv-44_qa109 失败: Error code: 400 - {'error': {'message': 'Access denied, please make sure your account is i
    ⚠ locomo_conv-44_qa11 失败: Error code: 400 - {'error': {'message': 'Access denied, please make sure your account is i
    ⚠ locomo_conv-44_qa110 失败: Error code: 400 - {'error': {'message': 'Access denied, please make sure your account is i
    ⚠ locomo_conv-44_qa113 失败: Error code: 400 - {'error': {'message': 'Access denied, please make sure your account is i
    ⚠ locomo_conv-44_qa115 失败: Error code: 400 - {'error': {'message': 'Access denied, please make sure your account is i
    ⚠ locomo_conv-44_qa118 失败: Error code: 400 - {'error': {'message': 'Access denied, please make sure your account is i
    ⚠ locomo_conv-44_qa119 失败: Error code: 400 - {'error': {'message': 'Access denied, please make sure your account is i
    ⚠ locomo_conv-44_qa120 失败: Error code: 400 - {'error': {'message': 'Access denied, please make sure your account is i
    ⚠ locomo_conv-44_qa122 失败: Error code: 400 - {'error': {'message': 'Access denied, please make sure your account is i
    ⚠ locomo_conv-44_qa14 失败: Error code: 400 - {'error': {'message': 'Access denied, please make sure your account is i
    ⚠ locomo_conv-44_qa13 失败: Error code: 400 - {'error': {'message': 'Access denied, please make sure your account is i
    ⚠ locomo_conv-44_qa15 失败: Error code: 400 - {'error': {'message': 'Access denied, please make sure your account is i
    ⚠ locomo_conv-44_qa16 失败: Error code: 400 - {'error': {'message': 'Access denied, please make sure your account is i
    ⚠ locomo_conv-44_qa17 失败: Error code: 400 - {'error': {'message': 'Access denied, please make sure your account is i
    ⚠ locomo_conv-44_qa19 失败: Error code: 400 - {'error': {'message': 'Access denied, please make sure your account is i
    ⚠ locomo_conv-44_qa20 失败: Error code: 400 - {'error': {'message': 'Access denied, please make sure your account is i
    ⚠ locomo_conv-44_qa2 失败: Error code: 400 - {'error': {'message': 'Access denied, please make sure your account is i
    ⚠ locomo_conv-44_qa21 失败: Error code: 400 - {'error': {'message': 'Access denied, please make sure your account is i
    ⚠ locomo_conv-44_qa22 失败: Error code: 400 - {'error': {'message': 'Access denied, please make sure your account is i
    ⚠ locomo_conv-44_qa24 失败: Error code: 400 - {'error': {'message': 'Access denied, please make sure your account is i
    ⚠ locomo_conv-44_qa25 失败: Error code: 400 - {'error': {'message': 'Access denied, please make sure your account is i
    ⚠ locomo_conv-44_qa3 失败: Error code: 400 - {'error': {'message': 'Access denied, please make sure your account is i
    ⚠ locomo_conv-44_qa30 失败: Error code: 400 - {'error': {'message': 'Access denied, please make sure your account is i
    ⚠ locomo_conv-44_qa31 失败: Error code: 400 - {'error': {'message': 'Access denied, please make sure your account is i
    ⚠ locomo_conv-44_qa33 失败: Error code: 400 - {'error': {'message': 'Access denied, please make sure your account is i
    ⚠ locomo_conv-44_qa35 失败: Error code: 400 - {'error': {'message': 'Access denied, please make sure your account is i
    ⚠ locomo_conv-44_qa34 失败: Error code: 400 - {'error': {'message': 'Access denied, please make sure your account is i
    ⚠ locomo_conv-42_qa148 失败: Error code: 400 - {'error': {'message': 'Access denied, please make sure your account is i
    ⚠ locomo_conv-44_qa4 失败: Error code: 400 - {'error': {'message': 'Access denied, please make sure your account is i
    ⚠ locomo_conv-44_qa37 失败: Error code: 400 - {'error': {'message': 'Access denied, please make sure your account is i
    ⚠ locomo_conv-44_qa39 失败: Error code: 400 - {'error': {'message': 'Access denied, please make sure your account is i
    ⚠ locomo_conv-44_qa43 失败: Error code: 400 - {'error': {'message': 'Access denied, please make sure your account is i
    ⚠ locomo_conv-44_qa41 失败: Error code: 400 - {'error': {'message': 'Access denied, please make sure your account is i
    ⚠ locomo_conv-44_qa44 失败: Error code: 400 - {'error': {'message': 'Access denied, please make sure your account is i
    ⚠ locomo_conv-44_qa47 失败: Error code: 400 - {'error': {'message': 'Access denied, please make sure your account is i
    ⚠ locomo_conv-44_qa48 失败: Error code: 400 - {'error': {'message': 'Access denied, please make sure your account is i
    ⚠ locomo_conv-44_qa5 失败: Error code: 400 - {'error': {'message': 'Access denied, please make sure your account is i
    ⚠ locomo_conv-44_qa52 失败: Error code: 400 - {'error': {'message': 'Access denied, please make sure your account is i
    ⚠ locomo_conv-44_qa50 失败: Error code: 400 - {'error': {'message': 'Access denied, please make sure your account is i
    ⚠ locomo_conv-44_qa53 失败: Error code: 400 - {'error': {'message': 'Access denied, please make sure your account is i
    ⚠ locomo_conv-44_qa55 失败: Error code: 400 - {'error': {'message': 'Access denied, please make sure your account is i
    ⚠ locomo_conv-44_qa56 失败: Error code: 400 - {'error': {'message': 'Access denied, please make sure your account is i
    ⚠ locomo_conv-44_qa54 失败: Error code: 400 - {'error': {'message': 'Access denied, please make sure your account is i
    ⚠ locomo_conv-44_qa58 失败: Error code: 400 - {'error': {'message': 'Access denied, please make sure your account is i
    ⚠ locomo_conv-44_qa59 失败: Error code: 400 - {'error': {'message': 'Access denied, please make sure your account is i
    ⚠ locomo_conv-44_qa6 失败: Error code: 400 - {'error': {'message': 'Access denied, please make sure your account is i
    ⚠ locomo_conv-44_qa68 失败: Error code: 400 - {'error': {'message': 'Access denied, please make sure your account is i
    ⚠ locomo_conv-44_qa65 失败: Error code: 400 - {'error': {'message': 'Access denied, please make sure your account is i
    ⚠ locomo_conv-44_qa7 失败: Error code: 400 - {'error': {'message': 'Access denied, please make sure your account is i
    ⚠ locomo_conv-44_qa70 失败: Error code: 400 - {'error': {'message': 'Access denied, please make sure your account is i
    ⚠ locomo_conv-44_qa72 失败: Error code: 400 - {'error': {'message': 'Access denied, please make sure your account is i
    ⚠ locomo_conv-44_qa73 失败: Error code: 400 - {'error': {'message': 'Access denied, please make sure your account is i
    ⚠ locomo_conv-44_qa74 失败: Error code: 400 - {'error': {'message': 'Access denied, please make sure your account is i
    ⚠ locomo_conv-44_qa75 失败: Error code: 400 - {'error': {'message': 'Access denied, please make sure your account is i
    ⚠ locomo_conv-44_qa83 失败: Error code: 400 - {'error': {'message': 'Access denied, please make sure your account is i
    ⚠ locomo_conv-44_qa79 失败: Error code: 400 - {'error': {'message': 'Access denied, please make sure your account is i
    ⚠ locomo_conv-44_qa85 失败: Error code: 400 - {'error': {'message': 'Access denied, please make sure your account is i
    ⚠ locomo_conv-44_qa86 失败: Error code: 400 - {'error': {'message': 'Access denied, please make sure your account is i
    ⚠ locomo_conv-44_qa88 失败: Error code: 400 - {'error': {'message': 'Access denied, please make sure your account is i
    ⚠ locomo_conv-44_qa9 失败: Error code: 400 - {'error': {'message': 'Access denied, please make sure your account is i
    ⚠ locomo_conv-44_qa90 失败: Error code: 400 - {'error': {'message': 'Access denied, please make sure your account is i
    ⚠ locomo_conv-44_qa92 失败: Error code: 400 - {'error': {'message': 'Access denied, please make sure your account is i
    ⚠ locomo_conv-44_qa93 失败: Error code: 400 - {'error': {'message': 'Access denied, please make sure your account is i
    ⚠ locomo_conv-44_qa96 失败: Error code: 400 - {'error': {'message': 'Access denied, please make sure your account is i
    ⚠ locomo_conv-44_qa95 失败: Error code: 400 - {'error': {'message': 'Access denied, please make sure your account is i
    ⚠ locomo_conv-44_qa98 失败: Error code: 400 - {'error': {'message': 'Access denied, please make sure your account is i
    ⚠ locomo_conv-44_qa97 失败: Error code: 400 - {'error': {'message': 'Access denied, please make sure your account is i
    ⚠ locomo_conv-47_qa0 失败: Error code: 400 - {'error': {'message': 'Access denied, please make sure your account is i
    ⚠ locomo_conv-47_qa10 失败: Error code: 400 - {'error': {'message': 'Access denied, please make sure your account is i
    ⚠ locomo_conv-47_qa101 失败: Error code: 400 - {'error': {'message': 'Access denied, please make sure your account is i
    ⚠ locomo_conv-47_qa107 失败: Error code: 400 - {'error': {'message': 'Access denied, please make sure your account is i
    ⚠ locomo_conv-47_qa104 失败: Error code: 400 - {'error': {'message': 'Access denied, please make sure your account is i
    ⚠ locomo_conv-47_qa108 失败: Error code: 400 - {'error': {'message': 'Access denied, please make sure your account is i
    ⚠ locomo_conv-47_qa109 失败: Error code: 400 - {'error': {'message': 'Access denied, please make sure your account is i
    ⚠ locomo_conv-47_qa11 失败: Error code: 400 - {'error': {'message': 'Access denied, please make sure your account is i
    ⚠ locomo_conv-47_qa110 失败: Error code: 400 - {'error': {'message': 'Access denied, please make sure your account is i
    ⚠ locomo_conv-47_qa113 失败: Error code: 400 - {'error': {'message': 'Access denied, please make sure your account is i
    ⚠ locomo_conv-47_qa114 失败: Error code: 400 - {'error': {'message': 'Access denied, please make sure your account is i
    ⚠ locomo_conv-47_qa118 失败: Error code: 400 - {'error': {'message': 'Access denied, please make sure your account is i
    ⚠ locomo_conv-47_qa12 失败: Error code: 400 - {'error': {'message': 'Access denied, please make sure your account is i
    ⚠ locomo_conv-47_qa117 失败: Error code: 400 - {'error': {'message': 'Access denied, please make sure your account is i
    ⚠ locomo_conv-47_qa124 失败: Error code: 400 - {'error': {'message': 'Access denied, please make sure your account is i
    ⚠ locomo_conv-47_qa126 失败: Error code: 400 - {'error': {'message': 'Access denied, please make sure your account is i
    ⚠ locomo_conv-47_qa125 失败: Error code: 400 - {'error': {'message': 'Access denied, please make sure your account is i
    ⚠ locomo_conv-47_qa128 失败: Error code: 400 - {'error': {'message': 'Access denied, please make sure your account is i
    ⚠ locomo_conv-47_qa131 失败: Error code: 400 - {'error': {'message': 'Access denied, please make sure your account is i
    ⚠ locomo_conv-47_qa130 失败: Error code: 400 - {'error': {'message': 'Access denied, please make sure your account is i
    ⚠ locomo_conv-47_qa13 失败: Error code: 400 - {'error': {'message': 'Access denied, please make sure your account is i
    ⚠ locomo_conv-47_qa134 失败: Error code: 400 - {'error': {'message': 'Access denied, please make sure your account is i
    ⚠ locomo_conv-47_qa137 失败: Error code: 400 - {'error': {'message': 'Access denied, please make sure your account is i
    ⚠ locomo_conv-47_qa139 失败: Error code: 400 - {'error': {'message': 'Access denied, please make sure your account is i
    ⚠ locomo_conv-47_qa14 失败: Error code: 400 - {'error': {'message': 'Access denied, please make sure your account is i
    ⚠ locomo_conv-47_qa144 失败: Error code: 400 - {'error': {'message': 'Access denied, please make sure your account is i
    ⚠ locomo_conv-47_qa146 失败: Error code: 400 - {'error': {'message': 'Access denied, please make sure your account is i
    ⚠ locomo_conv-47_qa143 失败: Error code: 400 - {'error': {'message': 'Access denied, please make sure your account is i
    ⚠ locomo_conv-47_qa148 失败: Error code: 400 - {'error': {'message': 'Access denied, please make sure your account is i
    ⚠ locomo_conv-47_qa15 失败: Error code: 400 - {'error': {'message': 'Access denied, please make sure your account is i
    ⚠ locomo_conv-47_qa16 失败: Error code: 400 - {'error': {'message': 'Access denied, please make sure your account is i
    ⚠ locomo_conv-47_qa17 失败: Error code: 400 - {'error': {'message': 'Access denied, please make sure your account is i
    ⚠ locomo_conv-47_qa18 失败: Error code: 400 - {'error': {'message': 'Access denied, please make sure your account is i
    ⚠ locomo_conv-47_qa19 失败: Error code: 400 - {'error': {'message': 'Access denied, please make sure your account is i
    ⚠ locomo_conv-47_qa2 失败: Error code: 400 - {'error': {'message': 'Access denied, please make sure your account is i
    ⚠ locomo_conv-47_qa21 失败: Error code: 400 - {'error': {'message': 'Access denied, please make sure your account is i
    ⚠ locomo_conv-47_qa22 失败: Error code: 400 - {'error': {'message': 'Access denied, please make sure your account is i
    ⚠ locomo_conv-47_qa23 失败: Error code: 400 - {'error': {'message': 'Access denied, please make sure your account is i
    ⚠ locomo_conv-43_qa166 失败: Error code: 400 - {'error': {'message': 'Access denied, please make sure your account is i
    ⚠ locomo_conv-47_qa25 失败: Error code: 400 - {'error': {'message': 'Access denied, please make sure your account is i
    ⚠ locomo_conv-47_qa26 失败: Error code: 400 - {'error': {'message': 'Access denied, please make sure your account is i
    ⚠ locomo_conv-47_qa29 失败: Error code: 400 - {'error': {'message': 'Access denied, please make sure your account is i
    ⚠ locomo_conv-47_qa30 失败: Error code: 400 - {'error': {'message': 'Access denied, please make sure your account is i
    ⚠ locomo_conv-47_qa31 失败: Error code: 400 - {'error': {'message': 'Access denied, please make sure your account is i
    ⚠ locomo_conv-47_qa32 失败: Error code: 400 - {'error': {'message': 'Access denied, please make sure your account is i
    ⚠ locomo_conv-47_qa33 失败: Error code: 400 - {'error': {'message': 'Access denied, please make sure your account is i
    ⚠ locomo_conv-47_qa36 失败: Error code: 400 - {'error': {'message': 'Access denied, please make sure your account is i
    ⚠ locomo_conv-47_qa35 失败: Error code: 400 - {'error': {'message': 'Access denied, please make sure your account is i
    ⚠ locomo_conv-47_qa38 失败: Error code: 400 - {'error': {'message': 'Access denied, please make sure your account is i
    ⚠ locomo_conv-47_qa37 失败: Error code: 400 - {'error': {'message': 'Access denied, please make sure your account is i
    ⚠ locomo_conv-47_qa39 失败: Error code: 400 - {'error': {'message': 'Access denied, please make sure your account is i
    ⚠ locomo_conv-47_qa4 失败: Error code: 400 - {'error': {'message': 'Access denied, please make sure your account is i
    ⚠ locomo_conv-47_qa40 失败: Error code: 400 - {'error': {'message': 'Access denied, please make sure your account is i
    ⚠ locomo_conv-47_qa45 失败: Error code: 400 - {'error': {'message': 'Access denied, please make sure your account is i
    ⚠ locomo_conv-47_qa41 失败: Error code: 400 - {'error': {'message': 'Access denied, please make sure your account is i
    ⚠ locomo_conv-47_qa44 失败: Error code: 400 - {'error': {'message': 'Access denied, please make sure your account is i
    ⚠ locomo_conv-47_qa5 失败: Error code: 400 - {'error': {'message': 'Access denied, please make sure your account is i
    ⚠ locomo_conv-47_qa50 失败: Error code: 400 - {'error': {'message': 'Access denied, please make sure your account is i
    ⚠ locomo_conv-47_qa51 失败: Error code: 400 - {'error': {'message': 'Access denied, please make sure your account is i
    ⚠ locomo_conv-47_qa52 失败: Error code: 400 - {'error': {'message': 'Access denied, please make sure your account is i
    ⚠ locomo_conv-47_qa55 失败: Error code: 400 - {'error': {'message': 'Access denied, please make sure your account is i
    ⚠ locomo_conv-47_qa53 失败: Error code: 400 - {'error': {'message': 'Access denied, please make sure your account is i
    ⚠ locomo_conv-47_qa56 失败: Error code: 400 - {'error': {'message': 'Access denied, please make sure your account is i
    ⚠ locomo_conv-47_qa62 失败: Error code: 400 - {'error': {'message': 'Access denied, please make sure your account is i
    ⚠ locomo_conv-47_qa6 失败: Error code: 400 - {'error': {'message': 'Access denied, please make sure your account is i
    ⚠ locomo_conv-47_qa59 失败: Error code: 400 - {'error': {'message': 'Access denied, please make sure your account is i
    ⚠ locomo_conv-47_qa57 失败: Error code: 400 - {'error': {'message': 'Access denied, please make sure your account is i
    ⚠ locomo_conv-47_qa65 失败: Error code: 400 - {'error': {'message': 'Access denied, please make sure your account is i
    ⚠ locomo_conv-47_qa66 失败: Error code: 400 - {'error': {'message': 'Access denied, please make sure your account is i
    ⚠ locomo_conv-47_qa67 失败: Error code: 400 - {'error': {'message': 'Access denied, please make sure your account is i
    ⚠ locomo_conv-47_qa64 失败: Error code: 400 - {'error': {'message': 'Access denied, please make sure your account is i
    ⚠ locomo_conv-47_qa7 失败: Error code: 400 - {'error': {'message': 'Access denied, please make sure your account is i
    ⚠ locomo_conv-47_qa70 失败: Error code: 400 - {'error': {'message': 'Access denied, please make sure your account is i
    ⚠ locomo_conv-47_qa75 失败: Error code: 400 - {'error': {'message': 'Access denied, please make sure your account is i
    ⚠ locomo_conv-47_qa74 失败: Error code: 400 - {'error': {'message': 'Access denied, please make sure your account is i
    ⚠ locomo_conv-47_qa76 失败: Error code: 400 - {'error': {'message': 'Access denied, please make sure your account is i
    ⚠ locomo_conv-47_qa80 失败: Error code: 400 - {'error': {'message': 'Access denied, please make sure your account is i
    ⚠ locomo_conv-47_qa81 失败: Error code: 400 - {'error': {'message': 'Access denied, please make sure your account is i
    ⚠ locomo_conv-47_qa84 失败: Error code: 400 - {'error': {'message': 'Access denied, please make sure your account is i
    ⚠ locomo_conv-47_qa86 失败: Error code: 400 - {'error': {'message': 'Access denied, please make sure your account is i
    ⚠ locomo_conv-47_qa87 失败: Error code: 400 - {'error': {'message': 'Access denied, please make sure your account is i
    ⚠ locomo_conv-47_qa9 失败: Error code: 400 - {'error': {'message': 'Access denied, please make sure your account is i
    评测 600/616 (7s)
    ⚠ locomo_conv-47_qa89 失败: Error code: 400 - {'error': {'message': 'Access denied, please make sure your account is i
    ⚠ locomo_conv-47_qa88 失败: Error code: 400 - {'error': {'message': 'Access denied, please make sure your account is i
    ⚠ locomo_conv-47_qa92 失败: Error code: 400 - {'error': {'message': 'Access denied, please make sure your account is i
    ⚠ locomo_conv-47_qa94 失败: Error code: 400 - {'error': {'message': 'Access denied, please make sure your account is i
    ⚠ locomo_conv-47_qa97 失败: Error code: 400 - {'error': {'message': 'Access denied, please make sure your account is i
    ⚠ locomo_conv-26_qa112 失败: Error code: 400 - {'error': {'message': 'Access denied, please make sure your account is i
    ⚠ locomo_conv-47_qa96 失败: Error code: 400 - {'error': {'message': 'Access denied, please make sure your account is i
    ⚠ locomo_conv-26_qa113 失败: Error code: 400 - {'error': {'message': 'Access denied, please make sure your account is i
    ⚠ locomo_conv-26_qa114 失败: Error code: 400 - {'error': {'message': 'Access denied, please make sure your account is i
    ⚠ locomo_conv-26_qa115 失败: Error code: 400 - {'error': {'message': 'Access denied, please make sure your account is i
    ⚠ locomo_conv-26_qa107 失败: Error code: 400 - {'error': {'message': 'Access denied, please make sure your account is i
    ⚠ locomo_conv-26_qa110 失败: Error code: 400 - {'error': {'message': 'Access denied, please make sure your account is i
    ⚠ locomo_conv-26_qa109 失败: Error code: 400 - {'error': {'message': 'Access denied, please make sure your account is i
    ⚠ locomo_conv-26_qa11 失败: Error code: 400 - {'error': {'message': 'Access denied, please make sure your account is i
    ⚠ locomo_conv-43_qa58 失败: Error code: 400 - {'error': {'message': 'Access denied, please make sure your account is i
    ⚠ locomo_conv-43_qa38 失败: Error code: 400 - {'error': {'message': 'Access denied, please make sure your account is i
  → exact 0/0 (参考 0) Δ=+0 ↑0 ↓0 | {} | 9.9s

===== round r201_r012_rep: graphs=['s2'] retrieval={'per_node': 30} preset=official
    ⚠ locomo_conv-26_qa0 失败: Error code: 400 - {'error': {'message': 'Access denied, please make sure your account is i
    ⚠ locomo_conv-26_qa10 失败: Error code: 400 - {'error': {'message': 'Access denied, please make sure your account is i
    ⚠ locomo_conv-26_qa102 失败: Error code: 400 - {'error': {'message': 'Access denied, please make sure your account is i
    ⚠ locomo_conv-26_qa103 失败: Error code: 400 - {'error': {'message': 'Access denied, please make sure your account is i
    ⚠ locomo_conv-26_qa118 失败: Error code: 400 - {'error': {'message': 'Access denied, please make sure your account is i
    ⚠ locomo_conv-26_qa120 失败: Error code: 400 - {'error': {'message': 'Access denied, please make sure your account is i
    ⚠ locomo_conv-26_qa117 失败: Error code: 400 - {'error': {'message': 'Access denied, please make sure your account is i
    ⚠ locomo_conv-26_qa121 失败: Error code: 400 - {'error': {'message': 'Access denied, please make sure your account is i
    ⚠ locomo_conv-26_qa12 失败: Error code: 400 - {'error': {'message': 'Access denied, please make sure your account is i
    ⚠ locomo_conv-26_qa122 失败: Error code: 400 - {'error': {'message': 'Access denied, please make sure your account is i
    ⚠ locomo_conv-26_qa127 失败: Error code: 400 - {'error': {'message': 'Access denied, please make sure your account is i
    ⚠ locomo_conv-26_qa126 失败: Error code: 400 - {'error': {'message': 'Access denied, please make sure your account is i
    ⚠ locomo_conv-26_qa130 失败: Error code: 400 - {'error': {'message': 'Access denied, please make sure your account is i
    ⚠ locomo_conv-26_qa128 失败: Error code: 400 - {'error': {'message': 'Access denied, please make sure your account is i
    ⚠ locomo_conv-26_qa134 失败: Error code: 400 - {'error': {'message': 'Access denied, please make sure your account is i
    ⚠ locomo_conv-26_qa133 失败: Error code: 400 - {'error': {'message': 'Access denied, please make sure your account is i
    ⚠ locomo_conv-26_qa137 失败: Error code: 400 - {'error': {'message': 'Access denied, please make sure your account is i
    ⚠ locomo_conv-26_qa135 失败: Error code: 400 - {'error': {'message': 'Access denied, please make sure your account is i
    ⚠ locomo_conv-26_qa140 失败: Error code: 400 - {'error': {'message': 'Access denied, please make sure your account is i
    ⚠ locomo_conv-26_qa142 失败: Error code: 400 - {'error': {'message': 'Access denied, please make sure your account is i
    ⚠ locomo_conv-26_qa138 失败: Error code: 400 - {'error': {'message': 'Access denied, please make sure your account is i
    ⚠ locomo_conv-26_qa143 失败: Error code: 400 - {'error': {'message': 'Access denied, please make sure your account is i
    ⚠ locomo_conv-26_qa144 失败: Error code: 400 - {'error': {'message': 'Access denied, please make sure your account is i
    ⚠ locomo_conv-26_qa145 失败: Error code: 400 - {'error': {'message': 'Access denied, please make sure your account is i
    ⚠ locomo_conv-26_qa147 失败: Error code: 400 - {'error': {'message': 'Access denied, please make sure your account is i
    ⚠ locomo_conv-26_qa148 失败: Error code: 400 - {'error': {'message': 'Access denied, please make sure your account is i
    ⚠ locomo_conv-26_qa15 失败: Error code: 400 - {'error': {'message': 'Access denied, please make sure your account is i
    ⚠ locomo_conv-26_qa150 失败: Error code: 400 - {'error': {'message': 'Access denied, please make sure your account is i
    ⚠ locomo_conv-26_qa2 失败: Error code: 400 - {'error': {'message': 'Access denied, please make sure your account is i
    ⚠ locomo_conv-26_qa18 失败: Error code: 400 - {'error': {'message': 'Access denied, please make sure your account is i
    ⚠ locomo_conv-26_qa19 失败: Error code: 400 - {'error': {'message': 'Access denied, please make sure your account is i
    ⚠ locomo_conv-26_qa21 失败: Error code: 400 - {'error': {'message': 'Access denied, please make sure your account is i
    ⚠ locomo_conv-26_qa23 失败: Error code: 400 - {'error': {'message': 'Access denied, please make sure your account is i
    ⚠ locomo_conv-26_qa26 失败: Error code: 400 - {'error': {'message': 'Access denied, please make sure your account is i
    ⚠ locomo_conv-26_qa29 失败: Error code: 400 - {'error': {'message': 'Access denied, please make sure your account is i
    ⚠ locomo_conv-26_qa30 失败: Error code: 400 - {'error': {'message': 'Access denied, please make sure your account is i
    ⚠ locomo_conv-26_qa27 失败: Error code: 400 - {'error': {'message': 'Access denied, please make sure your account is i
    ⚠ locomo_conv-26_qa32 失败: Error code: 400 - {'error': {'message': 'Access denied, please make sure your account is i
    ⚠ locomo_conv-26_qa31 失败: Error code: 400 - {'error': {'message': 'Access denied, please make sure your account is i
    ⚠ locomo_conv-26_qa33 失败: Error code: 400 - {'error': {'message': 'Access denied, please make sure your account is i
    ⚠ locomo_conv-26_qa35 失败: Error code: 400 - {'error': {'message': 'Access denied, please make sure your account is i
    ⚠ locomo_conv-26_qa38 失败: Error code: 400 - {'error': {'message': 'Access denied, please make sure your account is i
    ⚠ locomo_conv-26_qa37 失败: Error code: 400 - {'error': {'message': 'Access denied, please make sure your account is i
    ⚠ locomo_conv-26_qa36 失败: Error code: 400 - {'error': {'message': 'Access denied, please make sure your account is i
    ⚠ locomo_conv-26_qa39 失败: Error code: 400 - {'error': {'message': 'Access denied, please make sure your account is i
    ⚠ locomo_conv-26_qa40 失败: Error code: 400 - {'error': {'message': 'Access denied, please make sure your account is i
    ⚠ locomo_conv-26_qa43 失败: Error code: 400 - {'error': {'message': 'Access denied, please make sure your account is i
    ⚠ locomo_conv-26_qa5 失败: Error code: 400 - {'error': {'message': 'Access denied, please make sure your account is i
    ⚠ locomo_conv-26_qa48 失败: Error code: 400 - {'error': {'message': 'Access denied, please make sure your account is i
    ⚠ locomo_conv-26_qa50 失败: Error code: 400 - {'error': {'message': 'Access denied, please make sure your account is i
    ⚠ locomo_conv-26_qa57 失败: Error code: 400 - {'error': {'message': 'Access denied, please make sure your account is i
    ⚠ locomo_conv-26_qa54 失败: Error code: 400 - {'error': {'message': 'Access denied, please make sure your account is i
    ⚠ locomo_conv-26_qa59 失败: Error code: 400 - {'error': {'message': 'Access denied, please make sure your account is i
    ⚠ locomo_conv-26_qa6 失败: Error code: 400 - {'error': {'message': 'Access denied, please make sure your account is i
    ⚠ locomo_conv-26_qa62 失败: Error code: 400 - {'error': {'message': 'Access denied, please make sure your account is i
    ⚠ locomo_conv-26_qa65 失败: Error code: 400 - {'error': {'message': 'Access denied, please make sure your account is i
    ⚠ locomo_conv-26_qa66 失败: Error code: 400 - {'error': {'message': 'Access denied, please make sure your account is i
    ⚠ locomo_conv-26_qa67 失败: Error code: 400 - {'error': {'message': 'Access denied, please make sure your account is i
    ⚠ locomo_conv-26_qa69 失败: Error code: 400 - {'error': {'message': 'Access denied, please make sure your account is i
    ⚠ locomo_conv-26_qa7 失败: Error code: 400 - {'error': {'message': 'Access denied, please make sure your account is i
    ⚠ locomo_conv-26_qa70 失败: Error code: 400 - {'error': {'message': 'Access denied, please make sure your account is i
    ⚠ locomo_conv-26_qa75 失败: Error code: 400 - {'error': {'message': 'Access denied, please make sure your account is i
    ⚠ locomo_conv-26_qa76 失败: Error code: 400 - {'error': {'message': 'Access denied, please make sure your account is i
    ⚠ locomo_conv-26_qa71 失败: Error code: 400 - {'error': {'message': 'Access denied, please make sure your account is i
    ⚠ locomo_conv-26_qa80 失败: Error code: 400 - {'error': {'message': 'Access denied, please make sure your account is i
    ⚠ locomo_conv-26_qa78 失败: Error code: 400 - {'error': {'message': 'Access denied, please make sure your account is i
    ⚠ locomo_conv-26_qa82 失败: Error code: 400 - {'error': {'message': 'Access denied, please make sure your account is i
    ⚠ locomo_conv-26_qa85 失败: Error code: 400 - {'error': {'message': 'Access denied, please make sure your account is i
    ⚠ locomo_conv-26_qa86 失败: Error code: 400 - {'error': {'message': 'Access denied, please make sure your account is i
    ⚠ locomo_conv-26_qa87 失败: Error code: 400 - {'error': {'message': 'Access denied, please make sure your account is i
    ⚠ locomo_conv-26_qa88 失败: Error code: 400 - {'error': {'message': 'Access denied, please make sure your account is i
    ⚠ locomo_conv-26_qa89 失败: Error code: 400 - {'error': {'message': 'Access denied, please make sure your account is i
    ⚠ locomo_conv-26_qa9 失败: Error code: 400 - {'error': {'message': 'Access denied, please make sure your account is i
    ⚠ locomo_conv-26_qa91 失败: Error code: 400 - {'error': {'message': 'Access denied, please make sure your account is i
    ⚠ locomo_conv-26_qa92 失败: Error code: 400 - {'error': {'message': 'Access denied, please make sure your account is i
    ⚠ locomo_conv-26_qa93 失败: Error code: 400 - {'error': {'message': 'Access denied, please make sure your account is i
    ⚠ locomo_conv-26_qa94 失败: Error code: 400 - {'error': {'message': 'Access denied, please make sure your account is i
    ⚠ locomo_conv-26_qa96 失败: Error code: 400 - {'error': {'message': 'Access denied, please make sure your account is i
    ⚠ locomo_conv-26_qa98 失败: Error code: 400 - {'error': {'message': 'Access denied, please make sure your account is i
    ⚠ locomo_conv-30_qa10 失败: Error code: 400 - {'error': {'message': 'Access denied, please make sure your account is i
    ⚠ locomo_conv-26_qa99 失败: Error code: 400 - {'error': {'message': 'Access denied, please make sure your account is i
    ⚠ locomo_conv-30_qa11 失败: Error code: 400 - {'error': {'message': 'Access denied, please make sure your account is i
    ⚠ locomo_conv-30_qa13 失败: Error code: 400 - {'error': {'message': 'Access denied, please make sure your account is i
    ⚠ locomo_conv-30_qa19 失败: Error code: 400 - {'error': {'message': 'Access denied, please make sure your account is i
    ⚠ locomo_conv-30_qa20 失败: Error code: 400 - {'error': {'message': 'Access denied, please make sure your account is i
    ⚠ locomo_conv-30_qa2 失败: Error code: 400 - {'error': {'message': 'Access denied, please make sure your account is i
    ⚠ locomo_conv-30_qa21 失败: Error code: 400 - {'error': {'message': 'Access denied, please make sure your account is i
    ⚠ locomo_conv-30_qa17 失败: Error code: 400 - {'error': {'message': 'Access denied, please make sure your account is i
    ⚠ locomo_conv-30_qa23 失败: Error code: 400 - {'error': {'message': 'Access denied, please make sure your account is i
    ⚠ locomo_conv-30_qa25 失败: Error code: 400 - {'error': {'message': 'Access denied, please make sure your account is i
    ⚠ locomo_conv-30_qa24 失败: Error code: 400 - {'error': {'message': 'Access denied, please make sure your account is i
    ⚠ locomo_conv-30_qa26 失败: Error code: 400 - {'error': {'message': 'Access denied, please make sure your account is i
    ⚠ locomo_conv-30_qa3 失败: Error code: 400 - {'error': {'message': 'Access denied, please make sure your account is i
    ⚠ locomo_conv-30_qa29 失败: Error code: 400 - {'error': {'message': 'Access denied, please make sure your account is i
    ⚠ locomo_conv-30_qa28 失败: Error code: 400 - {'error': {'message': 'Access denied, please make sure your account is i
    ⚠ locomo_conv-30_qa31 失败: Error code: 400 - {'error': {'message': 'Access denied, please make sure your account is i
    ⚠ locomo_conv-30_qa33 失败: Error code: 400 - {'error': {'message': 'Access denied, please make sure your account is i
    ⚠ locomo_conv-30_qa32 失败: Error code: 400 - {'error': {'message': 'Access denied, please make sure your account is i
    ⚠ locomo_conv-30_qa36 失败: Error code: 400 - {'error': {'message': 'Access denied, please make sure your account is i
    ⚠ locomo_conv-30_qa4 失败: Error code: 400 - {'error': {'message': 'Access denied, please make sure your account is i
    ⚠ locomo_conv-30_qa37 失败: Error code: 400 - {'error': {'message': 'Access denied, please make sure your account is i
    ⚠ locomo_conv-30_qa40 失败: Error code: 400 - {'error': {'message': 'Access denied, please make sure your account is i
    ⚠ locomo_conv-30_qa43 失败: Error code: 400 - {'error': {'message': 'Access denied, please make sure your account is i
    ⚠ locomo_conv-30_qa44 失败: Error code: 400 - {'error': {'message': 'Access denied, please make sure your account is i
    ⚠ locomo_conv-30_qa45 失败: Error code: 400 - {'error': {'message': 'Access denied, please make sure your account is i
    ⚠ locomo_conv-30_qa49 失败: Error code: 400 - {'error': {'message': 'Access denied, please make sure your account is i
    ⚠ locomo_conv-30_qa48 失败: Error code: 400 - {'error': {'message': 'Access denied, please make sure your account is i
    ⚠ locomo_conv-30_qa5 失败: Error code: 400 - {'error': {'message': 'Access denied, please make sure your account is i
    ⚠ locomo_conv-30_qa34 失败: Error code: 400 - {'error': {'message': 'Access denied, please make sure your account is i
    ⚠ locomo_conv-30_qa51 失败: Error code: 400 - {'error': {'message': 'Access denied, please make sure your account is i
    ⚠ locomo_conv-30_qa50 失败: Error code: 400 - {'error': {'message': 'Access denied, please make sure your account is i
    ⚠ locomo_conv-30_qa52 失败: Error code: 400 - {'error': {'message': 'Access denied, please make sure your account is i
    ⚠ locomo_conv-30_qa53 失败: Error code: 400 - {'error': {'message': 'Access denied, please make sure your account is i
    ⚠ locomo_conv-30_qa55 失败: Error code: 400 - {'error': {'message': 'Access denied, please make sure your account is i
    ⚠ locomo_conv-30_qa56 失败: Error code: 400 - {'error': {'message': 'Access denied, please make sure your account is i
    ⚠ locomo_conv-30_qa59 失败: Error code: 400 - {'error': {'message': 'Access denied, please make sure your account is i
    ⚠ locomo_conv-30_qa58 失败: Error code: 400 - {'error': {'message': 'Access denied, please make sure your account is i
    ⚠ locomo_conv-30_qa57 失败: Error code: 400 - {'error': {'message': 'Access denied, please make sure your account is i
    ⚠ locomo_conv-30_qa62 失败: Error code: 400 - {'error': {'message': 'Access denied, please make sure your account is i
    ⚠ locomo_conv-30_qa63 失败: Error code: 400 - {'error': {'message': 'Access denied, please make sure your account is i
    ⚠ locomo_conv-30_qa6 失败: Error code: 400 - {'error': {'message': 'Access denied, please make sure your account is i
    ⚠ locomo_conv-30_qa64 失败: Error code: 400 - {'error': {'message': 'Access denied, please make sure your account is i
    ⚠ locomo_conv-30_qa71 失败: Error code: 400 - {'error': {'message': 'Access denied, please make sure your account is i
    ⚠ locomo_conv-30_qa69 失败: Error code: 400 - {'error': {'message': 'Access denied, please make sure your account is i
    ⚠ locomo_conv-30_qa7 失败: Error code: 400 - {'error': {'message': 'Access denied, please make sure your account is i
    ⚠ locomo_conv-30_qa73 失败: Error code: 400 - {'error': {'message': 'Access denied, please make sure your account is i
    ⚠ locomo_conv-30_qa76 失败: Error code: 400 - {'error': {'message': 'Access denied, please make sure your account is i
    ⚠ locomo_conv-30_qa74 失败: Error code: 400 - {'error': {'message': 'Access denied, please make sure your account is i
    ⚠ locomo_conv-30_qa75 失败: Error code: 400 - {'error': {'message': 'Access denied, please make sure your account is i
    ⚠ locomo_conv-30_qa77 失败: Error code: 400 - {'error': {'message': 'Access denied, please make sure your account is i
    ⚠ locomo_conv-30_qa9 失败: Error code: 400 - {'error': {'message': 'Access denied, please make sure your account is i
    ⚠ locomo_conv-30_qa78 失败: Error code: 400 - {'error': {'message': 'Access denied, please make sure your account is i
    ⚠ locomo_conv-41_qa0 失败: Error code: 400 - {'error': {'message': 'Access denied, please make sure your account is i
    ⚠ locomo_conv-30_qa8 失败: Error code: 400 - {'error': {'message': 'Access denied, please make sure your account is i
    ⚠ locomo_conv-41_qa1 失败: Error code: 400 - {'error': {'message': 'Access denied, please make sure your account is i
    ⚠ locomo_conv-41_qa10 失败: Error code: 400 - {'error': {'message': 'Access denied, please make sure your account is i
    ⚠ locomo_conv-41_qa109 失败: Error code: 400 - {'error': {'message': 'Access denied, please make sure your account is i
    ⚠ locomo_conv-41_qa106 失败: Error code: 400 - {'error': {'message': 'Access denied, please make sure your account is i
    ⚠ locomo_conv-41_qa110 失败: Error code: 400 - {'error': {'message': 'Access denied, please make sure your account is i
    ⚠ locomo_conv-41_qa117 失败: Error code: 400 - {'error': {'message': 'Access denied, please make sure your account is i
    ⚠ locomo_conv-41_qa118 失败: Error code: 400 - {'error': {'message': 'Access denied, please make sure your account is i
    ⚠ locomo_conv-41_qa123 失败: Error code: 400 - {'error': {'message': 'Access denied, please make sure your account is i
    ⚠ locomo_conv-41_qa12 失败: Error code: 400 - {'error': {'message': 'Access denied, please make sure your account is i
    ⚠ locomo_conv-41_qa125 失败: Error code: 400 - {'error': {'message': 'Access denied, please make sure your account is i
    ⚠ locomo_conv-41_qa124 失败: Error code: 400 - {'error': {'message': 'Access denied, please make sure your account is i
    ⚠ locomo_conv-41_qa127 失败: Error code: 400 - {'error': {'message': 'Access denied, please make sure your account is i
    ⚠ locomo_conv-41_qa129 失败: Error code: 400 - {'error': {'message': 'Access denied, please make sure your account is i
    ⚠ locomo_conv-41_qa13 失败: Error code: 400 - {'error': {'message': 'Access denied, please make sure your account is i
    ⚠ locomo_conv-41_qa132 失败: Error code: 400 - {'error': {'message': 'Access denied, please make sure your account is i
    ⚠ locomo_conv-41_qa131 失败: Error code: 400 - {'error': {'message': 'Access denied, please make sure your account is i
    评测 150/616 (2s)
    ⚠ locomo_conv-41_qa133 失败: Error code: 400 - {'error': {'message': 'Access denied, please make sure your account is i
    ⚠ locomo_conv-41_qa134 失败: Error code: 400 - {'error': {'message': 'Access denied, please make sure your account is i
    ⚠ locomo_conv-41_qa135 失败: Error code: 400 - {'error': {'message': 'Access denied, please make sure your account is i
    ⚠ locomo_conv-41_qa137 失败: Error code: 400 - {'error': {'message': 'Access denied, please make sure your account is i
    ⚠ locomo_conv-41_qa136 失败: Error code: 400 - {'error': {'message': 'Access denied, please make sure your account is i
    ⚠ locomo_conv-41_qa139 失败: Error code: 400 - {'error': {'message': 'Access denied, please make sure your account is i
    ⚠ locomo_conv-41_qa143 失败: Error code: 400 - {'error': {'message': 'Access denied, please make sure your account is i
    ⚠ locomo_conv-41_qa14 失败: Error code: 400 - {'error': {'message': 'Access denied, please make sure your account is i
    ⚠ locomo_conv-41_qa140 失败: Error code: 400 - {'error': {'message': 'Access denied, please make sure your account is i
    ⚠ locomo_conv-41_qa144 失败: Error code: 400 - {'error': {'message': 'Access denied, please make sure your account is i
    ⚠ locomo_conv-41_qa148 失败: Error code: 400 - {'error': {'message': 'Access denied, please make sure your account is i
    ⚠ locomo_conv-41_qa150 失败: Error code: 400 - {'error': {'message': 'Access denied, please make sure your account is i
    ⚠ locomo_conv-41_qa146 失败: Error code: 400 - {'error': {'message': 'Access denied, please make sure your account is i
    ⚠ locomo_conv-41_qa145 失败: Error code: 400 - {'error': {'message': 'Access denied, please make sure your account is i
    ⚠ locomo_conv-41_qa17 失败: Error code: 400 - {'error': {'message': 'Access denied, please make sure your account is i
    ⚠ locomo_conv-41_qa18 失败: Error code: 400 - {'error': {'message': 'Access denied, please make sure your account is i
    ⚠ locomo_conv-41_qa16 失败: Error code: 400 - {'error': {'message': 'Access denied, please make sure your account is i
    ⚠ locomo_conv-41_qa23 失败: Error code: 400 - {'error': {'message': 'Access denied, please make sure your account is i
    ⚠ locomo_conv-41_qa25 失败: Error code: 400 - {'error': {'message': 'Access denied, please make sure your account is i
    ⚠ locomo_conv-41_qa27 失败: Error code: 400 - {'error': {'message': 'Access denied, please make sure your account is i
    ⚠ locomo_conv-41_qa28 失败: Error code: 400 - {'error': {'message': 'Access denied, please make sure your account is i
    ⚠ locomo_conv-41_qa26 失败: Error code: 400 - {'error': {'message': 'Access denied, please make sure your account is i
    ⚠ locomo_conv-41_qa33 失败: Error code: 400 - {'error': {'message': 'Access denied, please make sure your account is i
    ⚠ locomo_conv-41_qa34 失败: Error code: 400 - {'error': {'message': 'Access denied, please make sure your account is i
    ⚠ locomo_conv-41_qa36 失败: Error code: 400 - {'error': {'message': 'Access denied, please make sure your account is i
    ⚠ locomo_conv-41_qa31 失败: Error code: 400 - {'error': {'message': 'Access denied, please make sure your account is i
    ⚠ locomo_conv-41_qa38 失败: Error code: 400 - {'error': {'message': 'Access denied, please make sure your account is i
    ⚠ locomo_conv-41_qa37 失败: Error code: 400 - {'error': {'message': 'Access denied, please make sure your account is i
    ⚠ locomo_conv-41_qa4 失败: Error code: 400 - {'error': {'message': 'Access denied, please make sure your account is i
    ⚠ locomo_conv-41_qa41 失败: Error code: 400 - {'error': {'message': 'Access denied, please make sure your account is i
    ⚠ locomo_conv-41_qa43 失败: Error code: 400 - {'error': {'message': 'Access denied, please make sure your account is i
    ⚠ locomo_conv-41_qa44 失败: Error code: 400 - {'error': {'message': 'Access denied, please make sure your account is i
    ⚠ locomo_conv-41_qa45 失败: Error code: 400 - {'error': {'message': 'Access denied, please make sure your account is i
    ⚠ locomo_conv-41_qa42 失败: Error code: 400 - {'error': {'message': 'Access denied, please make sure your account is i
    ⚠ locomo_conv-41_qa46 失败: Error code: 400 - {'error': {'message': 'Access denied, please make sure your account is i
    ⚠ locomo_conv-41_qa47 失败: Error code: 400 - {'error': {'message': 'Access denied, please make sure your account is i
    ⚠ locomo_conv-41_qa49 失败: Error code: 400 - {'error': {'message': 'Access denied, please make sure your account is i
    ⚠ locomo_conv-41_qa50 失败: Error code: 400 - {'error': {'message': 'Access denied, please make sure your account is i
    ⚠ locomo_conv-41_qa48 失败: Error code: 400 - {'error': {'message': 'Access denied, please make sure your account is i
    ⚠ locomo_conv-41_qa54 失败: Error code: 400 - {'error': {'message': 'Access denied, please make sure your account is i
    ⚠ locomo_conv-41_qa51 失败: Error code: 400 - {'error': {'message': 'Access denied, please make sure your account is i
    ⚠ locomo_conv-41_qa56 失败: Error code: 400 - {'error': {'message': 'Access denied, please make sure your account is i
    ⚠ locomo_conv-41_qa55 失败: Error code: 400 - {'error': {'message': 'Access denied, please make sure your account is i
    ⚠ locomo_conv-41_qa61 失败: Error code: 400 - {'error': {'message': 'Access denied, please make sure your account is i
    ⚠ locomo_conv-41_qa58 失败: Error code: 400 - {'error': {'message': 'Access denied, please make sure your account is i
    ⚠ locomo_conv-41_qa64 失败: Error code: 400 - {'error': {'message': 'Access denied, please make sure your account is i
    ⚠ locomo_conv-41_qa63 失败: Error code: 400 - {'error': {'message': 'Access denied, please make sure your account is i
    ⚠ locomo_conv-41_qa68 失败: Error code: 400 - {'error': {'message': 'Access denied, please make sure your account is i
    ⚠ locomo_conv-41_qa67 失败: Error code: 400 - {'error': {'message': 'Access denied, please make sure your account is i
    ⚠ locomo_conv-41_qa62 失败: Error code: 400 - {'error': {'message': 'Access denied, please make sure your account is i
    ⚠ locomo_conv-41_qa70 失败: Error code: 400 - {'error': {'message': 'Access denied, please make sure your account is i
    ⚠ locomo_conv-41_qa69 失败: Error code: 400 - {'error': {'message': 'Access denied, please make sure your account is i
    ⚠ locomo_conv-41_qa74 失败: Error code: 400 - {'error': {'message': 'Access denied, please make sure your account is i
    ⚠ locomo_conv-41_qa8 失败: Error code: 400 - {'error': {'message': 'Access denied, please make sure your account is i
    ⚠ locomo_conv-41_qa77 失败: Error code: 400 - {'error': {'message': 'Access denied, please make sure your account is i
    ⚠ locomo_conv-41_qa80 失败: Error code: 400 - {'error': {'message': 'Access denied, please make sure your account is i
    ⚠ locomo_conv-41_qa82 失败: Error code: 400 - {'error': {'message': 'Access denied, please make sure your account is i
    ⚠ locomo_conv-41_qa85 失败: Error code: 400 - {'error': {'message': 'Access denied, please make sure your account is i
    ⚠ locomo_conv-41_qa89 失败: Error code: 400 - {'error': {'message': 'Access denied, please make sure your account is i
    ⚠ locomo_conv-41_qa95 失败: Error code: 400 - {'error': {'message': 'Access denied, please make sure your account is i
    ⚠ locomo_conv-41_qa91 失败: Error code: 400 - {'error': {'message': 'Access denied, please make sure your account is i
    ⚠ locomo_conv-42_qa0 失败: Error code: 400 - {'error': {'message': 'Access denied, please make sure your account is i
    ⚠ locomo_conv-41_qa98 失败: Error code: 400 - {'error': {'message': 'Access denied, please make sure your account is i
    ⚠ locomo_conv-41_qa99 失败: Error code: 400 - {'error': {'message': 'Access denied, please make sure your account is i
    ⚠ locomo_conv-42_qa100 失败: Error code: 400 - {'error': {'message': 'Access denied, please make sure your account is i
    ⚠ locomo_conv-42_qa101 失败: Error code: 400 - {'error': {'message': 'Access denied, please make sure your account is i
    ⚠ locomo_conv-42_qa102 失败: Error code: 400 - {'error': {'message': 'Access denied, please make sure your account is i
    ⚠ locomo_conv-42_qa106 失败: Error code: 400 - {'error': {'message': 'Access denied, please make sure your account is i
    ⚠ locomo_conv-42_qa104 失败: Error code: 400 - {'error': {'message': 'Access denied, please make sure your account is i
    ⚠ locomo_conv-42_qa109 失败: Error code: 400 - {'error': {'message': 'Access denied, please make sure your account is i
    ⚠ locomo_conv-42_qa110 失败: Error code: 400 - {'error': {'message': 'Access denied, please make sure your account is i
    ⚠ locomo_conv-42_qa113 失败: Error code: 400 - {'error': {'message': 'Access denied, please make sure your account is i
    ⚠ locomo_conv-42_qa115 失败: Error code: 400 - {'error': {'message': 'Access denied, please make sure your account is i
    ⚠ locomo_conv-42_qa116 失败: Error code: 400 - {'error': {'message': 'Access denied, please make sure your account is i
    ⚠ locomo_conv-42_qa118 失败: Error code: 400 - {'error': {'message': 'Access denied, please make sure your account is i
    ⚠ locomo_conv-42_qa119 失败: Error code: 400 - {'error': {'message': 'Access denied, please make sure your account is i
    ⚠ locomo_conv-42_qa12 失败: Error code: 400 - {'error': {'message': 'Access denied, please make sure your account is i
    ⚠ locomo_conv-42_qa120 失败: Error code: 400 - {'error': {'message': 'Access denied, please make sure your account is i
    ⚠ locomo_conv-42_qa126 失败: Error code: 400 - {'error': {'message': 'Access denied, please make sure your account is i
    ⚠ locomo_conv-42_qa123 失败: Error code: 400 - {'error': {'message': 'Access denied, please make sure your account is i
    ⚠ locomo_conv-42_qa122 失败: Error code: 400 - {'error': {'message': 'Access denied, please make sure your account is i
    ⚠ locomo_conv-42_qa13 失败: Error code: 400 - {'error': {'message': 'Access denied, please make sure your account is i
    ⚠ locomo_conv-42_qa138 失败: Error code: 400 - {'error': {'message': 'Access denied, please make sure your account is i
    ⚠ locomo_conv-42_qa14 失败: Error code: 400 - {'error': {'message': 'Access denied, please make sure your account is i
    ⚠ locomo_conv-42_qa140 失败: Error code: 400 - {'error': {'message': 'Access denied, please make sure your account is i
    ⚠ locomo_conv-42_qa141 失败: Error code: 400 - {'error': {'message': 'Access denied, please make sure your account is i
    ⚠ locomo_conv-42_qa144 失败: Error code: 400 - {'error': {'message': 'Access denied, please make sure your account is i
    ⚠ locomo_conv-42_qa146 失败: Error code: 400 - {'error': {'message': 'Access denied, please make sure your account is i
    ⚠ locomo_conv-42_qa150 失败: Error code: 400 - {'error': {'message': 'Access denied, please make sure your account is i
    ⚠ locomo_conv-42_qa148 失败: Error code: 400 - {'error': {'message': 'Access denied, please make sure your account is i
    ⚠ locomo_conv-42_qa15 失败: Error code: 400 - {'error': {'message': 'Access denied, please make sure your account is i
    ⚠ locomo_conv-42_qa151 失败: Error code: 400 - {'error': {'message': 'Access denied, please make sure your account is i
    ⚠ locomo_conv-42_qa152 失败: Error code: 400 - {'error': {'message': 'Access denied, please make sure your account is i
    ⚠ locomo_conv-42_qa155 失败: Error code: 400 - {'error': {'message': 'Access denied, please make sure your account is i
    ⚠ locomo_conv-42_qa156 失败: Error code: 400 - {'error': {'message': 'Access denied, please make sure your account is i
    ⚠ locomo_conv-42_qa16 失败: Error code: 400 - {'error': {'message': 'Access denied, please make sure your account is i
    ⚠ locomo_conv-42_qa158 失败: Error code: 400 - {'error': {'message': 'Access denied, please make sure your account is i
    ⚠ locomo_conv-42_qa163 失败: Error code: 400 - {'error': {'message': 'Access denied, please make sure your account is i
    ⚠ locomo_conv-42_qa165 失败: Error code: 400 - {'error': {'message': 'Access denied, please make sure your account is i
    ⚠ locomo_conv-42_qa167 失败: Error code: 400 - {'error': {'message': 'Access denied, please make sure your account is i
    ⚠ locomo_conv-42_qa169 失败: Error code: 400 - {'error': {'message': 'Access denied, please make sure your account is i
    ⚠ locomo_conv-42_qa173 失败: Error code: 400 - {'error': {'message': 'Access denied, please make sure your account is i
    ⚠ locomo_conv-42_qa170 失败: Error code: 400 - {'error': {'message': 'Access denied, please make sure your account is i
    ⚠ locomo_conv-42_qa174 失败: Error code: 400 - {'error': {'message': 'Access denied, please make sure your account is i
    ⚠ locomo_conv-42_qa176 失败: Error code: 400 - {'error': {'message': 'Access denied, please make sure your account is i
    ⚠ locomo_conv-42_qa177 失败: Error code: 400 - {'error': {'message': 'Access denied, please make sure your account is i
    ⚠ locomo_conv-42_qa179 失败: Error code: 400 - {'error': {'message': 'Access denied, please make sure your account is i
    ⚠ locomo_conv-42_qa18 失败: Error code: 400 - {'error': {'message': 'Access denied, please make sure your account is i
    ⚠ locomo_conv-42_qa180 失败: Error code: 400 - {'error': {'message': 'Access denied, please make sure your account is i
    ⚠ locomo_conv-42_qa181 失败: Error code: 400 - {'error': {'message': 'Access denied, please make sure your account is i
    ⚠ locomo_conv-42_qa185 失败: Error code: 400 - {'error': {'message': 'Access denied, please make sure your account is i
    ⚠ locomo_conv-42_qa186 失败: Error code: 400 - {'error': {'message': 'Access denied, please make sure your account is i
    ⚠ locomo_conv-42_qa187 失败: Error code: 400 - {'error': {'message': 'Access denied, please make sure your account is i
    ⚠ locomo_conv-42_qa188 失败: Error code: 400 - {'error': {'message': 'Access denied, please make sure your account is i
    ⚠ locomo_conv-42_qa191 失败: Error code: 400 - {'error': {'message': 'Access denied, please make sure your account is i
    ⚠ locomo_conv-42_qa190 失败: Error code: 400 - {'error': {'message': 'Access denied, please make sure your account is i
    ⚠ locomo_conv-42_qa192 失败: Error code: 400 - {'error': {'message': 'Access denied, please make sure your account is i
    ⚠ locomo_conv-42_qa193 失败: Error code: 400 - {'error': {'message': 'Access denied, please make sure your account is i
    ⚠ locomo_conv-42_qa195 失败: Error code: 400 - {'error': {'message': 'Access denied, please make sure your account is i
    ⚠ locomo_conv-42_qa196 失败: Error code: 400 - {'error': {'message': 'Access denied, please make sure your account is i
    ⚠ locomo_conv-42_qa2 失败: Error code: 400 - {'error': {'message': 'Access denied, please make sure your account is i
    ⚠ locomo_conv-42_qa20 失败: Error code: 400 - {'error': {'message': 'Access denied, please make sure your account is i
    ⚠ locomo_conv-42_qa21 失败: Error code: 400 - {'error': {'message': 'Access denied, please make sure your account is i
    ⚠ locomo_conv-42_qa22 失败: Error code: 400 - {'error': {'message': 'Access denied, please make sure your account is i
    ⚠ locomo_conv-42_qa23 失败: Error code: 400 - {'error': {'message': 'Access denied, please make sure your account is i
    ⚠ locomo_conv-42_qa24 失败: Error code: 400 - {'error': {'message': 'Access denied, please make sure your account is i
    ⚠ locomo_conv-42_qa25 失败: Error code: 400 - {'error': {'message': 'Access denied, please make sure your account is i
    ⚠ locomo_conv-42_qa29 失败: Error code: 400 - {'error': {'message': 'Access denied, please make sure your account is i
    ⚠ locomo_conv-42_qa26 失败: Error code: 400 - {'error': {'message': 'Access denied, please make sure your account is i
    ⚠ locomo_conv-42_qa3 失败: Error code: 400 - {'error': {'message': 'Access denied, please make sure your account is i
    ⚠ locomo_conv-42_qa30 失败: Error code: 400 - {'error': {'message': 'Access denied, please make sure your account is i
    ⚠ locomo_conv-42_qa32 失败: Error code: 400 - {'error': {'message': 'Access denied, please make sure your account is i
    ⚠ locomo_conv-42_qa33 失败: Error code: 400 - {'error': {'message': 'Access denied, please make sure your account is i
    ⚠ locomo_conv-42_qa34 失败: Error code: 400 - {'error': {'message': 'Access denied, please make sure your account is i
    ⚠ locomo_conv-42_qa35 失败: Error code: 400 - {'error': {'message': 'Access denied, please make sure your account is i
    ⚠ locomo_conv-42_qa36 失败: Error code: 400 - {'error': {'message': 'Access denied, please make sure your account is i
    ⚠ locomo_conv-42_qa37 失败: Error code: 400 - {'error': {'message': 'Access denied, please make sure your account is i
    ⚠ locomo_conv-42_qa38 失败: Error code: 400 - {'error': {'message': 'Access denied, please make sure your account is i
    ⚠ locomo_conv-42_qa4 失败: Error code: 400 - {'error': {'message': 'Access denied, please make sure your account is i
    ⚠ locomo_conv-42_qa40 失败: Error code: 400 - {'error': {'message': 'Access denied, please make sure your account is i
    ⚠ locomo_conv-42_qa42 失败: Error code: 400 - {'error': {'message': 'Access denied, please make sure your account is i
    ⚠ locomo_conv-42_qa45 失败: Error code: 400 - {'error': {'message': 'Access denied, please make sure your account is i
    ⚠ locomo_conv-42_qa43 失败: Error code: 400 - {'error': {'message': 'Access denied, please make sure your account is i
    ⚠ locomo_conv-42_qa5 失败: Error code: 400 - {'error': {'message': 'Access denied, please make sure your account is i
    ⚠ locomo_conv-42_qa50 失败: Error code: 400 - {'error': {'message': 'Access denied, please make sure your account is i
    ⚠ locomo_conv-42_qa51 失败: Error code: 400 - {'error': {'message': 'Access denied, please make sure your account is i
    ⚠ locomo_conv-42_qa52 失败: Error code: 400 - {'error': {'message': 'Access denied, please make sure your account is i
    ⚠ locomo_conv-42_qa53 失败: Error code: 400 - {'error': {'message': 'Access denied, please make sure your account is i
    ⚠ locomo_conv-42_qa54 失败: Error code: 400 - {'error': {'message': 'Access denied, please make sure your account is i
    ⚠ locomo_conv-42_qa55 失败: Error code: 400 - {'error': {'message': 'Access denied, please make sure your account is i
    评测 300/616 (4s)
    ⚠ locomo_conv-42_qa58 失败: Error code: 400 - {'error': {'message': 'Access denied, please make sure your account is i
    ⚠ locomo_conv-42_qa59 失败: Error code: 400 - {'error': {'message': 'Access denied, please make sure your account is i
    ⚠ locomo_conv-42_qa60 失败: Error code: 400 - {'error': {'message': 'Access denied, please make sure your account is i
    ⚠ locomo_conv-42_qa63 失败: Error code: 400 - {'error': {'message': 'Access denied, please make sure your account is i
    ⚠ locomo_conv-42_qa61 失败: Error code: 400 - {'error': {'message': 'Access denied, please make sure your account is i
    ⚠ locomo_conv-42_qa65 失败: Error code: 400 - {'error': {'message': 'Access denied, please make sure your account is i
    ⚠ locomo_conv-42_qa66 失败: Error code: 400 - {'error': {'message': 'Access denied, please make sure your account is i
    ⚠ locomo_conv-42_qa67 失败: Error code: 400 - {'error': {'message': 'Access denied, please make sure your account is i
    ⚠ locomo_conv-42_qa68 失败: Error code: 400 - {'error': {'message': 'Access denied, please make sure your account is i
    ⚠ locomo_conv-42_qa7 失败: Error code: 400 - {'error': {'message': 'Access denied, please make sure your account is i
    ⚠ locomo_conv-42_qa70 失败: Error code: 400 - {'error': {'message': 'Access denied, please make sure your account is i
    ⚠ locomo_conv-42_qa71 失败: Error code: 400 - {'error': {'message': 'Access denied, please make sure your account is i
    ⚠ locomo_conv-42_qa73 失败: Error code: 400 - {'error': {'message': 'Access denied, please make sure your account is i
    ⚠ locomo_conv-42_qa74 失败: Error code: 400 - {'error': {'message': 'Access denied, please make sure your account is i
    ⚠ locomo_conv-42_qa78 失败: Error code: 400 - {'error': {'message': 'Access denied, please make sure your account is i
    ⚠ locomo_conv-42_qa77 失败: Error code: 400 - {'error': {'message': 'Access denied, please make sure your account is i
    ⚠ locomo_conv-42_qa79 失败: Error code: 400 - {'error': {'message': 'Access denied, please make sure your account is i
    ⚠ locomo_conv-42_qa8 失败: Error code: 400 - {'error': {'message': 'Access denied, please make sure your account is i
    ⚠ locomo_conv-42_qa81 失败: Error code: 400 - {'error': {'message': 'Access denied, please make sure your account is i
    ⚠ locomo_conv-42_qa83 失败: Error code: 400 - {'error': {'message': 'Access denied, please make sure your account is i
    ⚠ locomo_conv-42_qa84 失败: Error code: 400 - {'error': {'message': 'Access denied, please make sure your account is i
    ⚠ locomo_conv-42_qa90 失败: Error code: 400 - {'error': {'message': 'Access denied, please make sure your account is i
    ⚠ locomo_conv-42_qa85 失败: Error code: 400 - {'error': {'message': 'Access denied, please make sure your account is i
    ⚠ locomo_conv-42_qa91 失败: Error code: 400 - {'error': {'message': 'Access denied, please make sure your account is i
    ⚠ locomo_conv-42_qa92 失败: Error code: 400 - {'error': {'message': 'Access denied, please make sure your account is i
    ⚠ locomo_conv-42_qa94 失败: Error code: 400 - {'error': {'message': 'Access denied, please make sure your account is i
    ⚠ locomo_conv-42_qa95 失败: Error code: 400 - {'error': {'message': 'Access denied, please make sure your account is i
    ⚠ locomo_conv-42_qa97 失败: Error code: 400 - {'error': {'message': 'Access denied, please make sure your account is i
    ⚠ locomo_conv-42_qa99 失败: Error code: 400 - {'error': {'message': 'Access denied, please make sure your account is i
    ⚠ locomo_conv-43_qa0 失败: Error code: 400 - {'error': {'message': 'Access denied, please make sure your account is i
    ⚠ locomo_conv-43_qa1 失败: Error code: 400 - {'error': {'message': 'Access denied, please make sure your account is i
    ⚠ locomo_conv-43_qa10 失败: Error code: 400 - {'error': {'message': 'Access denied, please make sure your account is i
    ⚠ locomo_conv-43_qa100 失败: Error code: 400 - {'error': {'message': 'Access denied, please make sure your account is i
    ⚠ locomo_conv-43_qa101 失败: Error code: 400 - {'error': {'message': 'Access denied, please make sure your account is i
    ⚠ locomo_conv-43_qa102 失败: Error code: 400 - {'error': {'message': 'Access denied, please make sure your account is i
    ⚠ locomo_conv-43_qa106 失败: Error code: 400 - {'error': {'message': 'Access denied, please make sure your account is i
    ⚠ locomo_conv-43_qa108 失败: Error code: 400 - {'error': {'message': 'Access denied, please make sure your account is i
    ⚠ locomo_conv-43_qa111 失败: Error code: 400 - {'error': {'message': 'Access denied, please make sure your account is i
    ⚠ locomo_conv-43_qa112 失败: Error code: 400 - {'error': {'message': 'Access denied, please make sure your account is i
    ⚠ locomo_conv-43_qa113 失败: Error code: 400 - {'error': {'message': 'Access denied, please make sure your account is i
    ⚠ locomo_conv-43_qa117 失败: Error code: 400 - {'error': {'message': 'Access denied, please make sure your account is i
    ⚠ locomo_conv-43_qa116 失败: Error code: 400 - {'error': {'message': 'Access denied, please make sure your account is i
    ⚠ locomo_conv-43_qa120 失败: Error code: 400 - {'error': {'message': 'Access denied, please make sure your account is i
    ⚠ locomo_conv-43_qa121 失败: Error code: 400 - {'error': {'message': 'Access denied, please make sure your account is i
    ⚠ locomo_conv-43_qa123 失败: Error code: 400 - {'error': {'message': 'Access denied, please make sure your account is i
    ⚠ locomo_conv-43_qa126 失败: Error code: 400 - {'error': {'message': 'Access denied, please make sure your account is i
    ⚠ locomo_conv-43_qa128 失败: Error code: 400 - {'error': {'message': 'Access denied, please make sure your account is i
    ⚠ locomo_conv-43_qa127 失败: Error code: 400 - {'error': {'message': 'Access denied, please make sure your account is i
    ⚠ locomo_conv-43_qa130 失败: Error code: 400 - {'error': {'message': 'Access denied, please make sure your account is i
    ⚠ locomo_conv-43_qa131 失败: Error code: 400 - {'error': {'message': 'Access denied, please make sure your account is i
    ⚠ locomo_conv-43_qa132 失败: Error code: 400 - {'error': {'message': 'Access denied, please make sure your account is i
    ⚠ locomo_conv-43_qa133 失败: Error code: 400 - {'error': {'message': 'Access denied, please make sure your account is i
    ⚠ locomo_conv-43_qa134 失败: Error code: 400 - {'error': {'message': 'Access denied, please make sure your account is i
    ⚠ locomo_conv-43_qa136 失败: Error code: 400 - {'error': {'message': 'Access denied, please make sure your account is i
    ⚠ locomo_conv-43_qa138 失败: Error code: 400 - {'error': {'message': 'Access denied, please make sure your account is i
    ⚠ locomo_conv-43_qa139 失败: Error code: 400 - {'error': {'message': 'Access denied, please make sure your account is i
    ⚠ locomo_conv-43_qa14 失败: Error code: 400 - {'error': {'message': 'Access denied, please make sure your account is i
    ⚠ locomo_conv-43_qa141 失败: Error code: 400 - {'error': {'message': 'Access denied, please make sure your account is i
    ⚠ locomo_conv-41_qa57 失败: Error code: 400 - {'error': {'message': 'Access denied, please make sure your account is i
    ⚠ locomo_conv-43_qa140 失败: Error code: 400 - {'error': {'message': 'Access denied, please make sure your account is i
    ⚠ locomo_conv-43_qa148 失败: Error code: 400 - {'error': {'message': 'Access denied, please make sure your account is i
    ⚠ locomo_conv-43_qa144 失败: Error code: 400 - {'error': {'message': 'Access denied, please make sure your account is i
    ⚠ locomo_conv-43_qa15 失败: Error code: 400 - {'error': {'message': 'Access denied, please make sure your account is i
    ⚠ locomo_conv-43_qa151 失败: Error code: 400 - {'error': {'message': 'Access denied, please make sure your account is i
    ⚠ locomo_conv-43_qa152 失败: Error code: 400 - {'error': {'message': 'Access denied, please make sure your account is i
    ⚠ locomo_conv-43_qa154 失败: Error code: 400 - {'error': {'message': 'Access denied, please make sure your account is i
    ⚠ locomo_conv-43_qa156 失败: Error code: 400 - {'error': {'message': 'Access denied, please make sure your account is i
    ⚠ locomo_conv-43_qa158 失败: Error code: 400 - {'error': {'message': 'Access denied, please make sure your account is i
    ⚠ locomo_conv-43_qa157 失败: Error code: 400 - {'error': {'message': 'Access denied, please make sure your account is i
    ⚠ locomo_conv-43_qa16 失败: Error code: 400 - {'error': {'message': 'Access denied, please make sure your account is i
    ⚠ locomo_conv-43_qa164 失败: Error code: 400 - {'error': {'message': 'Access denied, please make sure your account is i
    ⚠ locomo_conv-43_qa165 失败: Error code: 400 - {'error': {'message': 'Access denied, please make sure your account is i
    ⚠ locomo_conv-43_qa166 失败: Error code: 400 - {'error': {'message': 'Access denied, please make sure your account is i
    ⚠ locomo_conv-43_qa167 失败: Error code: 400 - {'error': {'message': 'Access denied, please make sure your account is i
    ⚠ locomo_conv-43_qa168 失败: Error code: 400 - {'error': {'message': 'Access denied, please make sure your account is i
    ⚠ locomo_conv-43_qa169 失败: Error code: 400 - {'error': {'message': 'Access denied, please make sure your account is i
    ⚠ locomo_conv-43_qa17 失败: Error code: 400 - {'error': {'message': 'Access denied, please make sure your account is i
    ⚠ locomo_conv-43_qa171 失败: Error code: 400 - {'error': {'message': 'Access denied, please make sure your account is i
    ⚠ locomo_conv-43_qa176 失败: Error code: 400 - {'error': {'message': 'Access denied, please make sure your account is i
    ⚠ locomo_conv-43_qa175 失败: Error code: 400 - {'error': {'message': 'Access denied, please make sure your account is i
    ⚠ locomo_conv-43_qa174 失败: Error code: 400 - {'error': {'message': 'Access denied, please make sure your account is i
    ⚠ locomo_conv-43_qa2 失败: Error code: 400 - {'error': {'message': 'Access denied, please make sure your account is i
    ⚠ locomo_conv-43_qa19 失败: Error code: 400 - {'error': {'message': 'Access denied, please make sure your account is i
    ⚠ locomo_conv-43_qa18 失败: Error code: 400 - {'error': {'message': 'Access denied, please make sure your account is i
    ⚠ locomo_conv-43_qa26 失败: Error code: 400 - {'error': {'message': 'Access denied, please make sure your account is i
    ⚠ locomo_conv-43_qa25 失败: Error code: 400 - {'error': {'message': 'Access denied, please make sure your account is i
    ⚠ locomo_conv-43_qa23 失败: Error code: 400 - {'error': {'message': 'Access denied, please make sure your account is i
    ⚠ locomo_conv-43_qa27 失败: Error code: 400 - {'error': {'message': 'Access denied, please make sure your account is i
    ⚠ locomo_conv-43_qa3 失败: Error code: 400 - {'error': {'message': 'Access denied, please make sure your account is i
    ⚠ locomo_conv-43_qa28 失败: Error code: 400 - {'error': {'message': 'Access denied, please make sure your account is i
    ⚠ locomo_conv-43_qa30 失败: Error code: 400 - {'error': {'message': 'Access denied, please make sure your account is i
    ⚠ locomo_conv-43_qa31 失败: Error code: 400 - {'error': {'message': 'Access denied, please make sure your account is i
    ⚠ locomo_conv-43_qa32 失败: Error code: 400 - {'error': {'message': 'Access denied, please make sure your account is i
    ⚠ locomo_conv-43_qa34 失败: Error code: 400 - {'error': {'message': 'Access denied, please make sure your account is i
    ⚠ locomo_conv-43_qa35 失败: Error code: 400 - {'error': {'message': 'Access denied, please make sure your account is i
    ⚠ locomo_conv-43_qa38 失败: Error code: 400 - {'error': {'message': 'Access denied, please make sure your account is i
    ⚠ locomo_conv-43_qa37 失败: Error code: 400 - {'error': {'message': 'Access denied, please make sure your account is i
    ⚠ locomo_conv-43_qa39 失败: Error code: 400 - {'error': {'message': 'Access denied, please make sure your account is i
    ⚠ locomo_conv-43_qa40 失败: Error code: 400 - {'error': {'message': 'Access denied, please make sure your account is i
    ⚠ locomo_conv-43_qa41 失败: Error code: 400 - {'error': {'message': 'Access denied, please make sure your account is i
    ⚠ locomo_conv-43_qa42 失败: Error code: 400 - {'error': {'message': 'Access denied, please make sure your account is i
    ⚠ locomo_conv-43_qa44 失败: Error code: 400 - {'error': {'message': 'Access denied, please make sure your account is i
    ⚠ locomo_conv-43_qa43 失败: Error code: 400 - {'error': {'message': 'Access denied, please make sure your account is i
    ⚠ locomo_conv-43_qa4 失败: Error code: 400 - {'error': {'message': 'Access denied, please make sure your account is i
    ⚠ locomo_conv-43_qa45 失败: Error code: 400 - {'error': {'message': 'Access denied, please make sure your account is i
    ⚠ locomo_conv-43_qa48 失败: Error code: 400 - {'error': {'message': 'Access denied, please make sure your account is i
    ⚠ locomo_conv-43_qa47 失败: Error code: 400 - {'error': {'message': 'Access denied, please make sure your account is i
    ⚠ locomo_conv-43_qa5 失败: Error code: 400 - {'error': {'message': 'Access denied, please make sure your account is i
    ⚠ locomo_conv-43_qa49 失败: Error code: 400 - {'error': {'message': 'Access denied, please make sure your account is i
    ⚠ locomo_conv-42_qa154 失败: Error code: 400 - {'error': {'message': 'Access denied, please make sure your account is i
    ⚠ locomo_conv-43_qa51 失败: Error code: 400 - {'error': {'message': 'Access denied, please make sure your account is i
    ⚠ locomo_conv-43_qa50 失败: Error code: 400 - {'error': {'message': 'Access denied, please make sure your account is i
    ⚠ locomo_conv-43_qa53 失败: Error code: 400 - {'error': {'message': 'Access denied, please make sure your account is i
    ⚠ locomo_conv-43_qa52 失败: Error code: 400 - {'error': {'message': 'Access denied, please make sure your account is i
    ⚠ locomo_conv-43_qa55 失败: Error code: 400 - {'error': {'message': 'Access denied, please make sure your account is i
    ⚠ locomo_conv-43_qa54 失败: Error code: 400 - {'error': {'message': 'Access denied, please make sure your account is i
    ⚠ locomo_conv-43_qa56 失败: Error code: 400 - {'error': {'message': 'Access denied, please make sure your account is i
    ⚠ locomo_conv-43_qa57 失败: Error code: 400 - {'error': {'message': 'Access denied, please make sure your account is i
    ⚠ locomo_conv-43_qa6 失败: Error code: 400 - {'error': {'message': 'Access denied, please make sure your account is i
    ⚠ locomo_conv-43_qa58 失败: Error code: 400 - {'error': {'message': 'Access denied, please make sure your account is i
    ⚠ locomo_conv-43_qa61 失败: Error code: 400 - {'error': {'message': 'Access denied, please make sure your account is i
    ⚠ locomo_conv-43_qa60 失败: Error code: 400 - {'error': {'message': 'Access denied, please make sure your account is i
    ⚠ locomo_conv-43_qa63 失败: Error code: 400 - {'error': {'message': 'Access denied, please make sure your account is i
    ⚠ locomo_conv-43_qa65 失败: Error code: 400 - {'error': {'message': 'Access denied, please make sure your account is i
    ⚠ locomo_conv-43_qa66 失败: Error code: 400 - {'error': {'message': 'Access denied, please make sure your account is i
    ⚠ locomo_conv-43_qa67 失败: Error code: 400 - {'error': {'message': 'Access denied, please make sure your account is i
    ⚠ locomo_conv-43_qa74 失败: Error code: 400 - {'error': {'message': 'Access denied, please make sure your account is i
    ⚠ locomo_conv-43_qa7 失败: Error code: 400 - {'error': {'message': 'Access denied, please make sure your account is i
    ⚠ locomo_conv-43_qa75 失败: Error code: 400 - {'error': {'message': 'Access denied, please make sure your account is i
    ⚠ locomo_conv-43_qa76 失败: Error code: 400 - {'error': {'message': 'Access denied, please make sure your account is i
    ⚠ locomo_conv-43_qa78 失败: Error code: 400 - {'error': {'message': 'Access denied, please make sure your account is i
    ⚠ locomo_conv-43_qa8 失败: Error code: 400 - {'error': {'message': 'Access denied, please make sure your account is i
    ⚠ locomo_conv-43_qa81 失败: Error code: 400 - {'error': {'message': 'Access denied, please make sure your account is i
    ⚠ locomo_conv-43_qa79 失败: Error code: 400 - {'error': {'message': 'Access denied, please make sure your account is i
    ⚠ locomo_conv-43_qa82 失败: Error code: 400 - {'error': {'message': 'Access denied, please make sure your account is i
    ⚠ locomo_conv-43_qa86 失败: Error code: 400 - {'error': {'message': 'Access denied, please make sure your account is i
    ⚠ locomo_conv-43_qa85 失败: Error code: 400 - {'error': {'message': 'Access denied, please make sure your account is i
    ⚠ locomo_conv-43_qa9 失败: Error code: 400 - {'error': {'message': 'Access denied, please make sure your account is i
    ⚠ locomo_conv-43_qa87 失败: Error code: 400 - {'error': {'message': 'Access denied, please make sure your account is i
    ⚠ locomo_conv-43_qa88 失败: Error code: 400 - {'error': {'message': 'Access denied, please make sure your account is i
    ⚠ locomo_conv-43_qa92 失败: Error code: 400 - {'error': {'message': 'Access denied, please make sure your account is i
    ⚠ locomo_conv-43_qa91 失败: Error code: 400 - {'error': {'message': 'Access denied, please make sure your account is i
    ⚠ locomo_conv-43_qa95 失败: Error code: 400 - {'error': {'message': 'Access denied, please make sure your account is i
    ⚠ locomo_conv-43_qa94 失败: Error code: 400 - {'error': {'message': 'Access denied, please make sure your account is i
    ⚠ locomo_conv-43_qa98 失败: Error code: 400 - {'error': {'message': 'Access denied, please make sure your account is i
    ⚠ locomo_conv-43_qa99 失败: Error code: 400 - {'error': {'message': 'Access denied, please make sure your account is i
    ⚠ locomo_conv-44_qa100 失败: Error code: 400 - {'error': {'message': 'Access denied, please make sure your account is i
    ⚠ locomo_conv-44_qa0 失败: Error code: 400 - {'error': {'message': 'Access denied, please make sure your account is i
    ⚠ locomo_conv-44_qa1 失败: Error code: 400 - {'error': {'message': 'Access denied, please make sure your account is i
    ⚠ locomo_conv-44_qa101 失败: Error code: 400 - {'error': {'message': 'Access denied, please make sure your account is i
    评测 450/616 (6s)
    ⚠ locomo_conv-44_qa102 失败: Error code: 400 - {'error': {'message': 'Access denied, please make sure your account is i
    ⚠ locomo_conv-44_qa103 失败: Error code: 400 - {'error': {'message': 'Access denied, please make sure your account is i
    ⚠ locomo_conv-44_qa11 失败: Error code: 400 - {'error': {'message': 'Access denied, please make sure your account is i
    ⚠ locomo_conv-44_qa109 失败: Error code: 400 - {'error': {'message': 'Access denied, please make sure your account is i
    ⚠ locomo_conv-44_qa110 失败: Error code: 400 - {'error': {'message': 'Access denied, please make sure your account is i
    ⚠ locomo_conv-44_qa113 失败: Error code: 400 - {'error': {'message': 'Access denied, please make sure your account is i
    ⚠ locomo_conv-44_qa115 失败: Error code: 400 - {'error': {'message': 'Access denied, please make sure your account is i
    ⚠ locomo_conv-44_qa118 失败: Error code: 400 - {'error': {'message': 'Access denied, please make sure your account is i
    ⚠ locomo_conv-44_qa119 失败: Error code: 400 - {'error': {'message': 'Access denied, please make sure your account is i
    ⚠ locomo_conv-44_qa120 失败: Error code: 400 - {'error': {'message': 'Access denied, please make sure your account is i
    ⚠ locomo_conv-44_qa13 失败: Error code: 400 - {'error': {'message': 'Access denied, please make sure your account is i
    ⚠ locomo_conv-44_qa122 失败: Error code: 400 - {'error': {'message': 'Access denied, please make sure your account is i
    ⚠ locomo_conv-44_qa14 失败: Error code: 400 - {'error': {'message': 'Access denied, please make sure your account is i
    ⚠ locomo_conv-44_qa16 失败: Error code: 400 - {'error': {'message': 'Access denied, please make sure your account is i
    ⚠ locomo_conv-44_qa17 失败: Error code: 400 - {'error': {'message': 'Access denied, please make sure your account is i
    ⚠ locomo_conv-44_qa15 失败: Error code: 400 - {'error': {'message': 'Access denied, please make sure your account is i
    ⚠ locomo_conv-44_qa19 失败: Error code: 400 - {'error': {'message': 'Access denied, please make sure your account is i
    ⚠ locomo_conv-44_qa2 失败: Error code: 400 - {'error': {'message': 'Access denied, please make sure your account is i
    ⚠ locomo_conv-44_qa20 失败: Error code: 400 - {'error': {'message': 'Access denied, please make sure your account is i
    ⚠ locomo_conv-44_qa21 失败: Error code: 400 - {'error': {'message': 'Access denied, please make sure your account is i
    ⚠ locomo_conv-44_qa22 失败: Error code: 400 - {'error': {'message': 'Access denied, please make sure your account is i
    ⚠ locomo_conv-44_qa24 失败: Error code: 400 - {'error': {'message': 'Access denied, please make sure your account is i
    ⚠ locomo_conv-44_qa25 失败: Error code: 400 - {'error': {'message': 'Access denied, please make sure your account is i
    ⚠ locomo_conv-44_qa3 失败: Error code: 400 - {'error': {'message': 'Access denied, please make sure your account is i
    ⚠ locomo_conv-44_qa30 失败: Error code: 400 - {'error': {'message': 'Access denied, please make sure your account is i
    ⚠ locomo_conv-44_qa31 失败: Error code: 400 - {'error': {'message': 'Access denied, please make sure your account is i
    ⚠ locomo_conv-44_qa33 失败: Error code: 400 - {'error': {'message': 'Access denied, please make sure your account is i
    ⚠ locomo_conv-44_qa34 失败: Error code: 400 - {'error': {'message': 'Access denied, please make sure your account is i
    ⚠ locomo_conv-44_qa37 失败: Error code: 400 - {'error': {'message': 'Access denied, please make sure your account is i
    ⚠ locomo_conv-44_qa39 失败: Error code: 400 - {'error': {'message': 'Access denied, please make sure your account is i
    ⚠ locomo_conv-44_qa35 失败: Error code: 400 - {'error': {'message': 'Access denied, please make sure your account is i
    ⚠ locomo_conv-44_qa4 失败: Error code: 400 - {'error': {'message': 'Access denied, please make sure your account is i
    ⚠ locomo_conv-44_qa43 失败: Error code: 400 - {'error': {'message': 'Access denied, please make sure your account is i
    ⚠ locomo_conv-44_qa44 失败: Error code: 400 - {'error': {'message': 'Access denied, please make sure your account is i
    ⚠ locomo_conv-44_qa41 失败: Error code: 400 - {'error': {'message': 'Access denied, please make sure your account is i
    ⚠ locomo_conv-44_qa48 失败: Error code: 400 - {'error': {'message': 'Access denied, please make sure your account is i
    ⚠ locomo_conv-44_qa47 失败: Error code: 400 - {'error': {'message': 'Access denied, please make sure your account is i
    ⚠ locomo_conv-44_qa5 失败: Error code: 400 - {'error': {'message': 'Access denied, please make sure your account is i
    ⚠ locomo_conv-44_qa50 失败: Error code: 400 - {'error': {'message': 'Access denied, please make sure your account is i
    ⚠ locomo_conv-44_qa52 失败: Error code: 400 - {'error': {'message': 'Access denied, please make sure your account is i
    ⚠ locomo_conv-44_qa53 失败: Error code: 400 - {'error': {'message': 'Access denied, please make sure your account is i
    ⚠ locomo_conv-44_qa54 失败: Error code: 400 - {'error': {'message': 'Access denied, please make sure your account is i
    ⚠ locomo_conv-44_qa55 失败: Error code: 400 - {'error': {'message': 'Access denied, please make sure your account is i
    ⚠ locomo_conv-44_qa56 失败: Error code: 400 - {'error': {'message': 'Access denied, please make sure your account is i
    ⚠ locomo_conv-44_qa58 失败: Error code: 400 - {'error': {'message': 'Access denied, please make sure your account is i
    ⚠ locomo_conv-44_qa6 失败: Error code: 400 - {'error': {'message': 'Access denied, please make sure your account is i
    ⚠ locomo_conv-44_qa59 失败: Error code: 400 - {'error': {'message': 'Access denied, please make sure your account is i
    ⚠ locomo_conv-44_qa65 失败: Error code: 400 - {'error': {'message': 'Access denied, please make sure your account is i
    ⚠ locomo_conv-44_qa68 失败: Error code: 400 - {'error': {'message': 'Access denied, please make sure your account is i
    ⚠ locomo_conv-44_qa70 失败: Error code: 400 - {'error': {'message': 'Access denied, please make sure your account is i
    ⚠ locomo_conv-44_qa7 失败: Error code: 400 - {'error': {'message': 'Access denied, please make sure your account is i
    ⚠ locomo_conv-44_qa72 失败: Error code: 400 - {'error': {'message': 'Access denied, please make sure your account is i
    ⚠ locomo_conv-44_qa74 失败: Error code: 400 - {'error': {'message': 'Access denied, please make sure your account is i
    ⚠ locomo_conv-44_qa73 失败: Error code: 400 - {'error': {'message': 'Access denied, please make sure your account is i
    ⚠ locomo_conv-44_qa75 失败: Error code: 400 - {'error': {'message': 'Access denied, please make sure your account is i
    ⚠ locomo_conv-44_qa79 失败: Error code: 400 - {'error': {'message': 'Access denied, please make sure your account is i
    ⚠ locomo_conv-44_qa85 失败: Error code: 400 - {'error': {'message': 'Access denied, please make sure your account is i
    ⚠ locomo_conv-44_qa83 失败: Error code: 400 - {'error': {'message': 'Access denied, please make sure your account is i
    ⚠ locomo_conv-44_qa86 失败: Error code: 400 - {'error': {'message': 'Access denied, please make sure your account is i
    ⚠ locomo_conv-44_qa88 失败: Error code: 400 - {'error': {'message': 'Access denied, please make sure your account is i
    ⚠ locomo_conv-44_qa90 失败: Error code: 400 - {'error': {'message': 'Access denied, please make sure your account is i
    ⚠ locomo_conv-44_qa9 失败: Error code: 400 - {'error': {'message': 'Access denied, please make sure your account is i
    ⚠ locomo_conv-44_qa92 失败: Error code: 400 - {'error': {'message': 'Access denied, please make sure your account is i
    ⚠ locomo_conv-44_qa95 失败: Error code: 400 - {'error': {'message': 'Access denied, please make sure your account is i
    ⚠ locomo_conv-44_qa93 失败: Error code: 400 - {'error': {'message': 'Access denied, please make sure your account is i
    ⚠ locomo_conv-44_qa96 失败: Error code: 400 - {'error': {'message': 'Access denied, please make sure your account is i
    ⚠ locomo_conv-44_qa97 失败: Error code: 400 - {'error': {'message': 'Access denied, please make sure your account is i
    ⚠ locomo_conv-44_qa98 失败: Error code: 400 - {'error': {'message': 'Access denied, please make sure your account is i
    ⚠ locomo_conv-47_qa0 失败: Error code: 400 - {'error': {'message': 'Access denied, please make sure your account is i
    ⚠ locomo_conv-47_qa101 失败: Error code: 400 - {'error': {'message': 'Access denied, please make sure your account is i
    ⚠ locomo_conv-47_qa10 失败: Error code: 400 - {'error': {'message': 'Access denied, please make sure your account is i
    ⚠ locomo_conv-47_qa104 失败: Error code: 400 - {'error': {'message': 'Access denied, please make sure your account is i
    ⚠ locomo_conv-47_qa108 失败: Error code: 400 - {'error': {'message': 'Access denied, please make sure your account is i
    ⚠ locomo_conv-47_qa107 失败: Error code: 400 - {'error': {'message': 'Access denied, please make sure your account is i
    ⚠ locomo_conv-47_qa109 失败: Error code: 400 - {'error': {'message': 'Access denied, please make sure your account is i
    ⚠ locomo_conv-47_qa110 失败: Error code: 400 - {'error': {'message': 'Access denied, please make sure your account is i
    ⚠ locomo_conv-47_qa11 失败: Error code: 400 - {'error': {'message': 'Access denied, please make sure your account is i
    ⚠ locomo_conv-47_qa114 失败: Error code: 400 - {'error': {'message': 'Access denied, please make sure your account is i
    ⚠ locomo_conv-47_qa113 失败: Error code: 400 - {'error': {'message': 'Access denied, please make sure your account is i
    ⚠ locomo_conv-47_qa117 失败: Error code: 400 - {'error': {'message': 'Access denied, please make sure your account is i
    ⚠ locomo_conv-47_qa118 失败: Error code: 400 - {'error': {'message': 'Access denied, please make sure your account is i
    ⚠ locomo_conv-47_qa124 失败: Error code: 400 - {'error': {'message': 'Access denied, please make sure your account is i
    ⚠ locomo_conv-47_qa12 失败: Error code: 400 - {'error': {'message': 'Access denied, please make sure your account is i
    ⚠ locomo_conv-47_qa126 失败: Error code: 400 - {'error': {'message': 'Access denied, please make sure your account is i
    ⚠ locomo_conv-47_qa125 失败: Error code: 400 - {'error': {'message': 'Access denied, please make sure your account is i
    ⚠ locomo_conv-47_qa128 失败: Error code: 400 - {'error': {'message': 'Access denied, please make sure your account is i
    ⚠ locomo_conv-47_qa130 失败: Error code: 400 - {'error': {'message': 'Access denied, please make sure your account is i
    ⚠ locomo_conv-47_qa13 失败: Error code: 400 - {'error': {'message': 'Access denied, please make sure your account is i
    ⚠ locomo_conv-47_qa134 失败: Error code: 400 - {'error': {'message': 'Access denied, please make sure your account is i
    ⚠ locomo_conv-47_qa131 失败: Error code: 400 - {'error': {'message': 'Access denied, please make sure your account is i
    ⚠ locomo_conv-47_qa137 失败: Error code: 400 - {'error': {'message': 'Access denied, please make sure your account is i
    ⚠ locomo_conv-47_qa139 失败: Error code: 400 - {'error': {'message': 'Access denied, please make sure your account is i
    ⚠ locomo_conv-47_qa14 失败: Error code: 400 - {'error': {'message': 'Access denied, please make sure your account is i
    ⚠ locomo_conv-47_qa143 失败: Error code: 400 - {'error': {'message': 'Access denied, please make sure your account is i
    ⚠ locomo_conv-47_qa144 失败: Error code: 400 - {'error': {'message': 'Access denied, please make sure your account is i
    ⚠ locomo_conv-47_qa146 失败: Error code: 400 - {'error': {'message': 'Access denied, please make sure your account is i
    ⚠ locomo_conv-47_qa148 失败: Error code: 400 - {'error': {'message': 'Access denied, please make sure your account is i
    ⚠ locomo_conv-47_qa16 失败: Error code: 400 - {'error': {'message': 'Access denied, please make sure your account is i
    ⚠ locomo_conv-47_qa15 失败: Error code: 400 - {'error': {'message': 'Access denied, please make sure your account is i
    ⚠ locomo_conv-47_qa17 失败: Error code: 400 - {'error': {'message': 'Access denied, please make sure your account is i
    ⚠ locomo_conv-47_qa19 失败: Error code: 400 - {'error': {'message': 'Access denied, please make sure your account is i
    ⚠ locomo_conv-47_qa2 失败: Error code: 400 - {'error': {'message': 'Access denied, please make sure your account is i
    ⚠ locomo_conv-47_qa18 失败: Error code: 400 - {'error': {'message': 'Access denied, please make sure your account is i
    ⚠ locomo_conv-47_qa22 失败: Error code: 400 - {'error': {'message': 'Access denied, please make sure your account is i
    ⚠ locomo_conv-47_qa21 失败: Error code: 400 - {'error': {'message': 'Access denied, please make sure your account is i
    ⚠ locomo_conv-47_qa23 失败: Error code: 400 - {'error': {'message': 'Access denied, please make sure your account is i
    ⚠ locomo_conv-47_qa25 失败: Error code: 400 - {'error': {'message': 'Access denied, please make sure your account is i
    ⚠ locomo_conv-47_qa26 失败: Error code: 400 - {'error': {'message': 'Access denied, please make sure your account is i
    ⚠ locomo_conv-47_qa29 失败: Error code: 400 - {'error': {'message': 'Access denied, please make sure your account is i
    ⚠ locomo_conv-47_qa30 失败: Error code: 400 - {'error': {'message': 'Access denied, please make sure your account is i
    ⚠ locomo_conv-47_qa32 失败: Error code: 400 - {'error': {'message': 'Access denied, please make sure your account is i
    ⚠ locomo_conv-47_qa33 失败: Error code: 400 - {'error': {'message': 'Access denied, please make sure your account is i
    ⚠ locomo_conv-47_qa36 失败: Error code: 400 - {'error': {'message': 'Access denied, please make sure your account is i
    ⚠ locomo_conv-47_qa35 失败: Error code: 400 - {'error': {'message': 'Access denied, please make sure your account is i
    ⚠ locomo_conv-47_qa38 失败: Error code: 400 - {'error': {'message': 'Access denied, please make sure your account is i
    ⚠ locomo_conv-47_qa37 失败: Error code: 400 - {'error': {'message': 'Access denied, please make sure your account is i
    ⚠ locomo_conv-47_qa4 失败: Error code: 400 - {'error': {'message': 'Access denied, please make sure your account is i
    ⚠ locomo_conv-47_qa39 失败: Error code: 400 - {'error': {'message': 'Access denied, please make sure your account is i
    ⚠ locomo_conv-47_qa41 失败: Error code: 400 - {'error': {'message': 'Access denied, please make sure your account is i
    ⚠ locomo_conv-47_qa40 失败: Error code: 400 - {'error': {'message': 'Access denied, please make sure your account is i
    ⚠ locomo_conv-47_qa44 失败: Error code: 400 - {'error': {'message': 'Access denied, please make sure your account is i
    ⚠ locomo_conv-47_qa45 失败: Error code: 400 - {'error': {'message': 'Access denied, please make sure your account is i
    ⚠ locomo_conv-47_qa5 失败: Error code: 400 - {'error': {'message': 'Access denied, please make sure your account is i
    ⚠ locomo_conv-47_qa50 失败: Error code: 400 - {'error': {'message': 'Access denied, please make sure your account is i
    ⚠ locomo_conv-47_qa51 失败: Error code: 400 - {'error': {'message': 'Access denied, please make sure your account is i
    ⚠ locomo_conv-47_qa52 失败: Error code: 400 - {'error': {'message': 'Access denied, please make sure your account is i
    ⚠ locomo_conv-47_qa53 失败: Error code: 400 - {'error': {'message': 'Access denied, please make sure your account is i
    ⚠ locomo_conv-47_qa55 失败: Error code: 400 - {'error': {'message': 'Access denied, please make sure your account is i
    ⚠ locomo_conv-47_qa56 失败: Error code: 400 - {'error': {'message': 'Access denied, please make sure your account is i
    ⚠ locomo_conv-47_qa59 失败: Error code: 400 - {'error': {'message': 'Access denied, please make sure your account is i
    ⚠ locomo_conv-47_qa57 失败: Error code: 400 - {'error': {'message': 'Access denied, please make sure your account is i
    ⚠ locomo_conv-47_qa6 失败: Error code: 400 - {'error': {'message': 'Access denied, please make sure your account is i
    ⚠ locomo_conv-47_qa62 失败: Error code: 400 - {'error': {'message': 'Access denied, please make sure your account is i
    ⚠ locomo_conv-47_qa64 失败: Error code: 400 - {'error': {'message': 'Access denied, please make sure your account is i
    ⚠ locomo_conv-47_qa65 失败: Error code: 400 - {'error': {'message': 'Access denied, please make sure your account is i
    ⚠ locomo_conv-47_qa66 失败: Error code: 400 - {'error': {'message': 'Access denied, please make sure your account is i
    ⚠ locomo_conv-47_qa67 失败: Error code: 400 - {'error': {'message': 'Access denied, please make sure your account is i
    ⚠ locomo_conv-47_qa7 失败: Error code: 400 - {'error': {'message': 'Access denied, please make sure your account is i
    ⚠ locomo_conv-47_qa70 失败: Error code: 400 - {'error': {'message': 'Access denied, please make sure your account is i
    ⚠ locomo_conv-47_qa74 失败: Error code: 400 - {'error': {'message': 'Access denied, please make sure your account is i
    ⚠ locomo_conv-47_qa75 失败: Error code: 400 - {'error': {'message': 'Access denied, please make sure your account is i
    ⚠ locomo_conv-47_qa76 失败: Error code: 400 - {'error': {'message': 'Access denied, please make sure your account is i
    ⚠ locomo_conv-47_qa80 失败: Error code: 400 - {'error': {'message': 'Access denied, please make sure your account is i
    ⚠ locomo_conv-47_qa81 失败: Error code: 400 - {'error': {'message': 'Access denied, please make sure your account is i
    ⚠ locomo_conv-47_qa84 失败: Error code: 400 - {'error': {'message': 'Access denied, please make sure your account is i
    ⚠ locomo_conv-47_qa86 失败: Error code: 400 - {'error': {'message': 'Access denied, please make sure your account is i
    ⚠ locomo_conv-47_qa87 失败: Error code: 400 - {'error': {'message': 'Access denied, please make sure your account is i
    ⚠ locomo_conv-47_qa88 失败: Error code: 400 - {'error': {'message': 'Access denied, please make sure your account is i
    ⚠ locomo_conv-47_qa9 失败: Error code: 400 - {'error': {'message': 'Access denied, please make sure your account is i
    ⚠ locomo_conv-47_qa89 失败: Error code: 400 - {'error': {'message': 'Access denied, please make sure your account is i
    评测 600/616 (8s)
    ⚠ locomo_conv-47_qa92 失败: Error code: 400 - {'error': {'message': 'Access denied, please make sure your account is i
    ⚠ locomo_conv-47_qa94 失败: Error code: 400 - {'error': {'message': 'Access denied, please make sure your account is i
    ⚠ locomo_conv-47_qa96 失败: Error code: 400 - {'error': {'message': 'Access denied, please make sure your account is i
    ⚠ locomo_conv-26_qa107 失败: Error code: 400 - {'error': {'message': 'Access denied, please make sure your account is i
    ⚠ locomo_conv-47_qa97 失败: Error code: 400 - {'error': {'message': 'Access denied, please make sure your account is i
    ⚠ locomo_conv-26_qa11 失败: Error code: 400 - {'error': {'message': 'Access denied, please make sure your account is i
    ⚠ locomo_conv-26_qa109 失败: Error code: 400 - {'error': {'message': 'Access denied, please make sure your account is i
    ⚠ locomo_conv-26_qa112 失败: Error code: 400 - {'error': {'message': 'Access denied, please make sure your account is i
    ⚠ locomo_conv-26_qa110 失败: Error code: 400 - {'error': {'message': 'Access denied, please make sure your account is i
    ⚠ locomo_conv-26_qa113 失败: Error code: 400 - {'error': {'message': 'Access denied, please make sure your account is i
    ⚠ locomo_conv-26_qa114 失败: Error code: 400 - {'error': {'message': 'Access denied, please make sure your account is i
    ⚠ locomo_conv-26_qa115 失败: Error code: 400 - {'error': {'message': 'Access denied, please make sure your account is i
    ⚠ locomo_conv-26_qa104 失败: Error code: 400 - {'error': {'message': 'Access denied, please make sure your account is i
    ⚠ locomo_conv-26_qa106 失败: Error code: 400 - {'error': {'message': 'Access denied, please make sure your account is i
    ⚠ locomo_conv-43_qa70 失败: Error code: 400 - {'error': {'message': 'Access denied, please make sure your account is i
    ⚠ locomo_conv-47_qa31 失败: Error code: 400 - {'error': {'message': 'Access denied, please make sure your account is i
  → exact 0/0 (参考 0) Δ=+0 ↑0 ↓0 | {} | 10.8s

===== round r202_pn50: graphs=['s2', 'v8cluster', 'v10concept'] retrieval={'per_node': 50} preset=official_precise
    ⚠ locomo_conv-26_qa10 失败: Error code: 400 - {'error': {'message': 'Access denied, please make sure your account is i
    ⚠ locomo_conv-26_qa0 失败: Error code: 400 - {'error': {'message': 'Access denied, please make sure your account is i
    ⚠ locomo_conv-26_qa102 失败: Error code: 400 - {'error': {'message': 'Access denied, please make sure your account is i
    ⚠ locomo_conv-26_qa103 失败: Error code: 400 - {'error': {'message': 'Access denied, please make sure your account is i
    ⚠ locomo_conv-26_qa117 失败: Error code: 400 - {'error': {'message': 'Access denied, please make sure your account is i
    ⚠ locomo_conv-26_qa118 失败: Error code: 400 - {'error': {'message': 'Access denied, please make sure your account is i
    ⚠ locomo_conv-26_qa12 失败: Error code: 400 - {'error': {'message': 'Access denied, please make sure your account is i
    ⚠ locomo_conv-26_qa120 失败: Error code: 400 - {'error': {'message': 'Access denied, please make sure your account is i
    ⚠ locomo_conv-26_qa121 失败: Error code: 400 - {'error': {'message': 'Access denied, please make sure your account is i
    ⚠ locomo_conv-26_qa122 失败: Error code: 400 - {'error': {'message': 'Access denied, please make sure your account is i
    ⚠ locomo_conv-26_qa126 失败: Error code: 400 - {'error': {'message': 'Access denied, please make sure your account is i
    ⚠ locomo_conv-26_qa127 失败: Error code: 400 - {'error': {'message': 'Access denied, please make sure your account is i
    ⚠ locomo_conv-26_qa128 失败: Error code: 400 - {'error': {'message': 'Access denied, please make sure your account is i
    ⚠ locomo_conv-26_qa130 失败: Error code: 400 - {'error': {'message': 'Access denied, please make sure your account is i
    ⚠ locomo_conv-26_qa134 失败: Error code: 400 - {'error': {'message': 'Access denied, please make sure your account is i
    ⚠ locomo_conv-26_qa133 失败: Error code: 400 - {'error': {'message': 'Access denied, please make sure your account is i
    ⚠ locomo_conv-26_qa135 失败: Error code: 400 - {'error': {'message': 'Access denied, please make sure your account is i
    ⚠ locomo_conv-26_qa138 失败: Error code: 400 - {'error': {'message': 'Access denied, please make sure your account is i
    ⚠ locomo_conv-26_qa137 失败: Error code: 400 - {'error': {'message': 'Access denied, please make sure your account is i
    ⚠ locomo_conv-26_qa142 失败: Error code: 400 - {'error': {'message': 'Access denied, please make sure your account is i
    ⚠ locomo_conv-26_qa140 失败: Error code: 400 - {'error': {'message': 'Access denied, please make sure your account is i
    ⚠ locomo_conv-26_qa143 失败: Error code: 400 - {'error': {'message': 'Access denied, please make sure your account is i
    ⚠ locomo_conv-26_qa145 失败: Error code: 400 - {'error': {'message': 'Access denied, please make sure your account is i
    ⚠ locomo_conv-26_qa144 失败: Error code: 400 - {'error': {'message': 'Access denied, please make sure your account is i
    ⚠ locomo_conv-26_qa147 失败: Error code: 400 - {'error': {'message': 'Access denied, please make sure your account is i
    ⚠ locomo_conv-26_qa148 失败: Error code: 400 - {'error': {'message': 'Access denied, please make sure your account is i
    ⚠ locomo_conv-26_qa150 失败: Error code: 400 - {'error': {'message': 'Access denied, please make sure your account is i
    ⚠ locomo_conv-26_qa15 失败: Error code: 400 - {'error': {'message': 'Access denied, please make sure your account is i
    ⚠ locomo_conv-26_qa2 失败: Error code: 400 - {'error': {'message': 'Access denied, please make sure your account is i
    ⚠ locomo_conv-26_qa19 失败: Error code: 400 - {'error': {'message': 'Access denied, please make sure your account is i
    ⚠ locomo_conv-26_qa18 失败: Error code: 400 - {'error': {'message': 'Access denied, please make sure your account is i
    ⚠ locomo_conv-26_qa21 失败: Error code: 400 - {'error': {'message': 'Access denied, please make sure your account is i
    ⚠ locomo_conv-26_qa23 失败: Error code: 400 - {'error': {'message': 'Access denied, please make sure your account is i
    ⚠ locomo_conv-26_qa26 失败: Error code: 400 - {'error': {'message': 'Access denied, please make sure your account is i
    ⚠ locomo_conv-26_qa29 失败: Error code: 400 - {'error': {'message': 'Access denied, please make sure your account is i
    ⚠ locomo_conv-26_qa27 失败: Error code: 400 - {'error': {'message': 'Access denied, please make sure your account is i
    ⚠ locomo_conv-26_qa30 失败: Error code: 400 - {'error': {'message': 'Access denied, please make sure your account is i
    ⚠ locomo_conv-26_qa31 失败: Error code: 400 - {'error': {'message': 'Access denied, please make sure your account is i
    ⚠ locomo_conv-26_qa33 失败: Error code: 400 - {'error': {'message': 'Access denied, please make sure your account is i
    ⚠ locomo_conv-26_qa35 失败: Error code: 400 - {'error': {'message': 'Access denied, please make sure your account is i
    ⚠ locomo_conv-26_qa32 失败: Error code: 400 - {'error': {'message': 'Access denied, please make sure your account is i
    ⚠ locomo_conv-26_qa39 失败: Error code: 400 - {'error': {'message': 'Access denied, please make sure your account is i
    ⚠ locomo_conv-26_qa37 失败: Error code: 400 - {'error': {'message': 'Access denied, please make sure your account is i
    ⚠ locomo_conv-26_qa36 失败: Error code: 400 - {'error': {'message': 'Access denied, please make sure your account is i
    ⚠ locomo_conv-26_qa38 失败: Error code: 400 - {'error': {'message': 'Access denied, please make sure your account is i
    ⚠ locomo_conv-26_qa48 失败: Error code: 400 - {'error': {'message': 'Access denied, please make sure your account is i
    ⚠ locomo_conv-26_qa40 失败: Error code: 400 - {'error': {'message': 'Access denied, please make sure your account is i
    ⚠ locomo_conv-26_qa43 失败: Error code: 400 - {'error': {'message': 'Access denied, please make sure your account is i
    ⚠ locomo_conv-26_qa5 失败: Error code: 400 - {'error': {'message': 'Access denied, please make sure your account is i
    ⚠ locomo_conv-26_qa57 失败: Error code: 400 - {'error': {'message': 'Access denied, please make sure your account is i
    ⚠ locomo_conv-26_qa59 失败: Error code: 400 - {'error': {'message': 'Access denied, please make sure your account is i
    ⚠ locomo_conv-26_qa50 失败: Error code: 400 - {'error': {'message': 'Access denied, please make sure your account is i
    ⚠ locomo_conv-26_qa54 失败: Error code: 400 - {'error': {'message': 'Access denied, please make sure your account is i
    ⚠ locomo_conv-26_qa6 失败: Error code: 400 - {'error': {'message': 'Access denied, please make sure your account is i
    ⚠ locomo_conv-26_qa62 失败: Error code: 400 - {'error': {'message': 'Access denied, please make sure your account is i
    ⚠ locomo_conv-26_qa66 失败: Error code: 400 - {'error': {'message': 'Access denied, please make sure your account is i
    ⚠ locomo_conv-26_qa65 失败: Error code: 400 - {'error': {'message': 'Access denied, please make sure your account is i
    ⚠ locomo_conv-26_qa69 失败: Error code: 400 - {'error': {'message': 'Access denied, please make sure your account is i
    ⚠ locomo_conv-26_qa67 失败: Error code: 400 - {'error': {'message': 'Access denied, please make sure your account is i
    ⚠ locomo_conv-26_qa7 失败: Error code: 400 - {'error': {'message': 'Access denied, please make sure your account is i
    ⚠ locomo_conv-26_qa70 失败: Error code: 400 - {'error': {'message': 'Access denied, please make sure your account is i
    ⚠ locomo_conv-26_qa71 失败: Error code: 400 - {'error': {'message': 'Access denied, please make sure your account is i
    ⚠ locomo_conv-26_qa78 失败: Error code: 400 - {'error': {'message': 'Access denied, please make sure your account is i
    ⚠ locomo_conv-26_qa76 失败: Error code: 400 - {'error': {'message': 'Access denied, please make sure your account is i
    ⚠ locomo_conv-26_qa75 失败: Error code: 400 - {'error': {'message': 'Access denied, please make sure your account is i
    ⚠ locomo_conv-26_qa80 失败: Error code: 400 - {'error': {'message': 'Access denied, please make sure your account is i
    ⚠ locomo_conv-26_qa82 失败: Error code: 400 - {'error': {'message': 'Access denied, please make sure your account is i
    ⚠ locomo_conv-26_qa86 失败: Error code: 400 - {'error': {'message': 'Access denied, please make sure your account is i
    ⚠ locomo_conv-26_qa85 失败: Error code: 400 - {'error': {'message': 'Access denied, please make sure your account is i
    ⚠ locomo_conv-26_qa87 失败: Error code: 400 - {'error': {'message': 'Access denied, please make sure your account is i
    ⚠ locomo_conv-26_qa89 失败: Error code: 400 - {'error': {'message': 'Access denied, please make sure your account is i
    ⚠ locomo_conv-26_qa88 失败: Error code: 400 - {'error': {'message': 'Access denied, please make sure your account is i
    ⚠ locomo_conv-26_qa9 失败: Error code: 400 - {'error': {'message': 'Access denied, please make sure your account is i
    ⚠ locomo_conv-26_qa91 失败: Error code: 400 - {'error': {'message': 'Access denied, please make sure your account is i
    ⚠ locomo_conv-26_qa92 失败: Error code: 400 - {'error': {'message': 'Access denied, please make sure your account is i
    ⚠ locomo_conv-26_qa93 失败: Error code: 400 - {'error': {'message': 'Access denied, please make sure your account is i
    ⚠ locomo_conv-26_qa94 失败: Error code: 400 - {'error': {'message': 'Access denied, please make sure your account is i
    ⚠ locomo_conv-26_qa98 失败: Error code: 400 - {'error': {'message': 'Access denied, please make sure your account is i
    ⚠ locomo_conv-26_qa99 失败: Error code: 400 - {'error': {'message': 'Access denied, please make sure your account is i
    ⚠ locomo_conv-26_qa96 失败: Error code: 400 - {'error': {'message': 'Access denied, please make sure your account is i
    ⚠ locomo_conv-30_qa10 失败: Error code: 400 - {'error': {'message': 'Access denied, please make sure your account is i
    ⚠ locomo_conv-30_qa11 失败: Error code: 400 - {'error': {'message': 'Access denied, please make sure your account is i
    ⚠ locomo_conv-30_qa17 失败: Error code: 400 - {'error': {'message': 'Access denied, please make sure your account is i
    ⚠ locomo_conv-30_qa19 失败: Error code: 400 - {'error': {'message': 'Access denied, please make sure your account is i
    ⚠ locomo_conv-30_qa2 失败: Error code: 400 - {'error': {'message': 'Access denied, please make sure your account is i
    ⚠ locomo_conv-30_qa20 失败: Error code: 400 - {'error': {'message': 'Access denied, please make sure your account is i
    ⚠ locomo_conv-30_qa21 失败: Error code: 400 - {'error': {'message': 'Access denied, please make sure your account is i
    ⚠ locomo_conv-30_qa23 失败: Error code: 400 - {'error': {'message': 'Access denied, please make sure your account is i
    ⚠ locomo_conv-30_qa24 失败: Error code: 400 - {'error': {'message': 'Access denied, please make sure your account is i
    ⚠ locomo_conv-30_qa26 失败: Error code: 400 - {'error': {'message': 'Access denied, please make sure your account is i
    ⚠ locomo_conv-30_qa25 失败: Error code: 400 - {'error': {'message': 'Access denied, please make sure your account is i
    ⚠ locomo_conv-30_qa28 失败: Error code: 400 - {'error': {'message': 'Access denied, please make sure your account is i
    ⚠ locomo_conv-30_qa3 失败: Error code: 400 - {'error': {'message': 'Access denied, please make sure your account is i
    ⚠ locomo_conv-30_qa29 失败: Error code: 400 - {'error': {'message': 'Access denied, please make sure your account is i
    ⚠ locomo_conv-30_qa31 失败: Error code: 400 - {'error': {'message': 'Access denied, please make sure your account is i
    ⚠ locomo_conv-30_qa34 失败: Error code: 400 - {'error': {'message': 'Access denied, please make sure your account is i
    ⚠ locomo_conv-30_qa33 失败: Error code: 400 - {'error': {'message': 'Access denied, please make sure your account is i
    ⚠ locomo_conv-30_qa32 失败: Error code: 400 - {'error': {'message': 'Access denied, please make sure your account is i
    ⚠ locomo_conv-30_qa4 失败: Error code: 400 - {'error': {'message': 'Access denied, please make sure your account is i
    ⚠ locomo_conv-30_qa37 失败: Error code: 400 - {'error': {'message': 'Access denied, please make sure your account is i
    ⚠ locomo_conv-30_qa36 失败: Error code: 400 - {'error': {'message': 'Access denied, please make sure your account is i
    ⚠ locomo_conv-30_qa43 失败: Error code: 400 - {'error': {'message': 'Access denied, please make sure your account is i
    ⚠ locomo_conv-30_qa44 失败: Error code: 400 - {'error': {'message': 'Access denied, please make sure your account is i
    ⚠ locomo_conv-30_qa40 失败: Error code: 400 - {'error': {'message': 'Access denied, please make sure your account is i
    ⚠ locomo_conv-30_qa45 失败: Error code: 400 - {'error': {'message': 'Access denied, please make sure your account is i
    ⚠ locomo_conv-30_qa48 失败: Error code: 400 - {'error': {'message': 'Access denied, please make sure your account is i
    ⚠ locomo_conv-30_qa49 失败: Error code: 400 - {'error': {'message': 'Access denied, please make sure your account is i
    ⚠ locomo_conv-30_qa50 失败: Error code: 400 - {'error': {'message': 'Access denied, please make sure your account is i
    ⚠ locomo_conv-30_qa5 失败: Error code: 400 - {'error': {'message': 'Access denied, please make sure your account is i
    ⚠ locomo_conv-30_qa53 失败: Error code: 400 - {'error': {'message': 'Access denied, please make sure your account is i
    ⚠ locomo_conv-30_qa52 失败: Error code: 400 - {'error': {'message': 'Access denied, please make sure your account is i
    ⚠ locomo_conv-30_qa51 失败: Error code: 400 - {'error': {'message': 'Access denied, please make sure your account is i
    ⚠ locomo_conv-30_qa55 失败: Error code: 400 - {'error': {'message': 'Access denied, please make sure your account is i
    ⚠ locomo_conv-30_qa57 失败: Error code: 400 - {'error': {'message': 'Access denied, please make sure your account is i
    ⚠ locomo_conv-30_qa56 失败: Error code: 400 - {'error': {'message': 'Access denied, please make sure your account is i
    ⚠ locomo_conv-30_qa58 失败: Error code: 400 - {'error': {'message': 'Access denied, please make sure your account is i
    ⚠ locomo_conv-30_qa6 失败: Error code: 400 - {'error': {'message': 'Access denied, please make sure your account is i
    ⚠ locomo_conv-30_qa59 失败: Error code: 400 - {'error': {'message': 'Access denied, please make sure your account is i
    ⚠ locomo_conv-30_qa62 失败: Error code: 400 - {'error': {'message': 'Access denied, please make sure your account is i
    ⚠ locomo_conv-30_qa64 失败: Error code: 400 - {'error': {'message': 'Access denied, please make sure your account is i
    ⚠ locomo_conv-30_qa69 失败: Error code: 400 - {'error': {'message': 'Access denied, please make sure your account is i
    ⚠ locomo_conv-30_qa7 失败: Error code: 400 - {'error': {'message': 'Access denied, please make sure your account is i
    ⚠ locomo_conv-30_qa71 失败: Error code: 400 - {'error': {'message': 'Access denied, please make sure your account is i
    ⚠ locomo_conv-30_qa73 失败: Error code: 400 - {'error': {'message': 'Access denied, please make sure your account is i
    ⚠ locomo_conv-30_qa63 失败: Error code: 400 - {'error': {'message': 'Access denied, please make sure your account is i
    ⚠ locomo_conv-30_qa75 失败: Error code: 400 - {'error': {'message': 'Access denied, please make sure your account is i
    ⚠ locomo_conv-30_qa74 失败: Error code: 400 - {'error': {'message': 'Access denied, please make sure your account is i
    ⚠ locomo_conv-30_qa76 失败: Error code: 400 - {'error': {'message': 'Access denied, please make sure your account is i
    ⚠ locomo_conv-30_qa78 失败: Error code: 400 - {'error': {'message': 'Access denied, please make sure your account is i
    ⚠ locomo_conv-30_qa77 失败: Error code: 400 - {'error': {'message': 'Access denied, please make sure your account is i
    ⚠ locomo_conv-30_qa8 失败: Error code: 400 - {'error': {'message': 'Access denied, please make sure your account is i
    ⚠ locomo_conv-30_qa9 失败: Error code: 400 - {'error': {'message': 'Access denied, please make sure your account is i
    ⚠ locomo_conv-41_qa0 失败: Error code: 400 - {'error': {'message': 'Access denied, please make sure your account is i
    ⚠ locomo_conv-41_qa10 失败: Error code: 400 - {'error': {'message': 'Access denied, please make sure your account is i
    ⚠ locomo_conv-41_qa1 失败: Error code: 400 - {'error': {'message': 'Access denied, please make sure your account is i
    ⚠ locomo_conv-41_qa106 失败: Error code: 400 - {'error': {'message': 'Access denied, please make sure your account is i
    ⚠ locomo_conv-41_qa109 失败: Error code: 400 - {'error': {'message': 'Access denied, please make sure your account is i
    ⚠ locomo_conv-41_qa110 失败: Error code: 400 - {'error': {'message': 'Access denied, please make sure your account is i
    ⚠ locomo_conv-41_qa117 失败: Error code: 400 - {'error': {'message': 'Access denied, please make sure your account is i
    ⚠ locomo_conv-41_qa118 失败: Error code: 400 - {'error': {'message': 'Access denied, please make sure your account is i
    ⚠ locomo_conv-41_qa12 失败: Error code: 400 - {'error': {'message': 'Access denied, please make sure your account is i
    ⚠ locomo_conv-41_qa123 失败: Error code: 400 - {'error': {'message': 'Access denied, please make sure your account is i
    ⚠ locomo_conv-41_qa124 失败: Error code: 400 - {'error': {'message': 'Access denied, please make sure your account is i
    ⚠ locomo_conv-41_qa125 失败: Error code: 400 - {'error': {'message': 'Access denied, please make sure your account is i
    ⚠ locomo_conv-41_qa127 失败: Error code: 400 - {'error': {'message': 'Access denied, please make sure your account is i
    ⚠ locomo_conv-41_qa129 失败: Error code: 400 - {'error': {'message': 'Access denied, please make sure your account is i
    ⚠ locomo_conv-41_qa132 失败: Error code: 400 - {'error': {'message': 'Access denied, please make sure your account is i
    ⚠ locomo_conv-41_qa131 失败: Error code: 400 - {'error': {'message': 'Access denied, please make sure your account is i
    ⚠ locomo_conv-41_qa13 失败: Error code: 400 - {'error': {'message': 'Access denied, please make sure your account is i
    ⚠ locomo_conv-41_qa133 失败: Error code: 400 - {'error': {'message': 'Access denied, please make sure your account is i
    评测 150/616 (2s)
    ⚠ locomo_conv-41_qa134 失败: Error code: 400 - {'error': {'message': 'Access denied, please make sure your account is i
    ⚠ locomo_conv-41_qa135 失败: Error code: 400 - {'error': {'message': 'Access denied, please make sure your account is i
    ⚠ locomo_conv-41_qa136 失败: Error code: 400 - {'error': {'message': 'Access denied, please make sure your account is i
    ⚠ locomo_conv-41_qa137 失败: Error code: 400 - {'error': {'message': 'Access denied, please make sure your account is i
    ⚠ locomo_conv-41_qa139 失败: Error code: 400 - {'error': {'message': 'Access denied, please make sure your account is i
    ⚠ locomo_conv-41_qa14 失败: Error code: 400 - {'error': {'message': 'Access denied, please make sure your account is i
    ⚠ locomo_conv-41_qa140 失败: Error code: 400 - {'error': {'message': 'Access denied, please make sure your account is i
    ⚠ locomo_conv-41_qa143 失败: Error code: 400 - {'error': {'message': 'Access denied, please make sure your account is i
    ⚠ locomo_conv-41_qa144 失败: Error code: 400 - {'error': {'message': 'Access denied, please make sure your account is i
    ⚠ locomo_conv-41_qa145 失败: Error code: 400 - {'error': {'message': 'Access denied, please make sure your account is i
    ⚠ locomo_conv-41_qa146 失败: Error code: 400 - {'error': {'message': 'Access denied, please make sure your account is i
    ⚠ locomo_conv-41_qa150 失败: Error code: 400 - {'error': {'message': 'Access denied, please make sure your account is i
    ⚠ locomo_conv-41_qa148 失败: Error code: 400 - {'error': {'message': 'Access denied, please make sure your account is i
    ⚠ locomo_conv-41_qa16 失败: Error code: 400 - {'error': {'message': 'Access denied, please make sure your account is i
    ⚠ locomo_conv-41_qa18 失败: Error code: 400 - {'error': {'message': 'Access denied, please make sure your account is i
    ⚠ locomo_conv-41_qa17 失败: Error code: 400 - {'error': {'message': 'Access denied, please make sure your account is i
    ⚠ locomo_conv-41_qa23 失败: Error code: 400 - {'error': {'message': 'Access denied, please make sure your account is i
    ⚠ locomo_conv-41_qa25 失败: Error code: 400 - {'error': {'message': 'Access denied, please make sure your account is i
    ⚠ locomo_conv-41_qa26 失败: Error code: 400 - {'error': {'message': 'Access denied, please make sure your account is i
    ⚠ locomo_conv-41_qa27 失败: Error code: 400 - {'error': {'message': 'Access denied, please make sure your account is i
    ⚠ locomo_conv-41_qa28 失败: Error code: 400 - {'error': {'message': 'Access denied, please make sure your account is i
    ⚠ locomo_conv-41_qa31 失败: Error code: 400 - {'error': {'message': 'Access denied, please make sure your account is i
    ⚠ locomo_conv-41_qa33 失败: Error code: 400 - {'error': {'message': 'Access denied, please make sure your account is i
    ⚠ locomo_conv-41_qa34 失败: Error code: 400 - {'error': {'message': 'Access denied, please make sure your account is i
    ⚠ locomo_conv-41_qa36 失败: Error code: 400 - {'error': {'message': 'Access denied, please make sure your account is i
    ⚠ locomo_conv-41_qa37 失败: Error code: 400 - {'error': {'message': 'Access denied, please make sure your account is i
    ⚠ locomo_conv-41_qa38 失败: Error code: 400 - {'error': {'message': 'Access denied, please make sure your account is i
    ⚠ locomo_conv-41_qa4 失败: Error code: 400 - {'error': {'message': 'Access denied, please make sure your account is i
    ⚠ locomo_conv-41_qa42 失败: Error code: 400 - {'error': {'message': 'Access denied, please make sure your account is i
    ⚠ locomo_conv-41_qa41 失败: Error code: 400 - {'error': {'message': 'Access denied, please make sure your account is i
    ⚠ locomo_conv-41_qa43 失败: Error code: 400 - {'error': {'message': 'Access denied, please make sure your account is i
    ⚠ locomo_conv-41_qa45 失败: Error code: 400 - {'error': {'message': 'Access denied, please make sure your account is i
    ⚠ locomo_conv-41_qa46 失败: Error code: 400 - {'error': {'message': 'Access denied, please make sure your account is i
    ⚠ locomo_conv-41_qa44 失败: Error code: 400 - {'error': {'message': 'Access denied, please make sure your account is i
    ⚠ locomo_conv-41_qa48 失败: Error code: 400 - {'error': {'message': 'Access denied, please make sure your account is i
    ⚠ locomo_conv-41_qa47 失败: Error code: 400 - {'error': {'message': 'Access denied, please make sure your account is i
    ⚠ locomo_conv-41_qa49 失败: Error code: 400 - {'error': {'message': 'Access denied, please make sure your account is i
    ⚠ locomo_conv-41_qa50 失败: Error code: 400 - {'error': {'message': 'Access denied, please make sure your account is i
    ⚠ locomo_conv-41_qa51 失败: Error code: 400 - {'error': {'message': 'Access denied, please make sure your account is i
    ⚠ locomo_conv-41_qa55 失败: Error code: 400 - {'error': {'message': 'Access denied, please make sure your account is i
    ⚠ locomo_conv-41_qa54 失败: Error code: 400 - {'error': {'message': 'Access denied, please make sure your account is i
    ⚠ locomo_conv-41_qa56 失败: Error code: 400 - {'error': {'message': 'Access denied, please make sure your account is i
    ⚠ locomo_conv-41_qa61 失败: Error code: 400 - {'error': {'message': 'Access denied, please make sure your account is i
    ⚠ locomo_conv-41_qa58 失败: Error code: 400 - {'error': {'message': 'Access denied, please make sure your account is i
    ⚠ locomo_conv-41_qa57 失败: Error code: 400 - {'error': {'message': 'Access denied, please make sure your account is i
    ⚠ locomo_conv-41_qa64 失败: Error code: 400 - {'error': {'message': 'Access denied, please make sure your account is i
    ⚠ locomo_conv-41_qa63 失败: Error code: 400 - {'error': {'message': 'Access denied, please make sure your account is i
    ⚠ locomo_conv-41_qa62 失败: Error code: 400 - {'error': {'message': 'Access denied, please make sure your account is i
    ⚠ locomo_conv-41_qa68 失败: Error code: 400 - {'error': {'message': 'Access denied, please make sure your account is i
    ⚠ locomo_conv-41_qa67 失败: Error code: 400 - {'error': {'message': 'Access denied, please make sure your account is i
    ⚠ locomo_conv-41_qa69 失败: Error code: 400 - {'error': {'message': 'Access denied, please make sure your account is i
    ⚠ locomo_conv-41_qa70 失败: Error code: 400 - {'error': {'message': 'Access denied, please make sure your account is i
    ⚠ locomo_conv-41_qa74 失败: Error code: 400 - {'error': {'message': 'Access denied, please make sure your account is i
    ⚠ locomo_conv-41_qa77 失败: Error code: 400 - {'error': {'message': 'Access denied, please make sure your account is i
    ⚠ locomo_conv-41_qa80 失败: Error code: 400 - {'error': {'message': 'Access denied, please make sure your account is i
    ⚠ locomo_conv-41_qa8 失败: Error code: 400 - {'error': {'message': 'Access denied, please make sure your account is i
    ⚠ locomo_conv-41_qa82 失败: Error code: 400 - {'error': {'message': 'Access denied, please make sure your account is i
    ⚠ locomo_conv-41_qa85 失败: Error code: 400 - {'error': {'message': 'Access denied, please make sure your account is i
    ⚠ locomo_conv-41_qa89 失败: Error code: 400 - {'error': {'message': 'Access denied, please make sure your account is i
    ⚠ locomo_conv-41_qa95 失败: Error code: 400 - {'error': {'message': 'Access denied, please make sure your account is i
    ⚠ locomo_conv-41_qa91 失败: Error code: 400 - {'error': {'message': 'Access denied, please make sure your account is i
    ⚠ locomo_conv-41_qa98 失败: Error code: 400 - {'error': {'message': 'Access denied, please make sure your account is i
    ⚠ locomo_conv-41_qa99 失败: Error code: 400 - {'error': {'message': 'Access denied, please make sure your account is i
    ⚠ locomo_conv-42_qa0 失败: Error code: 400 - {'error': {'message': 'Access denied, please make sure your account is i
    ⚠ locomo_conv-42_qa100 失败: Error code: 400 - {'error': {'message': 'Access denied, please make sure your account is i
    ⚠ locomo_conv-42_qa101 失败: Error code: 400 - {'error': {'message': 'Access denied, please make sure your account is i
    ⚠ locomo_conv-42_qa102 失败: Error code: 400 - {'error': {'message': 'Access denied, please make sure your account is i
    ⚠ locomo_conv-42_qa104 失败: Error code: 400 - {'error': {'message': 'Access denied, please make sure your account is i
    ⚠ locomo_conv-42_qa109 失败: Error code: 400 - {'error': {'message': 'Access denied, please make sure your account is i
    ⚠ locomo_conv-42_qa106 失败: Error code: 400 - {'error': {'message': 'Access denied, please make sure your account is i
    ⚠ locomo_conv-42_qa110 失败: Error code: 400 - {'error': {'message': 'Access denied, please make sure your account is i
    ⚠ locomo_conv-42_qa113 失败: Error code: 400 - {'error': {'message': 'Access denied, please make sure your account is i
    ⚠ locomo_conv-42_qa115 失败: Error code: 400 - {'error': {'message': 'Access denied, please make sure your account is i
    ⚠ locomo_conv-42_qa116 失败: Error code: 400 - {'error': {'message': 'Access denied, please make sure your account is i
    ⚠ locomo_conv-42_qa118 失败: Error code: 400 - {'error': {'message': 'Access denied, please make sure your account is i
    ⚠ locomo_conv-42_qa12 失败: Error code: 400 - {'error': {'message': 'Access denied, please make sure your account is i
    ⚠ locomo_conv-42_qa119 失败: Error code: 400 - {'error': {'message': 'Access denied, please make sure your account is i
    ⚠ locomo_conv-42_qa122 失败: Error code: 400 - {'error': {'message': 'Access denied, please make sure your account is i
    ⚠ locomo_conv-42_qa120 失败: Error code: 400 - {'error': {'message': 'Access denied, please make sure your account is i
    ⚠ locomo_conv-42_qa123 失败: Error code: 400 - {'error': {'message': 'Access denied, please make sure your account is i
    ⚠ locomo_conv-42_qa126 失败: Error code: 400 - {'error': {'message': 'Access denied, please make sure your account is i
    ⚠ locomo_conv-42_qa138 失败: Error code: 400 - {'error': {'message': 'Access denied, please make sure your account is i
    ⚠ locomo_conv-42_qa13 失败: Error code: 400 - {'error': {'message': 'Access denied, please make sure your account is i
    ⚠ locomo_conv-42_qa14 失败: Error code: 400 - {'error': {'message': 'Access denied, please make sure your account is i
    ⚠ locomo_conv-42_qa140 失败: Error code: 400 - {'error': {'message': 'Access denied, please make sure your account is i
    ⚠ locomo_conv-42_qa141 失败: Error code: 400 - {'error': {'message': 'Access denied, please make sure your account is i
    ⚠ locomo_conv-42_qa144 失败: Error code: 400 - {'error': {'message': 'Access denied, please make sure your account is i
    ⚠ locomo_conv-42_qa146 失败: Error code: 400 - {'error': {'message': 'Access denied, please make sure your account is i
    ⚠ locomo_conv-42_qa15 失败: Error code: 400 - {'error': {'message': 'Access denied, please make sure your account is i
    ⚠ locomo_conv-42_qa148 失败: Error code: 400 - {'error': {'message': 'Access denied, please make sure your account is i
    ⚠ locomo_conv-42_qa150 失败: Error code: 400 - {'error': {'message': 'Access denied, please make sure your account is i
    ⚠ locomo_conv-42_qa151 失败: Error code: 400 - {'error': {'message': 'Access denied, please make sure your account is i
    ⚠ locomo_conv-42_qa152 失败: Error code: 400 - {'error': {'message': 'Access denied, please make sure your account is i
    ⚠ locomo_conv-42_qa154 失败: Error code: 400 - {'error': {'message': 'Access denied, please make sure your account is i
    ⚠ locomo_conv-42_qa158 失败: Error code: 400 - {'error': {'message': 'Access denied, please make sure your account is i
    ⚠ locomo_conv-42_qa156 失败: Error code: 400 - {'error': {'message': 'Access denied, please make sure your account is i
    ⚠ locomo_conv-42_qa155 失败: Error code: 400 - {'error': {'message': 'Access denied, please make sure your account is i
    ⚠ locomo_conv-42_qa16 失败: Error code: 400 - {'error': {'message': 'Access denied, please make sure your account is i
    ⚠ locomo_conv-42_qa165 失败: Error code: 400 - {'error': {'message': 'Access denied, please make sure your account is i
    ⚠ locomo_conv-42_qa167 失败: Error code: 400 - {'error': {'message': 'Access denied, please make sure your account is i
    ⚠ locomo_conv-42_qa169 失败: Error code: 400 - {'error': {'message': 'Access denied, please make sure your account is i
    ⚠ locomo_conv-42_qa163 失败: Error code: 400 - {'error': {'message': 'Access denied, please make sure your account is i
    ⚠ locomo_conv-42_qa170 失败: Error code: 400 - {'error': {'message': 'Access denied, please make sure your account is i
    ⚠ locomo_conv-42_qa173 失败: Error code: 400 - {'error': {'message': 'Access denied, please make sure your account is i
    ⚠ locomo_conv-42_qa174 失败: Error code: 400 - {'error': {'message': 'Access denied, please make sure your account is i
    ⚠ locomo_conv-42_qa177 失败: Error code: 400 - {'error': {'message': 'Access denied, please make sure your account is i
    ⚠ locomo_conv-42_qa176 失败: Error code: 400 - {'error': {'message': 'Access denied, please make sure your account is i
    ⚠ locomo_conv-42_qa179 失败: Error code: 400 - {'error': {'message': 'Access denied, please make sure your account is i
    ⚠ locomo_conv-42_qa180 失败: Error code: 400 - {'error': {'message': 'Access denied, please make sure your account is i
    ⚠ locomo_conv-42_qa18 失败: Error code: 400 - {'error': {'message': 'Access denied, please make sure your account is i
    ⚠ locomo_conv-42_qa181 失败: Error code: 400 - {'error': {'message': 'Access denied, please make sure your account is i
    ⚠ locomo_conv-42_qa185 失败: Error code: 400 - {'error': {'message': 'Access denied, please make sure your account is i
    ⚠ locomo_conv-42_qa186 失败: Error code: 400 - {'error': {'message': 'Access denied, please make sure your account is i
    ⚠ locomo_conv-42_qa187 失败: Error code: 400 - {'error': {'message': 'Access denied, please make sure your account is i
    ⚠ locomo_conv-42_qa188 失败: Error code: 400 - {'error': {'message': 'Access denied, please make sure your account is i
    ⚠ locomo_conv-42_qa191 失败: Error code: 400 - {'error': {'message': 'Access denied, please make sure your account is i
    ⚠ locomo_conv-42_qa190 失败: Error code: 400 - {'error': {'message': 'Access denied, please make sure your account is i
    ⚠ locomo_conv-42_qa192 失败: Error code: 400 - {'error': {'message': 'Access denied, please make sure your account is i
    ⚠ locomo_conv-42_qa193 失败: Error code: 400 - {'error': {'message': 'Access denied, please make sure your account is i
    ⚠ locomo_conv-42_qa196 失败: Error code: 400 - {'error': {'message': 'Access denied, please make sure your account is i
    ⚠ locomo_conv-42_qa195 失败: Error code: 400 - {'error': {'message': 'Access denied, please make sure your account is i
    ⚠ locomo_conv-42_qa2 失败: Error code: 400 - {'error': {'message': 'Access denied, please make sure your account is i
    ⚠ locomo_conv-42_qa21 失败: Error code: 400 - {'error': {'message': 'Access denied, please make sure your account is i
    ⚠ locomo_conv-42_qa20 失败: Error code: 400 - {'error': {'message': 'Access denied, please make sure your account is i
    ⚠ locomo_conv-42_qa22 失败: Error code: 400 - {'error': {'message': 'Access denied, please make sure your account is i
    ⚠ locomo_conv-42_qa24 失败: Error code: 400 - {'error': {'message': 'Access denied, please make sure your account is i
    ⚠ locomo_conv-42_qa23 失败: Error code: 400 - {'error': {'message': 'Access denied, please make sure your account is i
    ⚠ locomo_conv-42_qa25 失败: Error code: 400 - {'error': {'message': 'Access denied, please make sure your account is i
    ⚠ locomo_conv-42_qa26 失败: Error code: 400 - {'error': {'message': 'Access denied, please make sure your account is i
    ⚠ locomo_conv-42_qa3 失败: Error code: 400 - {'error': {'message': 'Access denied, please make sure your account is i
    ⚠ locomo_conv-42_qa29 失败: Error code: 400 - {'error': {'message': 'Access denied, please make sure your account is i
    ⚠ locomo_conv-42_qa30 失败: Error code: 400 - {'error': {'message': 'Access denied, please make sure your account is i
    ⚠ locomo_conv-42_qa32 失败: Error code: 400 - {'error': {'message': 'Access denied, please make sure your account is i
    ⚠ locomo_conv-42_qa33 失败: Error code: 400 - {'error': {'message': 'Access denied, please make sure your account is i
    ⚠ locomo_conv-42_qa34 失败: Error code: 400 - {'error': {'message': 'Access denied, please make sure your account is i
    ⚠ locomo_conv-42_qa35 失败: Error code: 400 - {'error': {'message': 'Access denied, please make sure your account is i
    ⚠ locomo_conv-42_qa36 失败: Error code: 400 - {'error': {'message': 'Access denied, please make sure your account is i
    ⚠ locomo_conv-42_qa38 失败: Error code: 400 - {'error': {'message': 'Access denied, please make sure your account is i
    ⚠ locomo_conv-42_qa4 失败: Error code: 400 - {'error': {'message': 'Access denied, please make sure your account is i
    ⚠ locomo_conv-42_qa40 失败: Error code: 400 - {'error': {'message': 'Access denied, please make sure your account is i
    ⚠ locomo_conv-42_qa42 失败: Error code: 400 - {'error': {'message': 'Access denied, please make sure your account is i
    ⚠ locomo_conv-42_qa37 失败: Error code: 400 - {'error': {'message': 'Access denied, please make sure your account is i
    ⚠ locomo_conv-42_qa45 失败: Error code: 400 - {'error': {'message': 'Access denied, please make sure your account is i
    ⚠ locomo_conv-42_qa43 失败: Error code: 400 - {'error': {'message': 'Access denied, please make sure your account is i
    ⚠ locomo_conv-42_qa5 失败: Error code: 400 - {'error': {'message': 'Access denied, please make sure your account is i
    ⚠ locomo_conv-42_qa51 失败: Error code: 400 - {'error': {'message': 'Access denied, please make sure your account is i
    ⚠ locomo_conv-42_qa52 失败: Error code: 400 - {'error': {'message': 'Access denied, please make sure your account is i
    ⚠ locomo_conv-42_qa50 失败: Error code: 400 - {'error': {'message': 'Access denied, please make sure your account is i
    ⚠ locomo_conv-42_qa54 失败: Error code: 400 - {'error': {'message': 'Access denied, please make sure your account is i
    ⚠ locomo_conv-42_qa53 失败: Error code: 400 - {'error': {'message': 'Access denied, please make sure your account is i
    评测 300/616 (4s)
    ⚠ locomo_conv-42_qa55 失败: Error code: 400 - {'error': {'message': 'Access denied, please make sure your account is i
    ⚠ locomo_conv-42_qa58 失败: Error code: 400 - {'error': {'message': 'Access denied, please make sure your account is i
    ⚠ locomo_conv-42_qa59 失败: Error code: 400 - {'error': {'message': 'Access denied, please make sure your account is i
    ⚠ locomo_conv-42_qa61 失败: Error code: 400 - {'error': {'message': 'Access denied, please make sure your account is i
    ⚠ locomo_conv-42_qa60 失败: Error code: 400 - {'error': {'message': 'Access denied, please make sure your account is i
    ⚠ locomo_conv-42_qa65 失败: Error code: 400 - {'error': {'message': 'Access denied, please make sure your account is i
    ⚠ locomo_conv-42_qa63 失败: Error code: 400 - {'error': {'message': 'Access denied, please make sure your account is i
    ⚠ locomo_conv-42_qa66 失败: Error code: 400 - {'error': {'message': 'Access denied, please make sure your account is i
    ⚠ locomo_conv-42_qa67 失败: Error code: 400 - {'error': {'message': 'Access denied, please make sure your account is i
    ⚠ locomo_conv-42_qa68 失败: Error code: 400 - {'error': {'message': 'Access denied, please make sure your account is i
    ⚠ locomo_conv-42_qa7 失败: Error code: 400 - {'error': {'message': 'Access denied, please make sure your account is i
    ⚠ locomo_conv-42_qa71 失败: Error code: 400 - {'error': {'message': 'Access denied, please make sure your account is i
    ⚠ locomo_conv-42_qa70 失败: Error code: 400 - {'error': {'message': 'Access denied, please make sure your account is i
    ⚠ locomo_conv-42_qa73 失败: Error code: 400 - {'error': {'message': 'Access denied, please make sure your account is i
    ⚠ locomo_conv-42_qa77 失败: Error code: 400 - {'error': {'message': 'Access denied, please make sure your account is i
    ⚠ locomo_conv-42_qa74 失败: Error code: 400 - {'error': {'message': 'Access denied, please make sure your account is i
    ⚠ locomo_conv-42_qa78 失败: Error code: 400 - {'error': {'message': 'Access denied, please make sure your account is i
    ⚠ locomo_conv-42_qa79 失败: Error code: 400 - {'error': {'message': 'Access denied, please make sure your account is i
    ⚠ locomo_conv-42_qa8 失败: Error code: 400 - {'error': {'message': 'Access denied, please make sure your account is i
    ⚠ locomo_conv-30_qa13 失败: Error code: 400 - {'error': {'message': 'Access denied, please make sure your account is i
    ⚠ locomo_conv-42_qa81 失败: Error code: 400 - {'error': {'message': 'Access denied, please make sure your account is i
    ⚠ locomo_conv-42_qa83 失败: Error code: 400 - {'error': {'message': 'Access denied, please make sure your account is i
    ⚠ locomo_conv-42_qa84 失败: Error code: 400 - {'error': {'message': 'Access denied, please make sure your account is i
    ⚠ locomo_conv-42_qa85 失败: Error code: 400 - {'error': {'message': 'Access denied, please make sure your account is i
    ⚠ locomo_conv-42_qa91 失败: Error code: 400 - {'error': {'message': 'Access denied, please make sure your account is i
    ⚠ locomo_conv-42_qa90 失败: Error code: 400 - {'error': {'message': 'Access denied, please make sure your account is i
    ⚠ locomo_conv-42_qa94 失败: Error code: 400 - {'error': {'message': 'Access denied, please make sure your account is i
    ⚠ locomo_conv-42_qa92 失败: Error code: 400 - {'error': {'message': 'Access denied, please make sure your account is i
    ⚠ locomo_conv-42_qa95 失败: Error code: 400 - {'error': {'message': 'Access denied, please make sure your account is i
    ⚠ locomo_conv-42_qa97 失败: Error code: 400 - {'error': {'message': 'Access denied, please make sure your account is i
    ⚠ locomo_conv-42_qa99 失败: Error code: 400 - {'error': {'message': 'Access denied, please make sure your account is i
    ⚠ locomo_conv-43_qa1 失败: Error code: 400 - {'error': {'message': 'Access denied, please make sure your account is i
    ⚠ locomo_conv-43_qa0 失败: Error code: 400 - {'error': {'message': 'Access denied, please make sure your account is i
    ⚠ locomo_conv-43_qa10 失败: Error code: 400 - {'error': {'message': 'Access denied, please make sure your account is i
    ⚠ locomo_conv-43_qa100 失败: Error code: 400 - {'error': {'message': 'Access denied, please make sure your account is i
    ⚠ locomo_conv-43_qa101 失败: Error code: 400 - {'error': {'message': 'Access denied, please make sure your account is i
    ⚠ locomo_conv-43_qa102 失败: Error code: 400 - {'error': {'message': 'Access denied, please make sure your account is i
    ⚠ locomo_conv-43_qa108 失败: Error code: 400 - {'error': {'message': 'Access denied, please make sure your account is i
    ⚠ locomo_conv-43_qa106 失败: Error code: 400 - {'error': {'message': 'Access denied, please make sure your account is i
    ⚠ locomo_conv-43_qa111 失败: Error code: 400 - {'error': {'message': 'Access denied, please make sure your account is i
    ⚠ locomo_conv-43_qa112 失败: Error code: 400 - {'error': {'message': 'Access denied, please make sure your account is i
    ⚠ locomo_conv-43_qa113 失败: Error code: 400 - {'error': {'message': 'Access denied, please make sure your account is i
    ⚠ locomo_conv-43_qa116 失败: Error code: 400 - {'error': {'message': 'Access denied, please make sure your account is i
    ⚠ locomo_conv-43_qa117 失败: Error code: 400 - {'error': {'message': 'Access denied, please make sure your account is i
    ⚠ locomo_conv-43_qa121 失败: Error code: 400 - {'error': {'message': 'Access denied, please make sure your account is i
    ⚠ locomo_conv-43_qa120 失败: Error code: 400 - {'error': {'message': 'Access denied, please make sure your account is i
    ⚠ locomo_conv-43_qa123 失败: Error code: 400 - {'error': {'message': 'Access denied, please make sure your account is i
    ⚠ locomo_conv-43_qa126 失败: Error code: 400 - {'error': {'message': 'Access denied, please make sure your account is i
    ⚠ locomo_conv-43_qa127 失败: Error code: 400 - {'error': {'message': 'Access denied, please make sure your account is i
    ⚠ locomo_conv-43_qa128 失败: Error code: 400 - {'error': {'message': 'Access denied, please make sure your account is i
    ⚠ locomo_conv-43_qa130 失败: Error code: 400 - {'error': {'message': 'Access denied, please make sure your account is i
    ⚠ locomo_conv-43_qa131 失败: Error code: 400 - {'error': {'message': 'Access denied, please make sure your account is i
    ⚠ locomo_conv-43_qa133 失败: Error code: 400 - {'error': {'message': 'Access denied, please make sure your account is i
    ⚠ locomo_conv-43_qa132 失败: Error code: 400 - {'error': {'message': 'Access denied, please make sure your account is i
    ⚠ locomo_conv-43_qa134 失败: Error code: 400 - {'error': {'message': 'Access denied, please make sure your account is i
    ⚠ locomo_conv-43_qa136 失败: Error code: 400 - {'error': {'message': 'Access denied, please make sure your account is i
    ⚠ locomo_conv-43_qa138 失败: Error code: 400 - {'error': {'message': 'Access denied, please make sure your account is i
    ⚠ locomo_conv-43_qa139 失败: Error code: 400 - {'error': {'message': 'Access denied, please make sure your account is i
    ⚠ locomo_conv-43_qa14 失败: Error code: 400 - {'error': {'message': 'Access denied, please make sure your account is i
    ⚠ locomo_conv-43_qa141 失败: Error code: 400 - {'error': {'message': 'Access denied, please make sure your account is i
    ⚠ locomo_conv-43_qa140 失败: Error code: 400 - {'error': {'message': 'Access denied, please make sure your account is i
    ⚠ locomo_conv-43_qa148 失败: Error code: 400 - {'error': {'message': 'Access denied, please make sure your account is i
    ⚠ locomo_conv-43_qa15 失败: Error code: 400 - {'error': {'message': 'Access denied, please make sure your account is i
    ⚠ locomo_conv-43_qa144 失败: Error code: 400 - {'error': {'message': 'Access denied, please make sure your account is i
    ⚠ locomo_conv-43_qa151 失败: Error code: 400 - {'error': {'message': 'Access denied, please make sure your account is i
    ⚠ locomo_conv-43_qa152 失败: Error code: 400 - {'error': {'message': 'Access denied, please make sure your account is i
    ⚠ locomo_conv-43_qa154 失败: Error code: 400 - {'error': {'message': 'Access denied, please make sure your account is i
    ⚠ locomo_conv-43_qa156 失败: Error code: 400 - {'error': {'message': 'Access denied, please make sure your account is i
    ⚠ locomo_conv-43_qa157 失败: Error code: 400 - {'error': {'message': 'Access denied, please make sure your account is i
    ⚠ locomo_conv-43_qa158 失败: Error code: 400 - {'error': {'message': 'Access denied, please make sure your account is i
    ⚠ locomo_conv-43_qa164 失败: Error code: 400 - {'error': {'message': 'Access denied, please make sure your account is i
    ⚠ locomo_conv-43_qa16 失败: Error code: 400 - {'error': {'message': 'Access denied, please make sure your account is i
    ⚠ locomo_conv-43_qa165 失败: Error code: 400 - {'error': {'message': 'Access denied, please make sure your account is i
    ⚠ locomo_conv-43_qa166 失败: Error code: 400 - {'error': {'message': 'Access denied, please make sure your account is i
    ⚠ locomo_conv-43_qa167 失败: Error code: 400 - {'error': {'message': 'Access denied, please make sure your account is i
    ⚠ locomo_conv-43_qa169 失败: Error code: 400 - {'error': {'message': 'Access denied, please make sure your account is i
    ⚠ locomo_conv-43_qa168 失败: Error code: 400 - {'error': {'message': 'Access denied, please make sure your account is i
    ⚠ locomo_conv-43_qa17 失败: Error code: 400 - {'error': {'message': 'Access denied, please make sure your account is i
    ⚠ locomo_conv-43_qa174 失败: Error code: 400 - {'error': {'message': 'Access denied, please make sure your account is i
    ⚠ locomo_conv-43_qa175 失败: Error code: 400 - {'error': {'message': 'Access denied, please make sure your account is i
    ⚠ locomo_conv-43_qa171 失败: Error code: 400 - {'error': {'message': 'Access denied, please make sure your account is i
    ⚠ locomo_conv-43_qa176 失败: Error code: 400 - {'error': {'message': 'Access denied, please make sure your account is i
    ⚠ locomo_conv-43_qa18 失败: Error code: 400 - {'error': {'message': 'Access denied, please make sure your account is i
    ⚠ locomo_conv-43_qa19 失败: Error code: 400 - {'error': {'message': 'Access denied, please make sure your account is i
    ⚠ locomo_conv-43_qa25 失败: Error code: 400 - {'error': {'message': 'Access denied, please make sure your account is i
    ⚠ locomo_conv-43_qa2 失败: Error code: 400 - {'error': {'message': 'Access denied, please make sure your account is i
    ⚠ locomo_conv-43_qa23 失败: Error code: 400 - {'error': {'message': 'Access denied, please make sure your account is i
    ⚠ locomo_conv-43_qa26 失败: Error code: 400 - {'error': {'message': 'Access denied, please make sure your account is i
    ⚠ locomo_conv-43_qa27 失败: Error code: 400 - {'error': {'message': 'Access denied, please make sure your account is i
    ⚠ locomo_conv-43_qa3 失败: Error code: 400 - {'error': {'message': 'Access denied, please make sure your account is i
    ⚠ locomo_conv-43_qa28 失败: Error code: 400 - {'error': {'message': 'Access denied, please make sure your account is i
    ⚠ locomo_conv-43_qa31 失败: Error code: 400 - {'error': {'message': 'Access denied, please make sure your account is i
    ⚠ locomo_conv-43_qa30 失败: Error code: 400 - {'error': {'message': 'Access denied, please make sure your account is i
    ⚠ locomo_conv-43_qa34 失败: Error code: 400 - {'error': {'message': 'Access denied, please make sure your account is i
    ⚠ locomo_conv-43_qa32 失败: Error code: 400 - {'error': {'message': 'Access denied, please make sure your account is i
    ⚠ locomo_conv-43_qa35 失败: Error code: 400 - {'error': {'message': 'Access denied, please make sure your account is i
    ⚠ locomo_conv-43_qa37 失败: Error code: 400 - {'error': {'message': 'Access denied, please make sure your account is i
    ⚠ locomo_conv-43_qa38 失败: Error code: 400 - {'error': {'message': 'Access denied, please make sure your account is i
    ⚠ locomo_conv-43_qa39 失败: Error code: 400 - {'error': {'message': 'Access denied, please make sure your account is i
    ⚠ locomo_conv-43_qa40 失败: Error code: 400 - {'error': {'message': 'Access denied, please make sure your account is i
    ⚠ locomo_conv-43_qa41 失败: Error code: 400 - {'error': {'message': 'Access denied, please make sure your account is i
    ⚠ locomo_conv-43_qa4 失败: Error code: 400 - {'error': {'message': 'Access denied, please make sure your account is i
    ⚠ locomo_conv-43_qa42 失败: Error code: 400 - {'error': {'message': 'Access denied, please make sure your account is i
    ⚠ locomo_conv-43_qa43 失败: Error code: 400 - {'error': {'message': 'Access denied, please make sure your account is i
    ⚠ locomo_conv-43_qa45 失败: Error code: 400 - {'error': {'message': 'Access denied, please make sure your account is i
    ⚠ locomo_conv-43_qa44 失败: Error code: 400 - {'error': {'message': 'Access denied, please make sure your account is i
    ⚠ locomo_conv-43_qa47 失败: Error code: 400 - {'error': {'message': 'Access denied, please make sure your account is i
    ⚠ locomo_conv-43_qa48 失败: Error code: 400 - {'error': {'message': 'Access denied, please make sure your account is i
    ⚠ locomo_conv-43_qa50 失败: Error code: 400 - {'error': {'message': 'Access denied, please make sure your account is i
    ⚠ locomo_conv-43_qa5 失败: Error code: 400 - {'error': {'message': 'Access denied, please make sure your account is i
    ⚠ locomo_conv-43_qa49 失败: Error code: 400 - {'error': {'message': 'Access denied, please make sure your account is i
    ⚠ locomo_conv-43_qa51 失败: Error code: 400 - {'error': {'message': 'Access denied, please make sure your account is i
    ⚠ locomo_conv-43_qa53 失败: Error code: 400 - {'error': {'message': 'Access denied, please make sure your account is i
    ⚠ locomo_conv-43_qa54 失败: Error code: 400 - {'error': {'message': 'Access denied, please make sure your account is i
    ⚠ locomo_conv-43_qa52 失败: Error code: 400 - {'error': {'message': 'Access denied, please make sure your account is i
    ⚠ locomo_conv-43_qa55 失败: Error code: 400 - {'error': {'message': 'Access denied, please make sure your account is i
    ⚠ locomo_conv-43_qa58 失败: Error code: 400 - {'error': {'message': 'Access denied, please make sure your account is i
    ⚠ locomo_conv-43_qa56 失败: Error code: 400 - {'error': {'message': 'Access denied, please make sure your account is i
    ⚠ locomo_conv-43_qa57 失败: Error code: 400 - {'error': {'message': 'Access denied, please make sure your account is i
    ⚠ locomo_conv-43_qa60 失败: Error code: 400 - {'error': {'message': 'Access denied, please make sure your account is i
    ⚠ locomo_conv-43_qa61 失败: Error code: 400 - {'error': {'message': 'Access denied, please make sure your account is i
    ⚠ locomo_conv-43_qa6 失败: Error code: 400 - {'error': {'message': 'Access denied, please make sure your account is i
    ⚠ locomo_conv-43_qa63 失败: Error code: 400 - {'error': {'message': 'Access denied, please make sure your account is i
    ⚠ locomo_conv-43_qa65 失败: Error code: 400 - {'error': {'message': 'Access denied, please make sure your account is i
    ⚠ locomo_conv-43_qa66 失败: Error code: 400 - {'error': {'message': 'Access denied, please make sure your account is i
    ⚠ locomo_conv-43_qa67 失败: Error code: 400 - {'error': {'message': 'Access denied, please make sure your account is i
    ⚠ locomo_conv-43_qa7 失败: Error code: 400 - {'error': {'message': 'Access denied, please make sure your account is i
    ⚠ locomo_conv-43_qa70 失败: Error code: 400 - {'error': {'message': 'Access denied, please make sure your account is i
    ⚠ locomo_conv-43_qa75 失败: Error code: 400 - {'error': {'message': 'Access denied, please make sure your account is i
    ⚠ locomo_conv-43_qa76 失败: Error code: 400 - {'error': {'message': 'Access denied, please make sure your account is i
    ⚠ locomo_conv-43_qa78 失败: Error code: 400 - {'error': {'message': 'Access denied, please make sure your account is i
    ⚠ locomo_conv-43_qa74 失败: Error code: 400 - {'error': {'message': 'Access denied, please make sure your account is i
    ⚠ locomo_conv-43_qa79 失败: Error code: 400 - {'error': {'message': 'Access denied, please make sure your account is i
    ⚠ locomo_conv-43_qa82 失败: Error code: 400 - {'error': {'message': 'Access denied, please make sure your account is i
    ⚠ locomo_conv-43_qa8 失败: Error code: 400 - {'error': {'message': 'Access denied, please make sure your account is i
    ⚠ locomo_conv-43_qa81 失败: Error code: 400 - {'error': {'message': 'Access denied, please make sure your account is i
    ⚠ locomo_conv-43_qa85 失败: Error code: 400 - {'error': {'message': 'Access denied, please make sure your account is i
    ⚠ locomo_conv-43_qa86 失败: Error code: 400 - {'error': {'message': 'Access denied, please make sure your account is i
    ⚠ locomo_conv-43_qa88 失败: Error code: 400 - {'error': {'message': 'Access denied, please make sure your account is i
    ⚠ locomo_conv-43_qa87 失败: Error code: 400 - {'error': {'message': 'Access denied, please make sure your account is i
    ⚠ locomo_conv-43_qa91 失败: Error code: 400 - {'error': {'message': 'Access denied, please make sure your account is i
    ⚠ locomo_conv-43_qa9 失败: Error code: 400 - {'error': {'message': 'Access denied, please make sure your account is i
    ⚠ locomo_conv-43_qa92 失败: Error code: 400 - {'error': {'message': 'Access denied, please make sure your account is i
    ⚠ locomo_conv-43_qa94 失败: Error code: 400 - {'error': {'message': 'Access denied, please make sure your account is i
    ⚠ locomo_conv-43_qa95 失败: Error code: 400 - {'error': {'message': 'Access denied, please make sure your account is i
    ⚠ locomo_conv-43_qa98 失败: Error code: 400 - {'error': {'message': 'Access denied, please make sure your account is i
    ⚠ locomo_conv-43_qa99 失败: Error code: 400 - {'error': {'message': 'Access denied, please make sure your account is i
    ⚠ locomo_conv-44_qa1 失败: Error code: 400 - {'error': {'message': 'Access denied, please make sure your account is i
    ⚠ locomo_conv-44_qa0 失败: Error code: 400 - {'error': {'message': 'Access denied, please make sure your account is i
    ⚠ locomo_conv-44_qa100 失败: Error code: 400 - {'error': {'message': 'Access denied, please make sure your account is i
    评测 450/616 (5s)
    ⚠ locomo_conv-44_qa101 失败: Error code: 400 - {'error': {'message': 'Access denied, please make sure your account is i
    ⚠ locomo_conv-44_qa102 失败: Error code: 400 - {'error': {'message': 'Access denied, please make sure your account is i
    ⚠ locomo_conv-44_qa103 失败: Error code: 400 - {'error': {'message': 'Access denied, please make sure your account is i
    ⚠ locomo_conv-44_qa109 失败: Error code: 400 - {'error': {'message': 'Access denied, please make sure your account is i
    ⚠ locomo_conv-44_qa11 失败: Error code: 400 - {'error': {'message': 'Access denied, please make sure your account is i
    ⚠ locomo_conv-44_qa113 失败: Error code: 400 - {'error': {'message': 'Access denied, please make sure your account is i
    ⚠ locomo_conv-44_qa110 失败: Error code: 400 - {'error': {'message': 'Access denied, please make sure your account is i
    ⚠ locomo_conv-44_qa118 失败: Error code: 400 - {'error': {'message': 'Access denied, please make sure your account is i
    ⚠ locomo_conv-44_qa119 失败: Error code: 400 - {'error': {'message': 'Access denied, please make sure your account is i
    ⚠ locomo_conv-44_qa120 失败: Error code: 400 - {'error': {'message': 'Access denied, please make sure your account is i
    ⚠ locomo_conv-44_qa115 失败: Error code: 400 - {'error': {'message': 'Access denied, please make sure your account is i
    ⚠ locomo_conv-44_qa13 失败: Error code: 400 - {'error': {'message': 'Access denied, please make sure your account is i
    ⚠ locomo_conv-44_qa122 失败: Error code: 400 - {'error': {'message': 'Access denied, please make sure your account is i
    ⚠ locomo_conv-44_qa15 失败: Error code: 400 - {'error': {'message': 'Access denied, please make sure your account is i
    ⚠ locomo_conv-44_qa14 失败: Error code: 400 - {'error': {'message': 'Access denied, please make sure your account is i
    ⚠ locomo_conv-44_qa16 失败: Error code: 400 - {'error': {'message': 'Access denied, please make sure your account is i
    ⚠ locomo_conv-44_qa17 失败: Error code: 400 - {'error': {'message': 'Access denied, please make sure your account is i
    ⚠ locomo_conv-44_qa2 失败: Error code: 400 - {'error': {'message': 'Access denied, please make sure your account is i
    ⚠ locomo_conv-44_qa20 失败: Error code: 400 - {'error': {'message': 'Access denied, please make sure your account is i
    ⚠ locomo_conv-44_qa19 失败: Error code: 400 - {'error': {'message': 'Access denied, please make sure your account is i
    ⚠ locomo_conv-44_qa21 失败: Error code: 400 - {'error': {'message': 'Access denied, please make sure your account is i
    ⚠ locomo_conv-44_qa24 失败: Error code: 400 - {'error': {'message': 'Access denied, please make sure your account is i
    ⚠ locomo_conv-44_qa22 失败: Error code: 400 - {'error': {'message': 'Access denied, please make sure your account is i
    ⚠ locomo_conv-44_qa25 失败: Error code: 400 - {'error': {'message': 'Access denied, please make sure your account is i
    ⚠ locomo_conv-44_qa3 失败: Error code: 400 - {'error': {'message': 'Access denied, please make sure your account is i
    ⚠ locomo_conv-44_qa30 失败: Error code: 400 - {'error': {'message': 'Access denied, please make sure your account is i
    ⚠ locomo_conv-44_qa33 失败: Error code: 400 - {'error': {'message': 'Access denied, please make sure your account is i
    ⚠ locomo_conv-44_qa31 失败: Error code: 400 - {'error': {'message': 'Access denied, please make sure your account is i
    ⚠ locomo_conv-44_qa34 失败: Error code: 400 - {'error': {'message': 'Access denied, please make sure your account is i
    ⚠ locomo_conv-44_qa35 失败: Error code: 400 - {'error': {'message': 'Access denied, please make sure your account is i
    ⚠ locomo_conv-44_qa37 失败: Error code: 400 - {'error': {'message': 'Access denied, please make sure your account is i
    ⚠ locomo_conv-44_qa39 失败: Error code: 400 - {'error': {'message': 'Access denied, please make sure your account is i
    ⚠ locomo_conv-44_qa4 失败: Error code: 400 - {'error': {'message': 'Access denied, please make sure your account is i
    ⚠ locomo_conv-44_qa43 失败: Error code: 400 - {'error': {'message': 'Access denied, please make sure your account is i
    ⚠ locomo_conv-44_qa41 失败: Error code: 400 - {'error': {'message': 'Access denied, please make sure your account is i
    ⚠ locomo_conv-44_qa44 失败: Error code: 400 - {'error': {'message': 'Access denied, please make sure your account is i
    ⚠ locomo_conv-44_qa47 失败: Error code: 400 - {'error': {'message': 'Access denied, please make sure your account is i
    ⚠ locomo_conv-44_qa5 失败: Error code: 400 - {'error': {'message': 'Access denied, please make sure your account is i
    ⚠ locomo_conv-44_qa50 失败: Error code: 400 - {'error': {'message': 'Access denied, please make sure your account is i
    ⚠ locomo_conv-44_qa48 失败: Error code: 400 - {'error': {'message': 'Access denied, please make sure your account is i
    ⚠ locomo_conv-44_qa52 失败: Error code: 400 - {'error': {'message': 'Access denied, please make sure your account is i
    ⚠ locomo_conv-44_qa54 失败: Error code: 400 - {'error': {'message': 'Access denied, please make sure your account is i
    ⚠ locomo_conv-44_qa55 失败: Error code: 400 - {'error': {'message': 'Access denied, please make sure your account is i
    ⚠ locomo_conv-44_qa58 失败: Error code: 400 - {'error': {'message': 'Access denied, please make sure your account is i
    ⚠ locomo_conv-44_qa59 失败: Error code: 400 - {'error': {'message': 'Access denied, please make sure your account is i
    ⚠ locomo_conv-44_qa53 失败: Error code: 400 - {'error': {'message': 'Access denied, please make sure your account is i
    ⚠ locomo_conv-44_qa56 失败: Error code: 400 - {'error': {'message': 'Access denied, please make sure your account is i
    ⚠ locomo_conv-44_qa6 失败: Error code: 400 - {'error': {'message': 'Access denied, please make sure your account is i
    ⚠ locomo_conv-44_qa65 失败: Error code: 400 - {'error': {'message': 'Access denied, please make sure your account is i
    ⚠ locomo_conv-44_qa70 失败: Error code: 400 - {'error': {'message': 'Access denied, please make sure your account is i
    ⚠ locomo_conv-44_qa7 失败: Error code: 400 - {'error': {'message': 'Access denied, please make sure your account is i
    ⚠ locomo_conv-44_qa72 失败: Error code: 400 - {'error': {'message': 'Access denied, please make sure your account is i
    ⚠ locomo_conv-44_qa68 失败: Error code: 400 - {'error': {'message': 'Access denied, please make sure your account is i
    ⚠ locomo_conv-44_qa73 失败: Error code: 400 - {'error': {'message': 'Access denied, please make sure your account is i
    ⚠ locomo_conv-44_qa74 失败: Error code: 400 - {'error': {'message': 'Access denied, please make sure your account is i
    ⚠ locomo_conv-44_qa75 失败: Error code: 400 - {'error': {'message': 'Access denied, please make sure your account is i
    ⚠ locomo_conv-44_qa79 失败: Error code: 400 - {'error': {'message': 'Access denied, please make sure your account is i
    ⚠ locomo_conv-44_qa83 失败: Error code: 400 - {'error': {'message': 'Access denied, please make sure your account is i
    ⚠ locomo_conv-44_qa85 失败: Error code: 400 - {'error': {'message': 'Access denied, please make sure your account is i
    ⚠ locomo_conv-44_qa86 失败: Error code: 400 - {'error': {'message': 'Access denied, please make sure your account is i
    ⚠ locomo_conv-44_qa9 失败: Error code: 400 - {'error': {'message': 'Access denied, please make sure your account is i
    ⚠ locomo_conv-44_qa88 失败: Error code: 400 - {'error': {'message': 'Access denied, please make sure your account is i
    ⚠ locomo_conv-44_qa92 失败: Error code: 400 - {'error': {'message': 'Access denied, please make sure your account is i
    ⚠ locomo_conv-44_qa90 失败: Error code: 400 - {'error': {'message': 'Access denied, please make sure your account is i
    ⚠ locomo_conv-44_qa95 失败: Error code: 400 - {'error': {'message': 'Access denied, please make sure your account is i
    ⚠ locomo_conv-44_qa93 失败: Error code: 400 - {'error': {'message': 'Access denied, please make sure your account is i
    ⚠ locomo_conv-44_qa96 失败: Error code: 400 - {'error': {'message': 'Access denied, please make sure your account is i
    ⚠ locomo_conv-44_qa97 失败: Error code: 400 - {'error': {'message': 'Access denied, please make sure your account is i
    ⚠ locomo_conv-44_qa98 失败: Error code: 400 - {'error': {'message': 'Access denied, please make sure your account is i
    ⚠ locomo_conv-47_qa0 失败: Error code: 400 - {'error': {'message': 'Access denied, please make sure your account is i
    ⚠ locomo_conv-47_qa10 失败: Error code: 400 - {'error': {'message': 'Access denied, please make sure your account is i
    ⚠ locomo_conv-47_qa101 失败: Error code: 400 - {'error': {'message': 'Access denied, please make sure your account is i
    ⚠ locomo_conv-47_qa104 失败: Error code: 400 - {'error': {'message': 'Access denied, please make sure your account is i
    ⚠ locomo_conv-47_qa107 失败: Error code: 400 - {'error': {'message': 'Access denied, please make sure your account is i
    ⚠ locomo_conv-47_qa108 失败: Error code: 400 - {'error': {'message': 'Access denied, please make sure your account is i
    ⚠ locomo_conv-47_qa109 失败: Error code: 400 - {'error': {'message': 'Access denied, please make sure your account is i
    ⚠ locomo_conv-47_qa11 失败: Error code: 400 - {'error': {'message': 'Access denied, please make sure your account is i
    ⚠ locomo_conv-47_qa110 失败: Error code: 400 - {'error': {'message': 'Access denied, please make sure your account is i
    ⚠ locomo_conv-47_qa113 失败: Error code: 400 - {'error': {'message': 'Access denied, please make sure your account is i
    ⚠ locomo_conv-47_qa117 失败: Error code: 400 - {'error': {'message': 'Access denied, please make sure your account is i
    ⚠ locomo_conv-47_qa114 失败: Error code: 400 - {'error': {'message': 'Access denied, please make sure your account is i
    ⚠ locomo_conv-47_qa118 失败: Error code: 400 - {'error': {'message': 'Access denied, please make sure your account is i
    ⚠ locomo_conv-47_qa12 失败: Error code: 400 - {'error': {'message': 'Access denied, please make sure your account is i
    ⚠ locomo_conv-47_qa124 失败: Error code: 400 - {'error': {'message': 'Access denied, please make sure your account is i
    ⚠ locomo_conv-47_qa125 失败: Error code: 400 - {'error': {'message': 'Access denied, please make sure your account is i
    ⚠ locomo_conv-47_qa128 失败: Error code: 400 - {'error': {'message': 'Access denied, please make sure your account is i
    ⚠ locomo_conv-47_qa126 失败: Error code: 400 - {'error': {'message': 'Access denied, please make sure your account is i
    ⚠ locomo_conv-47_qa131 失败: Error code: 400 - {'error': {'message': 'Access denied, please make sure your account is i
    ⚠ locomo_conv-47_qa130 失败: Error code: 400 - {'error': {'message': 'Access denied, please make sure your account is i
    ⚠ locomo_conv-47_qa134 失败: Error code: 400 - {'error': {'message': 'Access denied, please make sure your account is i
    ⚠ locomo_conv-47_qa137 失败: Error code: 400 - {'error': {'message': 'Access denied, please make sure your account is i
    ⚠ locomo_conv-47_qa14 失败: Error code: 400 - {'error': {'message': 'Access denied, please make sure your account is i
    ⚠ locomo_conv-47_qa13 失败: Error code: 400 - {'error': {'message': 'Access denied, please make sure your account is i
    ⚠ locomo_conv-47_qa139 失败: Error code: 400 - {'error': {'message': 'Access denied, please make sure your account is i
    ⚠ locomo_conv-47_qa143 失败: Error code: 400 - {'error': {'message': 'Access denied, please make sure your account is i
    ⚠ locomo_conv-47_qa144 失败: Error code: 400 - {'error': {'message': 'Access denied, please make sure your account is i
    ⚠ locomo_conv-47_qa148 失败: Error code: 400 - {'error': {'message': 'Access denied, please make sure your account is i
    ⚠ locomo_conv-47_qa146 失败: Error code: 400 - {'error': {'message': 'Access denied, please make sure your account is i
    ⚠ locomo_conv-47_qa15 失败: Error code: 400 - {'error': {'message': 'Access denied, please make sure your account is i
    ⚠ locomo_conv-47_qa17 失败: Error code: 400 - {'error': {'message': 'Access denied, please make sure your account is i
    ⚠ locomo_conv-47_qa16 失败: Error code: 400 - {'error': {'message': 'Access denied, please make sure your account is i
    ⚠ locomo_conv-47_qa19 失败: Error code: 400 - {'error': {'message': 'Access denied, please make sure your account is i
    ⚠ locomo_conv-47_qa18 失败: Error code: 400 - {'error': {'message': 'Access denied, please make sure your account is i
    ⚠ locomo_conv-47_qa2 失败: Error code: 400 - {'error': {'message': 'Access denied, please make sure your account is i
    ⚠ locomo_conv-47_qa21 失败: Error code: 400 - {'error': {'message': 'Access denied, please make sure your account is i
    ⚠ locomo_conv-47_qa22 失败: Error code: 400 - {'error': {'message': 'Access denied, please make sure your account is i
    ⚠ locomo_conv-47_qa23 失败: Error code: 400 - {'error': {'message': 'Access denied, please make sure your account is i
    ⚠ locomo_conv-47_qa25 失败: Error code: 400 - {'error': {'message': 'Access denied, please make sure your account is i
    ⚠ locomo_conv-47_qa26 失败: Error code: 400 - {'error': {'message': 'Access denied, please make sure your account is i
    ⚠ locomo_conv-47_qa29 失败: Error code: 400 - {'error': {'message': 'Access denied, please make sure your account is i
    ⚠ locomo_conv-47_qa31 失败: Error code: 400 - {'error': {'message': 'Access denied, please make sure your account is i
    ⚠ locomo_conv-47_qa30 失败: Error code: 400 - {'error': {'message': 'Access denied, please make sure your account is i
    ⚠ locomo_conv-47_qa32 失败: Error code: 400 - {'error': {'message': 'Access denied, please make sure your account is i
    ⚠ locomo_conv-47_qa33 失败: Error code: 400 - {'error': {'message': 'Access denied, please make sure your account is i
    ⚠ locomo_conv-47_qa36 失败: Error code: 400 - {'error': {'message': 'Access denied, please make sure your account is i
    ⚠ locomo_conv-47_qa35 失败: Error code: 400 - {'error': {'message': 'Access denied, please make sure your account is i
    ⚠ locomo_conv-47_qa37 失败: Error code: 400 - {'error': {'message': 'Access denied, please make sure your account is i
    ⚠ locomo_conv-47_qa4 失败: Error code: 400 - {'error': {'message': 'Access denied, please make sure your account is i
    ⚠ locomo_conv-47_qa38 失败: Error code: 400 - {'error': {'message': 'Access denied, please make sure your account is i
    ⚠ locomo_conv-47_qa39 失败: Error code: 400 - {'error': {'message': 'Access denied, please make sure your account is i
    ⚠ locomo_conv-47_qa40 失败: Error code: 400 - {'error': {'message': 'Access denied, please make sure your account is i
    ⚠ locomo_conv-47_qa41 失败: Error code: 400 - {'error': {'message': 'Access denied, please make sure your account is i
    ⚠ locomo_conv-47_qa44 失败: Error code: 400 - {'error': {'message': 'Access denied, please make sure your account is i
    ⚠ locomo_conv-47_qa45 失败: Error code: 400 - {'error': {'message': 'Access denied, please make sure your account is i
    ⚠ locomo_conv-47_qa5 失败: Error code: 400 - {'error': {'message': 'Access denied, please make sure your account is i
    ⚠ locomo_conv-47_qa50 失败: Error code: 400 - {'error': {'message': 'Access denied, please make sure your account is i
    ⚠ locomo_conv-47_qa51 失败: Error code: 400 - {'error': {'message': 'Access denied, please make sure your account is i
    ⚠ locomo_conv-47_qa52 失败: Error code: 400 - {'error': {'message': 'Access denied, please make sure your account is i
    ⚠ locomo_conv-47_qa53 失败: Error code: 400 - {'error': {'message': 'Access denied, please make sure your account is i
    ⚠ locomo_conv-47_qa55 失败: Error code: 400 - {'error': {'message': 'Access denied, please make sure your account is i
    ⚠ locomo_conv-47_qa56 失败: Error code: 400 - {'error': {'message': 'Access denied, please make sure your account is i
    ⚠ locomo_conv-47_qa59 失败: Error code: 400 - {'error': {'message': 'Access denied, please make sure your account is i
    ⚠ locomo_conv-47_qa57 失败: Error code: 400 - {'error': {'message': 'Access denied, please make sure your account is i
    ⚠ locomo_conv-47_qa62 失败: Error code: 400 - {'error': {'message': 'Access denied, please make sure your account is i
    ⚠ locomo_conv-47_qa6 失败: Error code: 400 - {'error': {'message': 'Access denied, please make sure your account is i
    ⚠ locomo_conv-47_qa64 失败: Error code: 400 - {'error': {'message': 'Access denied, please make sure your account is i
    ⚠ locomo_conv-47_qa67 失败: Error code: 400 - {'error': {'message': 'Access denied, please make sure your account is i
    ⚠ locomo_conv-47_qa65 失败: Error code: 400 - {'error': {'message': 'Access denied, please make sure your account is i
    ⚠ locomo_conv-47_qa66 失败: Error code: 400 - {'error': {'message': 'Access denied, please make sure your account is i
    ⚠ locomo_conv-47_qa74 失败: Error code: 400 - {'error': {'message': 'Access denied, please make sure your account is i
    ⚠ locomo_conv-47_qa7 失败: Error code: 400 - {'error': {'message': 'Access denied, please make sure your account is i
    ⚠ locomo_conv-47_qa75 失败: Error code: 400 - {'error': {'message': 'Access denied, please make sure your account is i
    ⚠ locomo_conv-47_qa70 失败: Error code: 400 - {'error': {'message': 'Access denied, please make sure your account is i
    ⚠ locomo_conv-47_qa76 失败: Error code: 400 - {'error': {'message': 'Access denied, please make sure your account is i
    ⚠ locomo_conv-47_qa80 失败: Error code: 400 - {'error': {'message': 'Access denied, please make sure your account is i
    ⚠ locomo_conv-47_qa81 失败: Error code: 400 - {'error': {'message': 'Access denied, please make sure your account is i
    ⚠ locomo_conv-47_qa84 失败: Error code: 400 - {'error': {'message': 'Access denied, please make sure your account is i
    ⚠ locomo_conv-47_qa86 失败: Error code: 400 - {'error': {'message': 'Access denied, please make sure your account is i
    ⚠ locomo_conv-47_qa89 失败: Error code: 400 - {'error': {'message': 'Access denied, please make sure your account is i
    ⚠ locomo_conv-47_qa88 失败: Error code: 400 - {'error': {'message': 'Access denied, please make sure your account is i
    评测 600/616 (7s)
    ⚠ locomo_conv-47_qa87 失败: Error code: 400 - {'error': {'message': 'Access denied, please make sure your account is i
    ⚠ locomo_conv-47_qa92 失败: Error code: 400 - {'error': {'message': 'Access denied, please make sure your account is i
    ⚠ locomo_conv-47_qa9 失败: Error code: 400 - {'error': {'message': 'Access denied, please make sure your account is i
    ⚠ locomo_conv-47_qa94 失败: Error code: 400 - {'error': {'message': 'Access denied, please make sure your account is i
    ⚠ locomo_conv-47_qa96 失败: Error code: 400 - {'error': {'message': 'Access denied, please make sure your account is i
    ⚠ locomo_conv-47_qa97 失败: Error code: 400 - {'error': {'message': 'Access denied, please make sure your account is i
    ⚠ locomo_conv-26_qa107 失败: Error code: 400 - {'error': {'message': 'Access denied, please make sure your account is i
    ⚠ locomo_conv-26_qa11 失败: Error code: 400 - {'error': {'message': 'Access denied, please make sure your account is i
    ⚠ locomo_conv-26_qa109 失败: Error code: 400 - {'error': {'message': 'Access denied, please make sure your account is i
    ⚠ locomo_conv-26_qa110 失败: Error code: 400 - {'error': {'message': 'Access denied, please make sure your account is i
    ⚠ locomo_conv-26_qa112 失败: Error code: 400 - {'error': {'message': 'Access denied, please make sure your account is i
    ⚠ locomo_conv-26_qa113 失败: Error code: 400 - {'error': {'message': 'Access denied, please make sure your account is i
    ⚠ locomo_conv-26_qa114 失败: Error code: 400 - {'error': {'message': 'Access denied, please make sure your account is i
    ⚠ locomo_conv-26_qa104 失败: Error code: 400 - {'error': {'message': 'Access denied, please make sure your account is i
    ⚠ locomo_conv-26_qa106 失败: Error code: 400 - {'error': {'message': 'Access denied, please make sure your account is i
    ⚠ locomo_conv-26_qa115 失败: Error code: 400 - {'error': {'message': 'Access denied, please make sure your account is i
  → exact 0/0 (参考 0) Δ=+0 ↑0 ↓0 | {} | 6.8s

===== round r203_pool45: graphs=['s2', 'v8cluster', 'v10concept'] retrieval={'per_node': 30, 'pool': 45} preset=official_precise
    ⚠ locomo_conv-26_qa102 失败: Error code: 400 - {'error': {'message': 'Access denied, please make sure your account is i
    ⚠ locomo_conv-26_qa0 失败: Error code: 400 - {'error': {'message': 'Access denied, please make sure your account is i
    ⚠ locomo_conv-26_qa10 失败: Error code: 400 - {'error': {'message': 'Access denied, please make sure your account is i
    ⚠ locomo_conv-26_qa103 失败: Error code: 400 - {'error': {'message': 'Access denied, please make sure your account is i
    ⚠ locomo_conv-26_qa117 失败: Error code: 400 - {'error': {'message': 'Access denied, please make sure your account is i
    ⚠ locomo_conv-26_qa118 失败: Error code: 400 - {'error': {'message': 'Access denied, please make sure your account is i
    ⚠ locomo_conv-26_qa120 失败: Error code: 400 - {'error': {'message': 'Access denied, please make sure your account is i
    ⚠ locomo_conv-26_qa121 失败: Error code: 400 - {'error': {'message': 'Access denied, please make sure your account is i
    ⚠ locomo_conv-26_qa12 失败: Error code: 400 - {'error': {'message': 'Access denied, please make sure your account is i
    ⚠ locomo_conv-26_qa126 失败: Error code: 400 - {'error': {'message': 'Access denied, please make sure your account is i
    ⚠ locomo_conv-26_qa122 失败: Error code: 400 - {'error': {'message': 'Access denied, please make sure your account is i
    ⚠ locomo_conv-26_qa127 失败: Error code: 400 - {'error': {'message': 'Access denied, please make sure your account is i
    ⚠ locomo_conv-26_qa130 失败: Error code: 400 - {'error': {'message': 'Access denied, please make sure your account is i
    ⚠ locomo_conv-26_qa133 失败: Error code: 400 - {'error': {'message': 'Access denied, please make sure your account is i
    ⚠ locomo_conv-26_qa134 失败: Error code: 400 - {'error': {'message': 'Access denied, please make sure your account is i
    ⚠ locomo_conv-26_qa135 失败: Error code: 400 - {'error': {'message': 'Access denied, please make sure your account is i
    ⚠ locomo_conv-26_qa137 失败: Error code: 400 - {'error': {'message': 'Access denied, please make sure your account is i
    ⚠ locomo_conv-26_qa138 失败: Error code: 400 - {'error': {'message': 'Access denied, please make sure your account is i
    ⚠ locomo_conv-26_qa140 失败: Error code: 400 - {'error': {'message': 'Access denied, please make sure your account is i
    ⚠ locomo_conv-26_qa142 失败: Error code: 400 - {'error': {'message': 'Access denied, please make sure your account is i
    ⚠ locomo_conv-26_qa144 失败: Error code: 400 - {'error': {'message': 'Access denied, please make sure your account is i
    ⚠ locomo_conv-26_qa143 失败: Error code: 400 - {'error': {'message': 'Access denied, please make sure your account is i
    ⚠ locomo_conv-26_qa145 失败: Error code: 400 - {'error': {'message': 'Access denied, please make sure your account is i
    ⚠ locomo_conv-26_qa147 失败: Error code: 400 - {'error': {'message': 'Access denied, please make sure your account is i
    ⚠ locomo_conv-26_qa148 失败: Error code: 400 - {'error': {'message': 'Access denied, please make sure your account is i
    ⚠ locomo_conv-26_qa15 失败: Error code: 400 - {'error': {'message': 'Access denied, please make sure your account is i
    ⚠ locomo_conv-26_qa19 失败: Error code: 400 - {'error': {'message': 'Access denied, please make sure your account is i
    ⚠ locomo_conv-26_qa150 失败: Error code: 400 - {'error': {'message': 'Access denied, please make sure your account is i
    ⚠ locomo_conv-26_qa18 失败: Error code: 400 - {'error': {'message': 'Access denied, please make sure your account is i
    ⚠ locomo_conv-26_qa2 失败: Error code: 400 - {'error': {'message': 'Access denied, please make sure your account is i
    ⚠ locomo_conv-26_qa21 失败: Error code: 400 - {'error': {'message': 'Access denied, please make sure your account is i
    ⚠ locomo_conv-26_qa23 失败: Error code: 400 - {'error': {'message': 'Access denied, please make sure your account is i
    ⚠ locomo_conv-26_qa26 失败: Error code: 400 - {'error': {'message': 'Access denied, please make sure your account is i
    ⚠ locomo_conv-26_qa27 失败: Error code: 400 - {'error': {'message': 'Access denied, please make sure your account is i
    ⚠ locomo_conv-26_qa29 失败: Error code: 400 - {'error': {'message': 'Access denied, please make sure your account is i
    ⚠ locomo_conv-26_qa30 失败: Error code: 400 - {'error': {'message': 'Access denied, please make sure your account is i
    ⚠ locomo_conv-26_qa32 失败: Error code: 400 - {'error': {'message': 'Access denied, please make sure your account is i
    ⚠ locomo_conv-26_qa31 失败: Error code: 400 - {'error': {'message': 'Access denied, please make sure your account is i
    ⚠ locomo_conv-26_qa36 失败: Error code: 400 - {'error': {'message': 'Access denied, please make sure your account is i
    ⚠ locomo_conv-26_qa33 失败: Error code: 400 - {'error': {'message': 'Access denied, please make sure your account is i
    ⚠ locomo_conv-26_qa35 失败: Error code: 400 - {'error': {'message': 'Access denied, please make sure your account is i
    ⚠ locomo_conv-26_qa38 失败: Error code: 400 - {'error': {'message': 'Access denied, please make sure your account is i
    ⚠ locomo_conv-26_qa37 失败: Error code: 400 - {'error': {'message': 'Access denied, please make sure your account is i
    ⚠ locomo_conv-26_qa39 失败: Error code: 400 - {'error': {'message': 'Access denied, please make sure your account is i
    ⚠ locomo_conv-26_qa40 失败: Error code: 400 - {'error': {'message': 'Access denied, please make sure your account is i
    ⚠ locomo_conv-26_qa48 失败: Error code: 400 - {'error': {'message': 'Access denied, please make sure your account is i
    ⚠ locomo_conv-26_qa43 失败: Error code: 400 - {'error': {'message': 'Access denied, please make sure your account is i
    ⚠ locomo_conv-26_qa5 失败: Error code: 400 - {'error': {'message': 'Access denied, please make sure your account is i
    ⚠ locomo_conv-26_qa54 失败: Error code: 400 - {'error': {'message': 'Access denied, please make sure your account is i
    ⚠ locomo_conv-26_qa57 失败: Error code: 400 - {'error': {'message': 'Access denied, please make sure your account is i
    ⚠ locomo_conv-26_qa50 失败: Error code: 400 - {'error': {'message': 'Access denied, please make sure your account is i
    ⚠ locomo_conv-26_qa59 失败: Error code: 400 - {'error': {'message': 'Access denied, please make sure your account is i
    ⚠ locomo_conv-26_qa6 失败: Error code: 400 - {'error': {'message': 'Access denied, please make sure your account is i
    ⚠ locomo_conv-26_qa62 失败: Error code: 400 - {'error': {'message': 'Access denied, please make sure your account is i
    ⚠ locomo_conv-26_qa65 失败: Error code: 400 - {'error': {'message': 'Access denied, please make sure your account is i
    ⚠ locomo_conv-26_qa66 失败: Error code: 400 - {'error': {'message': 'Access denied, please make sure your account is i
    ⚠ locomo_conv-26_qa67 失败: Error code: 400 - {'error': {'message': 'Access denied, please make sure your account is i
    ⚠ locomo_conv-26_qa7 失败: Error code: 400 - {'error': {'message': 'Access denied, please make sure your account is i
    ⚠ locomo_conv-26_qa70 失败: Error code: 400 - {'error': {'message': 'Access denied, please make sure your account is i
    ⚠ locomo_conv-26_qa75 失败: Error code: 400 - {'error': {'message': 'Access denied, please make sure your account is i
    ⚠ locomo_conv-26_qa71 失败: Error code: 400 - {'error': {'message': 'Access denied, please make sure your account is i
    ⚠ locomo_conv-26_qa76 失败: Error code: 400 - {'error': {'message': 'Access denied, please make sure your account is i
    ⚠ locomo_conv-26_qa78 失败: Error code: 400 - {'error': {'message': 'Access denied, please make sure your account is i
    ⚠ locomo_conv-26_qa82 失败: Error code: 400 - {'error': {'message': 'Access denied, please make sure your account is i
    ⚠ locomo_conv-26_qa80 失败: Error code: 400 - {'error': {'message': 'Access denied, please make sure your account is i
    ⚠ locomo_conv-26_qa85 失败: Error code: 400 - {'error': {'message': 'Access denied, please make sure your account is i
    ⚠ locomo_conv-26_qa86 失败: Error code: 400 - {'error': {'message': 'Access denied, please make sure your account is i
    ⚠ locomo_conv-26_qa87 失败: Error code: 400 - {'error': {'message': 'Access denied, please make sure your account is i
    ⚠ locomo_conv-26_qa88 失败: Error code: 400 - {'error': {'message': 'Access denied, please make sure your account is i
    ⚠ locomo_conv-26_qa89 失败: Error code: 400 - {'error': {'message': 'Access denied, please make sure your account is i
    ⚠ locomo_conv-26_qa9 失败: Error code: 400 - {'error': {'message': 'Access denied, please make sure your account is i
    ⚠ locomo_conv-26_qa91 失败: Error code: 400 - {'error': {'message': 'Access denied, please make sure your account is i
    ⚠ locomo_conv-26_qa92 失败: Error code: 400 - {'error': {'message': 'Access denied, please make sure your account is i
    ⚠ locomo_conv-26_qa93 失败: Error code: 400 - {'error': {'message': 'Access denied, please make sure your account is i
    ⚠ locomo_conv-26_qa96 失败: Error code: 400 - {'error': {'message': 'Access denied, please make sure your account is i
    ⚠ locomo_conv-26_qa94 失败: Error code: 400 - {'error': {'message': 'Access denied, please make sure your account is i
    ⚠ locomo_conv-26_qa98 失败: Error code: 400 - {'error': {'message': 'Access denied, please make sure your account is i
    ⚠ locomo_conv-26_qa99 失败: Error code: 400 - {'error': {'message': 'Access denied, please make sure your account is i
    ⚠ locomo_conv-30_qa10 失败: Error code: 400 - {'error': {'message': 'Access denied, please make sure your account is i
    ⚠ locomo_conv-30_qa11 失败: Error code: 400 - {'error': {'message': 'Access denied, please make sure your account is i
    ⚠ locomo_conv-30_qa13 失败: Error code: 400 - {'error': {'message': 'Access denied, please make sure your account is i
    ⚠ locomo_conv-30_qa17 失败: Error code: 400 - {'error': {'message': 'Access denied, please make sure your account is i
    ⚠ locomo_conv-30_qa19 失败: Error code: 400 - {'error': {'message': 'Access denied, please make sure your account is i
    ⚠ locomo_conv-30_qa2 失败: Error code: 400 - {'error': {'message': 'Access denied, please make sure your account is i
    ⚠ locomo_conv-30_qa21 失败: Error code: 400 - {'error': {'message': 'Access denied, please make sure your account is i
    ⚠ locomo_conv-30_qa20 失败: Error code: 400 - {'error': {'message': 'Access denied, please make sure your account is i
    ⚠ locomo_conv-30_qa24 失败: Error code: 400 - {'error': {'message': 'Access denied, please make sure your account is i
    ⚠ locomo_conv-30_qa23 失败: Error code: 400 - {'error': {'message': 'Access denied, please make sure your account is i
    ⚠ locomo_conv-30_qa26 失败: Error code: 400 - {'error': {'message': 'Access denied, please make sure your account is i
    ⚠ locomo_conv-30_qa25 失败: Error code: 400 - {'error': {'message': 'Access denied, please make sure your account is i
    ⚠ locomo_conv-30_qa28 失败: Error code: 400 - {'error': {'message': 'Access denied, please make sure your account is i
    ⚠ locomo_conv-30_qa29 失败: Error code: 400 - {'error': {'message': 'Access denied, please make sure your account is i
    ⚠ locomo_conv-30_qa3 失败: Error code: 400 - {'error': {'message': 'Access denied, please make sure your account is i
    ⚠ locomo_conv-30_qa31 失败: Error code: 400 - {'error': {'message': 'Access denied, please make sure your account is i
    ⚠ locomo_conv-30_qa32 失败: Error code: 400 - {'error': {'message': 'Access denied, please make sure your account is i
    ⚠ locomo_conv-30_qa33 失败: Error code: 400 - {'error': {'message': 'Access denied, please make sure your account is i
    ⚠ locomo_conv-30_qa34 失败: Error code: 400 - {'error': {'message': 'Access denied, please make sure your account is i
    ⚠ locomo_conv-30_qa36 失败: Error code: 400 - {'error': {'message': 'Access denied, please make sure your account is i
    ⚠ locomo_conv-30_qa37 失败: Error code: 400 - {'error': {'message': 'Access denied, please make sure your account is i
    ⚠ locomo_conv-30_qa4 失败: Error code: 400 - {'error': {'message': 'Access denied, please make sure your account is i
    ⚠ locomo_conv-30_qa40 失败: Error code: 400 - {'error': {'message': 'Access denied, please make sure your account is i
    ⚠ locomo_conv-30_qa43 失败: Error code: 400 - {'error': {'message': 'Access denied, please make sure your account is i
    ⚠ locomo_conv-30_qa44 失败: Error code: 400 - {'error': {'message': 'Access denied, please make sure your account is i
    ⚠ locomo_conv-30_qa48 失败: Error code: 400 - {'error': {'message': 'Access denied, please make sure your account is i
    ⚠ locomo_conv-30_qa45 失败: Error code: 400 - {'error': {'message': 'Access denied, please make sure your account is i
    ⚠ locomo_conv-30_qa5 失败: Error code: 400 - {'error': {'message': 'Access denied, please make sure your account is i
    ⚠ locomo_conv-30_qa49 失败: Error code: 400 - {'error': {'message': 'Access denied, please make sure your account is i
    ⚠ locomo_conv-30_qa50 失败: Error code: 400 - {'error': {'message': 'Access denied, please make sure your account is i
    ⚠ locomo_conv-30_qa51 失败: Error code: 400 - {'error': {'message': 'Access denied, please make sure your account is i
    ⚠ locomo_conv-30_qa52 失败: Error code: 400 - {'error': {'message': 'Access denied, please make sure your account is i
    ⚠ locomo_conv-30_qa53 失败: Error code: 400 - {'error': {'message': 'Access denied, please make sure your account is i
    ⚠ locomo_conv-30_qa55 失败: Error code: 400 - {'error': {'message': 'Access denied, please make sure your account is i
    ⚠ locomo_conv-30_qa56 失败: Error code: 400 - {'error': {'message': 'Access denied, please make sure your account is i
    ⚠ locomo_conv-30_qa57 失败: Error code: 400 - {'error': {'message': 'Access denied, please make sure your account is i
    ⚠ locomo_conv-30_qa58 失败: Error code: 400 - {'error': {'message': 'Access denied, please make sure your account is i
    ⚠ locomo_conv-30_qa59 失败: Error code: 400 - {'error': {'message': 'Access denied, please make sure your account is i
    ⚠ locomo_conv-30_qa6 失败: Error code: 400 - {'error': {'message': 'Access denied, please make sure your account is i
    ⚠ locomo_conv-30_qa62 失败: Error code: 400 - {'error': {'message': 'Access denied, please make sure your account is i
    ⚠ locomo_conv-30_qa63 失败: Error code: 400 - {'error': {'message': 'Access denied, please make sure your account is i
    ⚠ locomo_conv-30_qa64 失败: Error code: 400 - {'error': {'message': 'Access denied, please make sure your account is i
    ⚠ locomo_conv-30_qa69 失败: Error code: 400 - {'error': {'message': 'Access denied, please make sure your account is i
    ⚠ locomo_conv-30_qa7 失败: Error code: 400 - {'error': {'message': 'Access denied, please make sure your account is i
    ⚠ locomo_conv-30_qa71 失败: Error code: 400 - {'error': {'message': 'Access denied, please make sure your account is i
    ⚠ locomo_conv-30_qa73 失败: Error code: 400 - {'error': {'message': 'Access denied, please make sure your account is i
    ⚠ locomo_conv-30_qa74 失败: Error code: 400 - {'error': {'message': 'Access denied, please make sure your account is i
    ⚠ locomo_conv-30_qa76 失败: Error code: 400 - {'error': {'message': 'Access denied, please make sure your account is i
    ⚠ locomo_conv-30_qa75 失败: Error code: 400 - {'error': {'message': 'Access denied, please make sure your account is i
    ⚠ locomo_conv-30_qa77 失败: Error code: 400 - {'error': {'message': 'Access denied, please make sure your account is i
    ⚠ locomo_conv-30_qa78 失败: Error code: 400 - {'error': {'message': 'Access denied, please make sure your account is i
    ⚠ locomo_conv-30_qa8 失败: Error code: 400 - {'error': {'message': 'Access denied, please make sure your account is i
    ⚠ locomo_conv-30_qa9 失败: Error code: 400 - {'error': {'message': 'Access denied, please make sure your account is i
    ⚠ locomo_conv-41_qa0 失败: Error code: 400 - {'error': {'message': 'Access denied, please make sure your account is i
    ⚠ locomo_conv-41_qa1 失败: Error code: 400 - {'error': {'message': 'Access denied, please make sure your account is i
    ⚠ locomo_conv-41_qa10 失败: Error code: 400 - {'error': {'message': 'Access denied, please make sure your account is i
    ⚠ locomo_conv-41_qa106 失败: Error code: 400 - {'error': {'message': 'Access denied, please make sure your account is i
    ⚠ locomo_conv-41_qa109 失败: Error code: 400 - {'error': {'message': 'Access denied, please make sure your account is i
    ⚠ locomo_conv-41_qa117 失败: Error code: 400 - {'error': {'message': 'Access denied, please make sure your account is i
    ⚠ locomo_conv-41_qa110 失败: Error code: 400 - {'error': {'message': 'Access denied, please make sure your account is i
    ⚠ locomo_conv-41_qa12 失败: Error code: 400 - {'error': {'message': 'Access denied, please make sure your account is i
    ⚠ locomo_conv-41_qa118 失败: Error code: 400 - {'error': {'message': 'Access denied, please make sure your account is i
    ⚠ locomo_conv-41_qa124 失败: Error code: 400 - {'error': {'message': 'Access denied, please make sure your account is i
    ⚠ locomo_conv-41_qa123 失败: Error code: 400 - {'error': {'message': 'Access denied, please make sure your account is i
    ⚠ locomo_conv-41_qa125 失败: Error code: 400 - {'error': {'message': 'Access denied, please make sure your account is i
    ⚠ locomo_conv-41_qa127 失败: Error code: 400 - {'error': {'message': 'Access denied, please make sure your account is i
    ⚠ locomo_conv-41_qa129 失败: Error code: 400 - {'error': {'message': 'Access denied, please make sure your account is i
    ⚠ locomo_conv-41_qa13 失败: Error code: 400 - {'error': {'message': 'Access denied, please make sure your account is i
    ⚠ locomo_conv-41_qa131 失败: Error code: 400 - {'error': {'message': 'Access denied, please make sure your account is i
    ⚠ locomo_conv-41_qa132 失败: Error code: 400 - {'error': {'message': 'Access denied, please make sure your account is i
    ⚠ locomo_conv-41_qa134 失败: Error code: 400 - {'error': {'message': 'Access denied, please make sure your account is i
    ⚠ locomo_conv-41_qa133 失败: Error code: 400 - {'error': {'message': 'Access denied, please make sure your account is i
    评测 150/616 (2s)
    ⚠ locomo_conv-41_qa135 失败: Error code: 400 - {'error': {'message': 'Access denied, please make sure your account is i
    ⚠ locomo_conv-41_qa136 失败: Error code: 400 - {'error': {'message': 'Access denied, please make sure your account is i
    ⚠ locomo_conv-41_qa137 失败: Error code: 400 - {'error': {'message': 'Access denied, please make sure your account is i
    ⚠ locomo_conv-41_qa139 失败: Error code: 400 - {'error': {'message': 'Access denied, please make sure your account is i
    ⚠ locomo_conv-41_qa14 失败: Error code: 400 - {'error': {'message': 'Access denied, please make sure your account is i
    ⚠ locomo_conv-41_qa140 失败: Error code: 400 - {'error': {'message': 'Access denied, please make sure your account is i
    ⚠ locomo_conv-41_qa143 失败: Error code: 400 - {'error': {'message': 'Access denied, please make sure your account is i
    ⚠ locomo_conv-41_qa144 失败: Error code: 400 - {'error': {'message': 'Access denied, please make sure your account is i
    ⚠ locomo_conv-41_qa145 失败: Error code: 400 - {'error': {'message': 'Access denied, please make sure your account is i
    ⚠ locomo_conv-41_qa146 失败: Error code: 400 - {'error': {'message': 'Access denied, please make sure your account is i
    ⚠ locomo_conv-41_qa148 失败: Error code: 400 - {'error': {'message': 'Access denied, please make sure your account is i
    ⚠ locomo_conv-41_qa150 失败: Error code: 400 - {'error': {'message': 'Access denied, please make sure your account is i
    ⚠ locomo_conv-41_qa16 失败: Error code: 400 - {'error': {'message': 'Access denied, please make sure your account is i
    ⚠ locomo_conv-41_qa17 失败: Error code: 400 - {'error': {'message': 'Access denied, please make sure your account is i
    ⚠ locomo_conv-41_qa18 失败: Error code: 400 - {'error': {'message': 'Access denied, please make sure your account is i
    ⚠ locomo_conv-41_qa25 失败: Error code: 400 - {'error': {'message': 'Access denied, please make sure your account is i
    ⚠ locomo_conv-41_qa23 失败: Error code: 400 - {'error': {'message': 'Access denied, please make sure your account is i
    ⚠ locomo_conv-41_qa26 失败: Error code: 400 - {'error': {'message': 'Access denied, please make sure your account is i
    ⚠ locomo_conv-41_qa27 失败: Error code: 400 - {'error': {'message': 'Access denied, please make sure your account is i
    ⚠ locomo_conv-41_qa28 失败: Error code: 400 - {'error': {'message': 'Access denied, please make sure your account is i
    ⚠ locomo_conv-41_qa31 失败: Error code: 400 - {'error': {'message': 'Access denied, please make sure your account is i
    ⚠ locomo_conv-41_qa33 失败: Error code: 400 - {'error': {'message': 'Access denied, please make sure your account is i
    ⚠ locomo_conv-41_qa34 失败: Error code: 400 - {'error': {'message': 'Access denied, please make sure your account is i
    ⚠ locomo_conv-41_qa36 失败: Error code: 400 - {'error': {'message': 'Access denied, please make sure your account is i
    ⚠ locomo_conv-41_qa37 失败: Error code: 400 - {'error': {'message': 'Access denied, please make sure your account is i
    ⚠ locomo_conv-41_qa38 失败: Error code: 400 - {'error': {'message': 'Access denied, please make sure your account is i
    ⚠ locomo_conv-41_qa4 失败: Error code: 400 - {'error': {'message': 'Access denied, please make sure your account is i
    ⚠ locomo_conv-41_qa42 失败: Error code: 400 - {'error': {'message': 'Access denied, please make sure your account is i
    ⚠ locomo_conv-41_qa41 失败: Error code: 400 - {'error': {'message': 'Access denied, please make sure your account is i
    ⚠ locomo_conv-41_qa43 失败: Error code: 400 - {'error': {'message': 'Access denied, please make sure your account is i
    ⚠ locomo_conv-41_qa44 失败: Error code: 400 - {'error': {'message': 'Access denied, please make sure your account is i
    ⚠ locomo_conv-41_qa46 失败: Error code: 400 - {'error': {'message': 'Access denied, please make sure your account is i
    ⚠ locomo_conv-41_qa45 失败: Error code: 400 - {'error': {'message': 'Access denied, please make sure your account is i
    ⚠ locomo_conv-41_qa48 失败: Error code: 400 - {'error': {'message': 'Access denied, please make sure your account is i
    ⚠ locomo_conv-41_qa47 失败: Error code: 400 - {'error': {'message': 'Access denied, please make sure your account is i
    ⚠ locomo_conv-41_qa49 失败: Error code: 400 - {'error': {'message': 'Access denied, please make sure your account is i
    ⚠ locomo_conv-41_qa51 失败: Error code: 400 - {'error': {'message': 'Access denied, please make sure your account is i
    ⚠ locomo_conv-41_qa50 失败: Error code: 400 - {'error': {'message': 'Access denied, please make sure your account is i
    ⚠ locomo_conv-41_qa55 失败: Error code: 400 - {'error': {'message': 'Access denied, please make sure your account is i
    ⚠ locomo_conv-41_qa54 失败: Error code: 400 - {'error': {'message': 'Access denied, please make sure your account is i
    ⚠ locomo_conv-26_qa128 失败: Error code: 400 - {'error': {'message': 'Access denied, please make sure your account is i
    ⚠ locomo_conv-41_qa57 失败: Error code: 400 - {'error': {'message': 'Access denied, please make sure your account is i
    ⚠ locomo_conv-41_qa58 失败: Error code: 400 - {'error': {'message': 'Access denied, please make sure your account is i
    ⚠ locomo_conv-41_qa61 失败: Error code: 400 - {'error': {'message': 'Access denied, please make sure your account is i
    ⚠ locomo_conv-41_qa62 失败: Error code: 400 - {'error': {'message': 'Access denied, please make sure your account is i
    ⚠ locomo_conv-41_qa63 失败: Error code: 400 - {'error': {'message': 'Access denied, please make sure your account is i
    ⚠ locomo_conv-41_qa64 失败: Error code: 400 - {'error': {'message': 'Access denied, please make sure your account is i
    ⚠ locomo_conv-41_qa56 失败: Error code: 400 - {'error': {'message': 'Access denied, please make sure your account is i
    ⚠ locomo_conv-41_qa67 失败: Error code: 400 - {'error': {'message': 'Access denied, please make sure your account is i
    ⚠ locomo_conv-41_qa68 失败: Error code: 400 - {'error': {'message': 'Access denied, please make sure your account is i
    ⚠ locomo_conv-41_qa70 失败: Error code: 400 - {'error': {'message': 'Access denied, please make sure your account is i
    ⚠ locomo_conv-41_qa74 失败: Error code: 400 - {'error': {'message': 'Access denied, please make sure your account is i
    ⚠ locomo_conv-41_qa69 失败: Error code: 400 - {'error': {'message': 'Access denied, please make sure your account is i
    ⚠ locomo_conv-41_qa77 失败: Error code: 400 - {'error': {'message': 'Access denied, please make sure your account is i
    ⚠ locomo_conv-41_qa8 失败: Error code: 400 - {'error': {'message': 'Access denied, please make sure your account is i
    ⚠ locomo_conv-41_qa80 失败: Error code: 400 - {'error': {'message': 'Access denied, please make sure your account is i
    ⚠ locomo_conv-41_qa85 失败: Error code: 400 - {'error': {'message': 'Access denied, please make sure your account is i
    ⚠ locomo_conv-41_qa82 失败: Error code: 400 - {'error': {'message': 'Access denied, please make sure your account is i
    ⚠ locomo_conv-41_qa89 失败: Error code: 400 - {'error': {'message': 'Access denied, please make sure your account is i
    ⚠ locomo_conv-41_qa91 失败: Error code: 400 - {'error': {'message': 'Access denied, please make sure your account is i
    ⚠ locomo_conv-41_qa95 失败: Error code: 400 - {'error': {'message': 'Access denied, please make sure your account is i
    ⚠ locomo_conv-41_qa99 失败: Error code: 400 - {'error': {'message': 'Access denied, please make sure your account is i
    ⚠ locomo_conv-41_qa98 失败: Error code: 400 - {'error': {'message': 'Access denied, please make sure your account is i
    ⚠ locomo_conv-42_qa0 失败: Error code: 400 - {'error': {'message': 'Access denied, please make sure your account is i
    ⚠ locomo_conv-42_qa101 失败: Error code: 400 - {'error': {'message': 'Access denied, please make sure your account is i
    ⚠ locomo_conv-42_qa100 失败: Error code: 400 - {'error': {'message': 'Access denied, please make sure your account is i
    ⚠ locomo_conv-42_qa102 失败: Error code: 400 - {'error': {'message': 'Access denied, please make sure your account is i
    ⚠ locomo_conv-42_qa104 失败: Error code: 400 - {'error': {'message': 'Access denied, please make sure your account is i
    ⚠ locomo_conv-42_qa106 失败: Error code: 400 - {'error': {'message': 'Access denied, please make sure your account is i
    ⚠ locomo_conv-42_qa109 失败: Error code: 400 - {'error': {'message': 'Access denied, please make sure your account is i
    ⚠ locomo_conv-42_qa110 失败: Error code: 400 - {'error': {'message': 'Access denied, please make sure your account is i
    ⚠ locomo_conv-42_qa113 失败: Error code: 400 - {'error': {'message': 'Access denied, please make sure your account is i
    ⚠ locomo_conv-42_qa115 失败: Error code: 400 - {'error': {'message': 'Access denied, please make sure your account is i
    ⚠ locomo_conv-42_qa118 失败: Error code: 400 - {'error': {'message': 'Access denied, please make sure your account is i
    ⚠ locomo_conv-42_qa116 失败: Error code: 400 - {'error': {'message': 'Access denied, please make sure your account is i
    ⚠ locomo_conv-42_qa119 失败: Error code: 400 - {'error': {'message': 'Access denied, please make sure your account is i
    ⚠ locomo_conv-42_qa12 失败: Error code: 400 - {'error': {'message': 'Access denied, please make sure your account is i
    ⚠ locomo_conv-42_qa122 失败: Error code: 400 - {'error': {'message': 'Access denied, please make sure your account is i
    ⚠ locomo_conv-42_qa120 失败: Error code: 400 - {'error': {'message': 'Access denied, please make sure your account is i
    ⚠ locomo_conv-42_qa123 失败: Error code: 400 - {'error': {'message': 'Access denied, please make sure your account is i
    ⚠ locomo_conv-42_qa13 失败: Error code: 400 - {'error': {'message': 'Access denied, please make sure your account is i
    ⚠ locomo_conv-42_qa126 失败: Error code: 400 - {'error': {'message': 'Access denied, please make sure your account is i
    ⚠ locomo_conv-42_qa138 失败: Error code: 400 - {'error': {'message': 'Access denied, please make sure your account is i
    ⚠ locomo_conv-42_qa140 失败: Error code: 400 - {'error': {'message': 'Access denied, please make sure your account is i
    ⚠ locomo_conv-42_qa141 失败: Error code: 400 - {'error': {'message': 'Access denied, please make sure your account is i
    ⚠ locomo_conv-42_qa144 失败: Error code: 400 - {'error': {'message': 'Access denied, please make sure your account is i
    ⚠ locomo_conv-26_qa69 失败: Error code: 400 - {'error': {'message': 'Access denied, please make sure your account is i
    ⚠ locomo_conv-42_qa146 失败: Error code: 400 - {'error': {'message': 'Access denied, please make sure your account is i
    ⚠ locomo_conv-42_qa15 失败: Error code: 400 - {'error': {'message': 'Access denied, please make sure your account is i
    ⚠ locomo_conv-42_qa148 失败: Error code: 400 - {'error': {'message': 'Access denied, please make sure your account is i
    ⚠ locomo_conv-42_qa151 失败: Error code: 400 - {'error': {'message': 'Access denied, please make sure your account is i
    ⚠ locomo_conv-42_qa152 失败: Error code: 400 - {'error': {'message': 'Access denied, please make sure your account is i
    ⚠ locomo_conv-42_qa14 失败: Error code: 400 - {'error': {'message': 'Access denied, please make sure your account is i
    ⚠ locomo_conv-42_qa150 失败: Error code: 400 - {'error': {'message': 'Access denied, please make sure your account is i
    ⚠ locomo_conv-42_qa154 失败: Error code: 400 - {'error': {'message': 'Access denied, please make sure your account is i
    ⚠ locomo_conv-42_qa155 失败: Error code: 400 - {'error': {'message': 'Access denied, please make sure your account is i
    ⚠ locomo_conv-42_qa156 失败: Error code: 400 - {'error': {'message': 'Access denied, please make sure your account is i
    ⚠ locomo_conv-42_qa163 失败: Error code: 400 - {'error': {'message': 'Access denied, please make sure your account is i
    ⚠ locomo_conv-42_qa16 失败: Error code: 400 - {'error': {'message': 'Access denied, please make sure your account is i
    ⚠ locomo_conv-42_qa158 失败: Error code: 400 - {'error': {'message': 'Access denied, please make sure your account is i
    ⚠ locomo_conv-42_qa167 失败: Error code: 400 - {'error': {'message': 'Access denied, please make sure your account is i
    ⚠ locomo_conv-42_qa169 失败: Error code: 400 - {'error': {'message': 'Access denied, please make sure your account is i
    ⚠ locomo_conv-42_qa165 失败: Error code: 400 - {'error': {'message': 'Access denied, please make sure your account is i
    ⚠ locomo_conv-42_qa170 失败: Error code: 400 - {'error': {'message': 'Access denied, please make sure your account is i
    ⚠ locomo_conv-42_qa174 失败: Error code: 400 - {'error': {'message': 'Access denied, please make sure your account is i
    ⚠ locomo_conv-42_qa173 失败: Error code: 400 - {'error': {'message': 'Access denied, please make sure your account is i
    ⚠ locomo_conv-42_qa176 失败: Error code: 400 - {'error': {'message': 'Access denied, please make sure your account is i
    ⚠ locomo_conv-42_qa177 失败: Error code: 400 - {'error': {'message': 'Access denied, please make sure your account is i
    ⚠ locomo_conv-42_qa18 失败: Error code: 400 - {'error': {'message': 'Access denied, please make sure your account is i
    ⚠ locomo_conv-42_qa179 失败: Error code: 400 - {'error': {'message': 'Access denied, please make sure your account is i
    ⚠ locomo_conv-42_qa180 失败: Error code: 400 - {'error': {'message': 'Access denied, please make sure your account is i
    ⚠ locomo_conv-42_qa181 失败: Error code: 400 - {'error': {'message': 'Access denied, please make sure your account is i
    ⚠ locomo_conv-42_qa185 失败: Error code: 400 - {'error': {'message': 'Access denied, please make sure your account is i
    ⚠ locomo_conv-42_qa186 失败: Error code: 400 - {'error': {'message': 'Access denied, please make sure your account is i
    ⚠ locomo_conv-42_qa187 失败: Error code: 400 - {'error': {'message': 'Access denied, please make sure your account is i
    ⚠ locomo_conv-42_qa188 失败: Error code: 400 - {'error': {'message': 'Access denied, please make sure your account is i
    ⚠ locomo_conv-42_qa190 失败: Error code: 400 - {'error': {'message': 'Access denied, please make sure your account is i
    ⚠ locomo_conv-42_qa191 失败: Error code: 400 - {'error': {'message': 'Access denied, please make sure your account is i
    ⚠ locomo_conv-42_qa192 失败: Error code: 400 - {'error': {'message': 'Access denied, please make sure your account is i
    ⚠ locomo_conv-42_qa193 失败: Error code: 400 - {'error': {'message': 'Access denied, please make sure your account is i
    ⚠ locomo_conv-42_qa195 失败: Error code: 400 - {'error': {'message': 'Access denied, please make sure your account is i
    ⚠ locomo_conv-42_qa196 失败: Error code: 400 - {'error': {'message': 'Access denied, please make sure your account is i
    ⚠ locomo_conv-42_qa2 失败: Error code: 400 - {'error': {'message': 'Access denied, please make sure your account is i
    ⚠ locomo_conv-42_qa20 失败: Error code: 400 - {'error': {'message': 'Access denied, please make sure your account is i
    ⚠ locomo_conv-42_qa21 失败: Error code: 400 - {'error': {'message': 'Access denied, please make sure your account is i
    ⚠ locomo_conv-42_qa22 失败: Error code: 400 - {'error': {'message': 'Access denied, please make sure your account is i
    ⚠ locomo_conv-42_qa25 失败: Error code: 400 - {'error': {'message': 'Access denied, please make sure your account is i
    ⚠ locomo_conv-42_qa24 失败: Error code: 400 - {'error': {'message': 'Access denied, please make sure your account is i
    ⚠ locomo_conv-42_qa23 失败: Error code: 400 - {'error': {'message': 'Access denied, please make sure your account is i
    ⚠ locomo_conv-42_qa29 失败: Error code: 400 - {'error': {'message': 'Access denied, please make sure your account is i
    ⚠ locomo_conv-42_qa26 失败: Error code: 400 - {'error': {'message': 'Access denied, please make sure your account is i
    ⚠ locomo_conv-42_qa3 失败: Error code: 400 - {'error': {'message': 'Access denied, please make sure your account is i
    ⚠ locomo_conv-42_qa30 失败: Error code: 400 - {'error': {'message': 'Access denied, please make sure your account is i
    ⚠ locomo_conv-42_qa33 失败: Error code: 400 - {'error': {'message': 'Access denied, please make sure your account is i
    ⚠ locomo_conv-42_qa32 失败: Error code: 400 - {'error': {'message': 'Access denied, please make sure your account is i
    ⚠ locomo_conv-42_qa34 失败: Error code: 400 - {'error': {'message': 'Access denied, please make sure your account is i
    ⚠ locomo_conv-42_qa35 失败: Error code: 400 - {'error': {'message': 'Access denied, please make sure your account is i
    ⚠ locomo_conv-42_qa36 失败: Error code: 400 - {'error': {'message': 'Access denied, please make sure your account is i
    ⚠ locomo_conv-42_qa37 失败: Error code: 400 - {'error': {'message': 'Access denied, please make sure your account is i
    ⚠ locomo_conv-42_qa38 失败: Error code: 400 - {'error': {'message': 'Access denied, please make sure your account is i
    ⚠ locomo_conv-42_qa4 失败: Error code: 400 - {'error': {'message': 'Access denied, please make sure your account is i
    ⚠ locomo_conv-42_qa40 失败: Error code: 400 - {'error': {'message': 'Access denied, please make sure your account is i
    ⚠ locomo_conv-42_qa42 失败: Error code: 400 - {'error': {'message': 'Access denied, please make sure your account is i
    ⚠ locomo_conv-42_qa43 失败: Error code: 400 - {'error': {'message': 'Access denied, please make sure your account is i
    ⚠ locomo_conv-42_qa45 失败: Error code: 400 - {'error': {'message': 'Access denied, please make sure your account is i
    ⚠ locomo_conv-42_qa5 失败: Error code: 400 - {'error': {'message': 'Access denied, please make sure your account is i
    ⚠ locomo_conv-42_qa50 失败: Error code: 400 - {'error': {'message': 'Access denied, please make sure your account is i
    ⚠ locomo_conv-42_qa51 失败: Error code: 400 - {'error': {'message': 'Access denied, please make sure your account is i
    ⚠ locomo_conv-42_qa52 失败: Error code: 400 - {'error': {'message': 'Access denied, please make sure your account is i
    ⚠ locomo_conv-42_qa53 失败: Error code: 400 - {'error': {'message': 'Access denied, please make sure your account is i
    评测 300/616 (4s)
    ⚠ locomo_conv-42_qa54 失败: Error code: 400 - {'error': {'message': 'Access denied, please make sure your account is i
    ⚠ locomo_conv-42_qa55 失败: Error code: 400 - {'error': {'message': 'Access denied, please make sure your account is i
    ⚠ locomo_conv-42_qa58 失败: Error code: 400 - {'error': {'message': 'Access denied, please make sure your account is i
    ⚠ locomo_conv-42_qa60 失败: Error code: 400 - {'error': {'message': 'Access denied, please make sure your account is i
    ⚠ locomo_conv-42_qa59 失败: Error code: 400 - {'error': {'message': 'Access denied, please make sure your account is i
    ⚠ locomo_conv-42_qa65 失败: Error code: 400 - {'error': {'message': 'Access denied, please make sure your account is i
    ⚠ locomo_conv-42_qa61 失败: Error code: 400 - {'error': {'message': 'Access denied, please make sure your account is i
    ⚠ locomo_conv-42_qa66 失败: Error code: 400 - {'error': {'message': 'Access denied, please make sure your account is i
    ⚠ locomo_conv-42_qa63 失败: Error code: 400 - {'error': {'message': 'Access denied, please make sure your account is i
    ⚠ locomo_conv-42_qa7 失败: Error code: 400 - {'error': {'message': 'Access denied, please make sure your account is i
    ⚠ locomo_conv-42_qa67 失败: Error code: 400 - {'error': {'message': 'Access denied, please make sure your account is i
    ⚠ locomo_conv-42_qa70 失败: Error code: 400 - {'error': {'message': 'Access denied, please make sure your account is i
    ⚠ locomo_conv-42_qa68 失败: Error code: 400 - {'error': {'message': 'Access denied, please make sure your account is i
    ⚠ locomo_conv-42_qa73 失败: Error code: 400 - {'error': {'message': 'Access denied, please make sure your account is i
    ⚠ locomo_conv-42_qa74 失败: Error code: 400 - {'error': {'message': 'Access denied, please make sure your account is i
    ⚠ locomo_conv-42_qa77 失败: Error code: 400 - {'error': {'message': 'Access denied, please make sure your account is i
    ⚠ locomo_conv-42_qa71 失败: Error code: 400 - {'error': {'message': 'Access denied, please make sure your account is i
    ⚠ locomo_conv-42_qa81 失败: Error code: 400 - {'error': {'message': 'Access denied, please make sure your account is i
    ⚠ locomo_conv-42_qa78 失败: Error code: 400 - {'error': {'message': 'Access denied, please make sure your account is i
    ⚠ locomo_conv-42_qa8 失败: Error code: 400 - {'error': {'message': 'Access denied, please make sure your account is i
    ⚠ locomo_conv-42_qa79 失败: Error code: 400 - {'error': {'message': 'Access denied, please make sure your account is i
    ⚠ locomo_conv-42_qa85 失败: Error code: 400 - {'error': {'message': 'Access denied, please make sure your account is i
    ⚠ locomo_conv-42_qa83 失败: Error code: 400 - {'error': {'message': 'Access denied, please make sure your account is i
    ⚠ locomo_conv-42_qa90 失败: Error code: 400 - {'error': {'message': 'Access denied, please make sure your account is i
    ⚠ locomo_conv-42_qa84 失败: Error code: 400 - {'error': {'message': 'Access denied, please make sure your account is i
    ⚠ locomo_conv-42_qa91 失败: Error code: 400 - {'error': {'message': 'Access denied, please make sure your account is i
    ⚠ locomo_conv-42_qa95 失败: Error code: 400 - {'error': {'message': 'Access denied, please make sure your account is i
    ⚠ locomo_conv-42_qa94 失败: Error code: 400 - {'error': {'message': 'Access denied, please make sure your account is i
    ⚠ locomo_conv-42_qa92 失败: Error code: 400 - {'error': {'message': 'Access denied, please make sure your account is i
    ⚠ locomo_conv-42_qa97 失败: Error code: 400 - {'error': {'message': 'Access denied, please make sure your account is i
    ⚠ locomo_conv-42_qa99 失败: Error code: 400 - {'error': {'message': 'Access denied, please make sure your account is i
    ⚠ locomo_conv-43_qa0 失败: Error code: 400 - {'error': {'message': 'Access denied, please make sure your account is i
    ⚠ locomo_conv-43_qa10 失败: Error code: 400 - {'error': {'message': 'Access denied, please make sure your account is i
    ⚠ locomo_conv-43_qa1 失败: Error code: 400 - {'error': {'message': 'Access denied, please make sure your account is i
    ⚠ locomo_conv-43_qa100 失败: Error code: 400 - {'error': {'message': 'Access denied, please make sure your account is i
    ⚠ locomo_conv-43_qa102 失败: Error code: 400 - {'error': {'message': 'Access denied, please make sure your account is i
    ⚠ locomo_conv-43_qa106 失败: Error code: 400 - {'error': {'message': 'Access denied, please make sure your account is i
    ⚠ locomo_conv-43_qa101 失败: Error code: 400 - {'error': {'message': 'Access denied, please make sure your account is i
    ⚠ locomo_conv-43_qa108 失败: Error code: 400 - {'error': {'message': 'Access denied, please make sure your account is i
    ⚠ locomo_conv-43_qa111 失败: Error code: 400 - {'error': {'message': 'Access denied, please make sure your account is i
    ⚠ locomo_conv-43_qa116 失败: Error code: 400 - {'error': {'message': 'Access denied, please make sure your account is i
    ⚠ locomo_conv-43_qa113 失败: Error code: 400 - {'error': {'message': 'Access denied, please make sure your account is i
    ⚠ locomo_conv-43_qa112 失败: Error code: 400 - {'error': {'message': 'Access denied, please make sure your account is i
    ⚠ locomo_conv-43_qa117 失败: Error code: 400 - {'error': {'message': 'Access denied, please make sure your account is i
    ⚠ locomo_conv-43_qa123 失败: Error code: 400 - {'error': {'message': 'Access denied, please make sure your account is i
    ⚠ locomo_conv-43_qa121 失败: Error code: 400 - {'error': {'message': 'Access denied, please make sure your account is i
    ⚠ locomo_conv-43_qa120 失败: Error code: 400 - {'error': {'message': 'Access denied, please make sure your account is i
    ⚠ locomo_conv-43_qa126 失败: Error code: 400 - {'error': {'message': 'Access denied, please make sure your account is i
    ⚠ locomo_conv-43_qa130 失败: Error code: 400 - {'error': {'message': 'Access denied, please make sure your account is i
    ⚠ locomo_conv-43_qa128 失败: Error code: 400 - {'error': {'message': 'Access denied, please make sure your account is i
    ⚠ locomo_conv-43_qa127 失败: Error code: 400 - {'error': {'message': 'Access denied, please make sure your account is i
    ⚠ locomo_conv-43_qa131 失败: Error code: 400 - {'error': {'message': 'Access denied, please make sure your account is i
    ⚠ locomo_conv-43_qa132 失败: Error code: 400 - {'error': {'message': 'Access denied, please make sure your account is i
    ⚠ locomo_conv-43_qa133 失败: Error code: 400 - {'error': {'message': 'Access denied, please make sure your account is i
    ⚠ locomo_conv-43_qa134 失败: Error code: 400 - {'error': {'message': 'Access denied, please make sure your account is i
    ⚠ locomo_conv-43_qa136 失败: Error code: 400 - {'error': {'message': 'Access denied, please make sure your account is i
    ⚠ locomo_conv-43_qa138 失败: Error code: 400 - {'error': {'message': 'Access denied, please make sure your account is i
    ⚠ locomo_conv-43_qa139 失败: Error code: 400 - {'error': {'message': 'Access denied, please make sure your account is i
    ⚠ locomo_conv-43_qa14 失败: Error code: 400 - {'error': {'message': 'Access denied, please make sure your account is i
    ⚠ locomo_conv-43_qa144 失败: Error code: 400 - {'error': {'message': 'Access denied, please make sure your account is i
    ⚠ locomo_conv-43_qa140 失败: Error code: 400 - {'error': {'message': 'Access denied, please make sure your account is i
    ⚠ locomo_conv-43_qa141 失败: Error code: 400 - {'error': {'message': 'Access denied, please make sure your account is i
    ⚠ locomo_conv-43_qa148 失败: Error code: 400 - {'error': {'message': 'Access denied, please make sure your account is i
    ⚠ locomo_conv-43_qa15 失败: Error code: 400 - {'error': {'message': 'Access denied, please make sure your account is i
    ⚠ locomo_conv-43_qa151 失败: Error code: 400 - {'error': {'message': 'Access denied, please make sure your account is i
    ⚠ locomo_conv-43_qa152 失败: Error code: 400 - {'error': {'message': 'Access denied, please make sure your account is i
    ⚠ locomo_conv-43_qa156 失败: Error code: 400 - {'error': {'message': 'Access denied, please make sure your account is i
    ⚠ locomo_conv-43_qa154 失败: Error code: 400 - {'error': {'message': 'Access denied, please make sure your account is i
    ⚠ locomo_conv-43_qa157 失败: Error code: 400 - {'error': {'message': 'Access denied, please make sure your account is i
    ⚠ locomo_conv-43_qa16 失败: Error code: 400 - {'error': {'message': 'Access denied, please make sure your account is i
    ⚠ locomo_conv-43_qa158 失败: Error code: 400 - {'error': {'message': 'Access denied, please make sure your account is i
    ⚠ locomo_conv-43_qa164 失败: Error code: 400 - {'error': {'message': 'Access denied, please make sure your account is i
    ⚠ locomo_conv-43_qa165 失败: Error code: 400 - {'error': {'message': 'Access denied, please make sure your account is i
    ⚠ locomo_conv-43_qa166 失败: Error code: 400 - {'error': {'message': 'Access denied, please make sure your account is i
    ⚠ locomo_conv-43_qa167 失败: Error code: 400 - {'error': {'message': 'Access denied, please make sure your account is i
    ⚠ locomo_conv-43_qa17 失败: Error code: 400 - {'error': {'message': 'Access denied, please make sure your account is i
    ⚠ locomo_conv-43_qa168 失败: Error code: 400 - {'error': {'message': 'Access denied, please make sure your account is i
    ⚠ locomo_conv-43_qa169 失败: Error code: 400 - {'error': {'message': 'Access denied, please make sure your account is i
    ⚠ locomo_conv-43_qa171 失败: Error code: 400 - {'error': {'message': 'Access denied, please make sure your account is i
    ⚠ locomo_conv-43_qa175 失败: Error code: 400 - {'error': {'message': 'Access denied, please make sure your account is i
    ⚠ locomo_conv-43_qa176 失败: Error code: 400 - {'error': {'message': 'Access denied, please make sure your account is i
    ⚠ locomo_conv-43_qa174 失败: Error code: 400 - {'error': {'message': 'Access denied, please make sure your account is i
    ⚠ locomo_conv-43_qa19 失败: Error code: 400 - {'error': {'message': 'Access denied, please make sure your account is i
    ⚠ locomo_conv-43_qa18 失败: Error code: 400 - {'error': {'message': 'Access denied, please make sure your account is i
    ⚠ locomo_conv-43_qa2 失败: Error code: 400 - {'error': {'message': 'Access denied, please make sure your account is i
    ⚠ locomo_conv-43_qa23 失败: Error code: 400 - {'error': {'message': 'Access denied, please make sure your account is i
    ⚠ locomo_conv-43_qa25 失败: Error code: 400 - {'error': {'message': 'Access denied, please make sure your account is i
    ⚠ locomo_conv-43_qa26 失败: Error code: 400 - {'error': {'message': 'Access denied, please make sure your account is i
    ⚠ locomo_conv-43_qa27 失败: Error code: 400 - {'error': {'message': 'Access denied, please make sure your account is i
    ⚠ locomo_conv-43_qa30 失败: Error code: 400 - {'error': {'message': 'Access denied, please make sure your account is i
    ⚠ locomo_conv-43_qa3 失败: Error code: 400 - {'error': {'message': 'Access denied, please make sure your account is i
    ⚠ locomo_conv-43_qa28 失败: Error code: 400 - {'error': {'message': 'Access denied, please make sure your account is i
    ⚠ locomo_conv-43_qa31 失败: Error code: 400 - {'error': {'message': 'Access denied, please make sure your account is i
    ⚠ locomo_conv-43_qa34 失败: Error code: 400 - {'error': {'message': 'Access denied, please make sure your account is i
    ⚠ locomo_conv-43_qa37 失败: Error code: 400 - {'error': {'message': 'Access denied, please make sure your account is i
    ⚠ locomo_conv-43_qa35 失败: Error code: 400 - {'error': {'message': 'Access denied, please make sure your account is i
    ⚠ locomo_conv-43_qa32 失败: Error code: 400 - {'error': {'message': 'Access denied, please make sure your account is i
    ⚠ locomo_conv-43_qa38 失败: Error code: 400 - {'error': {'message': 'Access denied, please make sure your account is i
    ⚠ locomo_conv-43_qa4 失败: Error code: 400 - {'error': {'message': 'Access denied, please make sure your account is i
    ⚠ locomo_conv-43_qa39 失败: Error code: 400 - {'error': {'message': 'Access denied, please make sure your account is i
    ⚠ locomo_conv-43_qa40 失败: Error code: 400 - {'error': {'message': 'Access denied, please make sure your account is i
    ⚠ locomo_conv-43_qa41 失败: Error code: 400 - {'error': {'message': 'Access denied, please make sure your account is i
    ⚠ locomo_conv-43_qa43 失败: Error code: 400 - {'error': {'message': 'Access denied, please make sure your account is i
    ⚠ locomo_conv-43_qa42 失败: Error code: 400 - {'error': {'message': 'Access denied, please make sure your account is i
    ⚠ locomo_conv-43_qa44 失败: Error code: 400 - {'error': {'message': 'Access denied, please make sure your account is i
    ⚠ locomo_conv-43_qa45 失败: Error code: 400 - {'error': {'message': 'Access denied, please make sure your account is i
    ⚠ locomo_conv-43_qa48 失败: Error code: 400 - {'error': {'message': 'Access denied, please make sure your account is i
    ⚠ locomo_conv-43_qa5 失败: Error code: 400 - {'error': {'message': 'Access denied, please make sure your account is i
    ⚠ locomo_conv-43_qa49 失败: Error code: 400 - {'error': {'message': 'Access denied, please make sure your account is i
    ⚠ locomo_conv-43_qa47 失败: Error code: 400 - {'error': {'message': 'Access denied, please make sure your account is i
    ⚠ locomo_conv-43_qa51 失败: Error code: 400 - {'error': {'message': 'Access denied, please make sure your account is i
    ⚠ locomo_conv-43_qa52 失败: Error code: 400 - {'error': {'message': 'Access denied, please make sure your account is i
    ⚠ locomo_conv-43_qa50 失败: Error code: 400 - {'error': {'message': 'Access denied, please make sure your account is i
    ⚠ locomo_conv-43_qa53 失败: Error code: 400 - {'error': {'message': 'Access denied, please make sure your account is i
    ⚠ locomo_conv-43_qa56 失败: Error code: 400 - {'error': {'message': 'Access denied, please make sure your account is i
    ⚠ locomo_conv-43_qa54 失败: Error code: 400 - {'error': {'message': 'Access denied, please make sure your account is i
    ⚠ locomo_conv-43_qa55 失败: Error code: 400 - {'error': {'message': 'Access denied, please make sure your account is i
    ⚠ locomo_conv-43_qa58 失败: Error code: 400 - {'error': {'message': 'Access denied, please make sure your account is i
    ⚠ locomo_conv-43_qa57 失败: Error code: 400 - {'error': {'message': 'Access denied, please make sure your account is i
    ⚠ locomo_conv-43_qa60 失败: Error code: 400 - {'error': {'message': 'Access denied, please make sure your account is i
    ⚠ locomo_conv-43_qa6 失败: Error code: 400 - {'error': {'message': 'Access denied, please make sure your account is i
    ⚠ locomo_conv-43_qa61 失败: Error code: 400 - {'error': {'message': 'Access denied, please make sure your account is i
    ⚠ locomo_conv-43_qa65 失败: Error code: 400 - {'error': {'message': 'Access denied, please make sure your account is i
    ⚠ locomo_conv-43_qa63 失败: Error code: 400 - {'error': {'message': 'Access denied, please make sure your account is i
    ⚠ locomo_conv-43_qa66 失败: Error code: 400 - {'error': {'message': 'Access denied, please make sure your account is i
    ⚠ locomo_conv-43_qa67 失败: Error code: 400 - {'error': {'message': 'Access denied, please make sure your account is i
    ⚠ locomo_conv-43_qa74 失败: Error code: 400 - {'error': {'message': 'Access denied, please make sure your account is i
    ⚠ locomo_conv-43_qa7 失败: Error code: 400 - {'error': {'message': 'Access denied, please make sure your account is i
    ⚠ locomo_conv-43_qa70 失败: Error code: 400 - {'error': {'message': 'Access denied, please make sure your account is i
    ⚠ locomo_conv-43_qa75 失败: Error code: 400 - {'error': {'message': 'Access denied, please make sure your account is i
    ⚠ locomo_conv-43_qa76 失败: Error code: 400 - {'error': {'message': 'Access denied, please make sure your account is i
    ⚠ locomo_conv-43_qa79 失败: Error code: 400 - {'error': {'message': 'Access denied, please make sure your account is i
    ⚠ locomo_conv-43_qa78 失败: Error code: 400 - {'error': {'message': 'Access denied, please make sure your account is i
    ⚠ locomo_conv-43_qa8 失败: Error code: 400 - {'error': {'message': 'Access denied, please make sure your account is i
    ⚠ locomo_conv-43_qa81 失败: Error code: 400 - {'error': {'message': 'Access denied, please make sure your account is i
    ⚠ locomo_conv-43_qa82 失败: Error code: 400 - {'error': {'message': 'Access denied, please make sure your account is i
    ⚠ locomo_conv-43_qa85 失败: Error code: 400 - {'error': {'message': 'Access denied, please make sure your account is i
    ⚠ locomo_conv-43_qa86 失败: Error code: 400 - {'error': {'message': 'Access denied, please make sure your account is i
    ⚠ locomo_conv-43_qa9 失败: Error code: 400 - {'error': {'message': 'Access denied, please make sure your account is i
    ⚠ locomo_conv-43_qa88 失败: Error code: 400 - {'error': {'message': 'Access denied, please make sure your account is i
    ⚠ locomo_conv-43_qa91 失败: Error code: 400 - {'error': {'message': 'Access denied, please make sure your account is i
    ⚠ locomo_conv-43_qa92 失败: Error code: 400 - {'error': {'message': 'Access denied, please make sure your account is i
    ⚠ locomo_conv-43_qa94 失败: Error code: 400 - {'error': {'message': 'Access denied, please make sure your account is i
    ⚠ locomo_conv-43_qa95 失败: Error code: 400 - {'error': {'message': 'Access denied, please make sure your account is i
    ⚠ locomo_conv-43_qa87 失败: Error code: 400 - {'error': {'message': 'Access denied, please make sure your account is i
    ⚠ locomo_conv-43_qa99 失败: Error code: 400 - {'error': {'message': 'Access denied, please make sure your account is i
    ⚠ locomo_conv-43_qa98 失败: Error code: 400 - {'error': {'message': 'Access denied, please make sure your account is i
    ⚠ locomo_conv-44_qa1 失败: Error code: 400 - {'error': {'message': 'Access denied, please make sure your account is i
    ⚠ locomo_conv-44_qa0 失败: Error code: 400 - {'error': {'message': 'Access denied, please make sure your account is i
    ⚠ locomo_conv-44_qa101 失败: Error code: 400 - {'error': {'message': 'Access denied, please make sure your account is i
    评测 450/616 (6s)
    ⚠ locomo_conv-44_qa100 失败: Error code: 400 - {'error': {'message': 'Access denied, please make sure your account is i
    ⚠ locomo_conv-44_qa103 失败: Error code: 400 - {'error': {'message': 'Access denied, please make sure your account is i
    ⚠ locomo_conv-44_qa102 失败: Error code: 400 - {'error': {'message': 'Access denied, please make sure your account is i
    ⚠ locomo_conv-44_qa11 失败: Error code: 400 - {'error': {'message': 'Access denied, please make sure your account is i
    ⚠ locomo_conv-44_qa109 失败: Error code: 400 - {'error': {'message': 'Access denied, please make sure your account is i
    ⚠ locomo_conv-44_qa110 失败: Error code: 400 - {'error': {'message': 'Access denied, please make sure your account is i
    ⚠ locomo_conv-44_qa113 失败: Error code: 400 - {'error': {'message': 'Access denied, please make sure your account is i
    ⚠ locomo_conv-44_qa115 失败: Error code: 400 - {'error': {'message': 'Access denied, please make sure your account is i
    ⚠ locomo_conv-44_qa120 失败: Error code: 400 - {'error': {'message': 'Access denied, please make sure your account is i
    ⚠ locomo_conv-44_qa118 失败: Error code: 400 - {'error': {'message': 'Access denied, please make sure your account is i
    ⚠ locomo_conv-44_qa119 失败: Error code: 400 - {'error': {'message': 'Access denied, please make sure your account is i
    ⚠ locomo_conv-44_qa15 失败: Error code: 400 - {'error': {'message': 'Access denied, please make sure your account is i
    ⚠ locomo_conv-44_qa122 失败: Error code: 400 - {'error': {'message': 'Access denied, please make sure your account is i
    ⚠ locomo_conv-44_qa13 失败: Error code: 400 - {'error': {'message': 'Access denied, please make sure your account is i
    ⚠ locomo_conv-44_qa14 失败: Error code: 400 - {'error': {'message': 'Access denied, please make sure your account is i
    ⚠ locomo_conv-44_qa16 失败: Error code: 400 - {'error': {'message': 'Access denied, please make sure your account is i
    ⚠ locomo_conv-44_qa19 失败: Error code: 400 - {'error': {'message': 'Access denied, please make sure your account is i
    ⚠ locomo_conv-44_qa2 失败: Error code: 400 - {'error': {'message': 'Access denied, please make sure your account is i
    ⚠ locomo_conv-44_qa17 失败: Error code: 400 - {'error': {'message': 'Access denied, please make sure your account is i
    ⚠ locomo_conv-44_qa21 失败: Error code: 400 - {'error': {'message': 'Access denied, please make sure your account is i
    ⚠ locomo_conv-44_qa20 失败: Error code: 400 - {'error': {'message': 'Access denied, please make sure your account is i
    ⚠ locomo_conv-44_qa22 失败: Error code: 400 - {'error': {'message': 'Access denied, please make sure your account is i
    ⚠ locomo_conv-44_qa24 失败: Error code: 400 - {'error': {'message': 'Access denied, please make sure your account is i
    ⚠ locomo_conv-44_qa25 失败: Error code: 400 - {'error': {'message': 'Access denied, please make sure your account is i
    ⚠ locomo_conv-44_qa3 失败: Error code: 400 - {'error': {'message': 'Access denied, please make sure your account is i
    ⚠ locomo_conv-44_qa30 失败: Error code: 400 - {'error': {'message': 'Access denied, please make sure your account is i
    ⚠ locomo_conv-44_qa31 失败: Error code: 400 - {'error': {'message': 'Access denied, please make sure your account is i
    ⚠ locomo_conv-44_qa33 失败: Error code: 400 - {'error': {'message': 'Access denied, please make sure your account is i
    ⚠ locomo_conv-44_qa34 失败: Error code: 400 - {'error': {'message': 'Access denied, please make sure your account is i
    ⚠ locomo_conv-44_qa37 失败: Error code: 400 - {'error': {'message': 'Access denied, please make sure your account is i
    ⚠ locomo_conv-44_qa35 失败: Error code: 400 - {'error': {'message': 'Access denied, please make sure your account is i
    ⚠ locomo_conv-44_qa39 失败: Error code: 400 - {'error': {'message': 'Access denied, please make sure your account is i
    ⚠ locomo_conv-44_qa41 失败: Error code: 400 - {'error': {'message': 'Access denied, please make sure your account is i
    ⚠ locomo_conv-44_qa4 失败: Error code: 400 - {'error': {'message': 'Access denied, please make sure your account is i
    ⚠ locomo_conv-44_qa43 失败: Error code: 400 - {'error': {'message': 'Access denied, please make sure your account is i
    ⚠ locomo_conv-44_qa44 失败: Error code: 400 - {'error': {'message': 'Access denied, please make sure your account is i
    ⚠ locomo_conv-44_qa5 失败: Error code: 400 - {'error': {'message': 'Access denied, please make sure your account is i
    ⚠ locomo_conv-44_qa48 失败: Error code: 400 - {'error': {'message': 'Access denied, please make sure your account is i
    ⚠ locomo_conv-44_qa47 失败: Error code: 400 - {'error': {'message': 'Access denied, please make sure your account is i
    ⚠ locomo_conv-44_qa50 失败: Error code: 400 - {'error': {'message': 'Access denied, please make sure your account is i
    ⚠ locomo_conv-44_qa52 失败: Error code: 400 - {'error': {'message': 'Access denied, please make sure your account is i
    ⚠ locomo_conv-44_qa53 失败: Error code: 400 - {'error': {'message': 'Access denied, please make sure your account is i
    ⚠ locomo_conv-44_qa54 失败: Error code: 400 - {'error': {'message': 'Access denied, please make sure your account is i
    ⚠ locomo_conv-44_qa55 失败: Error code: 400 - {'error': {'message': 'Access denied, please make sure your account is i
    ⚠ locomo_conv-44_qa56 失败: Error code: 400 - {'error': {'message': 'Access denied, please make sure your account is i
    ⚠ locomo_conv-44_qa59 失败: Error code: 400 - {'error': {'message': 'Access denied, please make sure your account is i
    ⚠ locomo_conv-44_qa58 失败: Error code: 400 - {'error': {'message': 'Access denied, please make sure your account is i
    ⚠ locomo_conv-44_qa6 失败: Error code: 400 - {'error': {'message': 'Access denied, please make sure your account is i
    ⚠ locomo_conv-44_qa7 失败: Error code: 400 - {'error': {'message': 'Access denied, please make sure your account is i
    ⚠ locomo_conv-44_qa65 失败: Error code: 400 - {'error': {'message': 'Access denied, please make sure your account is i
    ⚠ locomo_conv-44_qa68 失败: Error code: 400 - {'error': {'message': 'Access denied, please make sure your account is i
    ⚠ locomo_conv-44_qa70 失败: Error code: 400 - {'error': {'message': 'Access denied, please make sure your account is i
    ⚠ locomo_conv-44_qa72 失败: Error code: 400 - {'error': {'message': 'Access denied, please make sure your account is i
    ⚠ locomo_conv-44_qa74 失败: Error code: 400 - {'error': {'message': 'Access denied, please make sure your account is i
    ⚠ locomo_conv-44_qa73 失败: Error code: 400 - {'error': {'message': 'Access denied, please make sure your account is i
    ⚠ locomo_conv-44_qa75 失败: Error code: 400 - {'error': {'message': 'Access denied, please make sure your account is i
    ⚠ locomo_conv-44_qa85 失败: Error code: 400 - {'error': {'message': 'Access denied, please make sure your account is i
    ⚠ locomo_conv-44_qa79 失败: Error code: 400 - {'error': {'message': 'Access denied, please make sure your account is i
    ⚠ locomo_conv-44_qa83 失败: Error code: 400 - {'error': {'message': 'Access denied, please make sure your account is i
    ⚠ locomo_conv-44_qa86 失败: Error code: 400 - {'error': {'message': 'Access denied, please make sure your account is i
    ⚠ locomo_conv-44_qa90 失败: Error code: 400 - {'error': {'message': 'Access denied, please make sure your account is i
    ⚠ locomo_conv-44_qa88 失败: Error code: 400 - {'error': {'message': 'Access denied, please make sure your account is i
    ⚠ locomo_conv-44_qa9 失败: Error code: 400 - {'error': {'message': 'Access denied, please make sure your account is i
    ⚠ locomo_conv-44_qa93 失败: Error code: 400 - {'error': {'message': 'Access denied, please make sure your account is i
    ⚠ locomo_conv-44_qa92 失败: Error code: 400 - {'error': {'message': 'Access denied, please make sure your account is i
    ⚠ locomo_conv-44_qa95 失败: Error code: 400 - {'error': {'message': 'Access denied, please make sure your account is i
    ⚠ locomo_conv-44_qa96 失败: Error code: 400 - {'error': {'message': 'Access denied, please make sure your account is i
    ⚠ locomo_conv-44_qa98 失败: Error code: 400 - {'error': {'message': 'Access denied, please make sure your account is i
    ⚠ locomo_conv-44_qa97 失败: Error code: 400 - {'error': {'message': 'Access denied, please make sure your account is i
    ⚠ locomo_conv-47_qa10 失败: Error code: 400 - {'error': {'message': 'Access denied, please make sure your account is i
    ⚠ locomo_conv-47_qa0 失败: Error code: 400 - {'error': {'message': 'Access denied, please make sure your account is i
    ⚠ locomo_conv-47_qa101 失败: Error code: 400 - {'error': {'message': 'Access denied, please make sure your account is i
    ⚠ locomo_conv-47_qa104 失败: Error code: 400 - {'error': {'message': 'Access denied, please make sure your account is i
    ⚠ locomo_conv-47_qa107 失败: Error code: 400 - {'error': {'message': 'Access denied, please make sure your account is i
    ⚠ locomo_conv-47_qa109 失败: Error code: 400 - {'error': {'message': 'Access denied, please make sure your account is i
    ⚠ locomo_conv-47_qa108 失败: Error code: 400 - {'error': {'message': 'Access denied, please make sure your account is i
    ⚠ locomo_conv-47_qa11 失败: Error code: 400 - {'error': {'message': 'Access denied, please make sure your account is i
    ⚠ locomo_conv-47_qa110 失败: Error code: 400 - {'error': {'message': 'Access denied, please make sure your account is i
    ⚠ locomo_conv-47_qa114 失败: Error code: 400 - {'error': {'message': 'Access denied, please make sure your account is i
    ⚠ locomo_conv-47_qa113 失败: Error code: 400 - {'error': {'message': 'Access denied, please make sure your account is i
    ⚠ locomo_conv-47_qa117 失败: Error code: 400 - {'error': {'message': 'Access denied, please make sure your account is i
    ⚠ locomo_conv-47_qa118 失败: Error code: 400 - {'error': {'message': 'Access denied, please make sure your account is i
    ⚠ locomo_conv-47_qa125 失败: Error code: 400 - {'error': {'message': 'Access denied, please make sure your account is i
    ⚠ locomo_conv-47_qa12 失败: Error code: 400 - {'error': {'message': 'Access denied, please make sure your account is i
    ⚠ locomo_conv-47_qa124 失败: Error code: 400 - {'error': {'message': 'Access denied, please make sure your account is i
    ⚠ locomo_conv-47_qa126 失败: Error code: 400 - {'error': {'message': 'Access denied, please make sure your account is i
    ⚠ locomo_conv-47_qa13 失败: Error code: 400 - {'error': {'message': 'Access denied, please make sure your account is i
    ⚠ locomo_conv-47_qa130 失败: Error code: 400 - {'error': {'message': 'Access denied, please make sure your account is i
    ⚠ locomo_conv-47_qa128 失败: Error code: 400 - {'error': {'message': 'Access denied, please make sure your account is i
    ⚠ locomo_conv-47_qa131 失败: Error code: 400 - {'error': {'message': 'Access denied, please make sure your account is i
    ⚠ locomo_conv-47_qa134 失败: Error code: 400 - {'error': {'message': 'Access denied, please make sure your account is i
    ⚠ locomo_conv-47_qa137 失败: Error code: 400 - {'error': {'message': 'Access denied, please make sure your account is i
    ⚠ locomo_conv-47_qa139 失败: Error code: 400 - {'error': {'message': 'Access denied, please make sure your account is i
    ⚠ locomo_conv-47_qa14 失败: Error code: 400 - {'error': {'message': 'Access denied, please make sure your account is i
    ⚠ locomo_conv-47_qa146 失败: Error code: 400 - {'error': {'message': 'Access denied, please make sure your account is i
    ⚠ locomo_conv-47_qa144 失败: Error code: 400 - {'error': {'message': 'Access denied, please make sure your account is i
    ⚠ locomo_conv-47_qa143 失败: Error code: 400 - {'error': {'message': 'Access denied, please make sure your account is i
    ⚠ locomo_conv-47_qa148 失败: Error code: 400 - {'error': {'message': 'Access denied, please make sure your account is i
    ⚠ locomo_conv-47_qa15 失败: Error code: 400 - {'error': {'message': 'Access denied, please make sure your account is i
    ⚠ locomo_conv-47_qa17 失败: Error code: 400 - {'error': {'message': 'Access denied, please make sure your account is i
    ⚠ locomo_conv-47_qa16 失败: Error code: 400 - {'error': {'message': 'Access denied, please make sure your account is i
    ⚠ locomo_conv-47_qa18 失败: Error code: 400 - {'error': {'message': 'Access denied, please make sure your account is i
    ⚠ locomo_conv-47_qa19 失败: Error code: 400 - {'error': {'message': 'Access denied, please make sure your account is i
    ⚠ locomo_conv-47_qa21 失败: Error code: 400 - {'error': {'message': 'Access denied, please make sure your account is i
    ⚠ locomo_conv-47_qa2 失败: Error code: 400 - {'error': {'message': 'Access denied, please make sure your account is i
    ⚠ locomo_conv-47_qa22 失败: Error code: 400 - {'error': {'message': 'Access denied, please make sure your account is i
    ⚠ locomo_conv-47_qa25 失败: Error code: 400 - {'error': {'message': 'Access denied, please make sure your account is i
    ⚠ locomo_conv-47_qa23 失败: Error code: 400 - {'error': {'message': 'Access denied, please make sure your account is i
    ⚠ locomo_conv-47_qa26 失败: Error code: 400 - {'error': {'message': 'Access denied, please make sure your account is i
    ⚠ locomo_conv-47_qa29 失败: Error code: 400 - {'error': {'message': 'Access denied, please make sure your account is i
    ⚠ locomo_conv-47_qa30 失败: Error code: 400 - {'error': {'message': 'Access denied, please make sure your account is i
    ⚠ locomo_conv-47_qa31 失败: Error code: 400 - {'error': {'message': 'Access denied, please make sure your account is i
    ⚠ locomo_conv-47_qa32 失败: Error code: 400 - {'error': {'message': 'Access denied, please make sure your account is i
    ⚠ locomo_conv-47_qa33 失败: Error code: 400 - {'error': {'message': 'Access denied, please make sure your account is i
    ⚠ locomo_conv-47_qa36 失败: Error code: 400 - {'error': {'message': 'Access denied, please make sure your account is i
    ⚠ locomo_conv-47_qa35 失败: Error code: 400 - {'error': {'message': 'Access denied, please make sure your account is i
    ⚠ locomo_conv-47_qa38 失败: Error code: 400 - {'error': {'message': 'Access denied, please make sure your account is i
    ⚠ locomo_conv-47_qa37 失败: Error code: 400 - {'error': {'message': 'Access denied, please make sure your account is i
    ⚠ locomo_conv-47_qa39 失败: Error code: 400 - {'error': {'message': 'Access denied, please make sure your account is i
    ⚠ locomo_conv-47_qa41 失败: Error code: 400 - {'error': {'message': 'Access denied, please make sure your account is i
    ⚠ locomo_conv-47_qa4 失败: Error code: 400 - {'error': {'message': 'Access denied, please make sure your account is i
    ⚠ locomo_conv-47_qa40 失败: Error code: 400 - {'error': {'message': 'Access denied, please make sure your account is i
    ⚠ locomo_conv-47_qa45 失败: Error code: 400 - {'error': {'message': 'Access denied, please make sure your account is i
    ⚠ locomo_conv-47_qa44 失败: Error code: 400 - {'error': {'message': 'Access denied, please make sure your account is i
    ⚠ locomo_conv-47_qa50 失败: Error code: 400 - {'error': {'message': 'Access denied, please make sure your account is i
    ⚠ locomo_conv-47_qa5 失败: Error code: 400 - {'error': {'message': 'Access denied, please make sure your account is i
    ⚠ locomo_conv-47_qa51 失败: Error code: 400 - {'error': {'message': 'Access denied, please make sure your account is i
    ⚠ locomo_conv-47_qa52 失败: Error code: 400 - {'error': {'message': 'Access denied, please make sure your account is i
    ⚠ locomo_conv-47_qa55 失败: Error code: 400 - {'error': {'message': 'Access denied, please make sure your account is i
    ⚠ locomo_conv-47_qa53 失败: Error code: 400 - {'error': {'message': 'Access denied, please make sure your account is i
    ⚠ locomo_conv-47_qa57 失败: Error code: 400 - {'error': {'message': 'Access denied, please make sure your account is i
    ⚠ locomo_conv-47_qa6 失败: Error code: 400 - {'error': {'message': 'Access denied, please make sure your account is i
    ⚠ locomo_conv-47_qa59 失败: Error code: 400 - {'error': {'message': 'Access denied, please make sure your account is i
    ⚠ locomo_conv-47_qa56 失败: Error code: 400 - {'error': {'message': 'Access denied, please make sure your account is i
    ⚠ locomo_conv-47_qa62 失败: Error code: 400 - {'error': {'message': 'Access denied, please make sure your account is i
    ⚠ locomo_conv-47_qa66 失败: Error code: 400 - {'error': {'message': 'Access denied, please make sure your account is i
    ⚠ locomo_conv-47_qa64 失败: Error code: 400 - {'error': {'message': 'Access denied, please make sure your account is i
    ⚠ locomo_conv-47_qa65 失败: Error code: 400 - {'error': {'message': 'Access denied, please make sure your account is i
    ⚠ locomo_conv-47_qa67 失败: Error code: 400 - {'error': {'message': 'Access denied, please make sure your account is i
    ⚠ locomo_conv-47_qa74 失败: Error code: 400 - {'error': {'message': 'Access denied, please make sure your account is i
    ⚠ locomo_conv-47_qa7 失败: Error code: 400 - {'error': {'message': 'Access denied, please make sure your account is i
    ⚠ locomo_conv-47_qa70 失败: Error code: 400 - {'error': {'message': 'Access denied, please make sure your account is i
    ⚠ locomo_conv-47_qa80 失败: Error code: 400 - {'error': {'message': 'Access denied, please make sure your account is i
    ⚠ locomo_conv-47_qa76 失败: Error code: 400 - {'error': {'message': 'Access denied, please make sure your account is i
    ⚠ locomo_conv-47_qa75 失败: Error code: 400 - {'error': {'message': 'Access denied, please make sure your account is i
    ⚠ locomo_conv-47_qa81 失败: Error code: 400 - {'error': {'message': 'Access denied, please make sure your account is i
    ⚠ locomo_conv-47_qa87 失败: Error code: 400 - {'error': {'message': 'Access denied, please make sure your account is i
    ⚠ locomo_conv-47_qa86 失败: Error code: 400 - {'error': {'message': 'Access denied, please make sure your account is i
    ⚠ locomo_conv-47_qa84 失败: Error code: 400 - {'error': {'message': 'Access denied, please make sure your account is i
    ⚠ locomo_conv-47_qa88 失败: Error code: 400 - {'error': {'message': 'Access denied, please make sure your account is i
    评测 600/616 (7s)
    ⚠ locomo_conv-47_qa89 失败: Error code: 400 - {'error': {'message': 'Access denied, please make sure your account is i
    ⚠ locomo_conv-47_qa92 失败: Error code: 400 - {'error': {'message': 'Access denied, please make sure your account is i
    ⚠ locomo_conv-47_qa9 失败: Error code: 400 - {'error': {'message': 'Access denied, please make sure your account is i
    ⚠ locomo_conv-47_qa94 失败: Error code: 400 - {'error': {'message': 'Access denied, please make sure your account is i
    ⚠ locomo_conv-47_qa97 失败: Error code: 400 - {'error': {'message': 'Access denied, please make sure your account is i
    ⚠ locomo_conv-47_qa96 失败: Error code: 400 - {'error': {'message': 'Access denied, please make sure your account is i
    ⚠ locomo_conv-26_qa107 失败: Error code: 400 - {'error': {'message': 'Access denied, please make sure your account is i
    ⚠ locomo_conv-26_qa11 失败: Error code: 400 - {'error': {'message': 'Access denied, please make sure your account is i
    ⚠ locomo_conv-26_qa110 失败: Error code: 400 - {'error': {'message': 'Access denied, please make sure your account is i
    ⚠ locomo_conv-26_qa112 失败: Error code: 400 - {'error': {'message': 'Access denied, please make sure your account is i
    ⚠ locomo_conv-26_qa109 失败: Error code: 400 - {'error': {'message': 'Access denied, please make sure your account is i
    ⚠ locomo_conv-26_qa114 失败: Error code: 400 - {'error': {'message': 'Access denied, please make sure your account is i
    ⚠ locomo_conv-26_qa113 失败: Error code: 400 - {'error': {'message': 'Access denied, please make sure your account is i
    ⚠ locomo_conv-26_qa115 失败: Error code: 400 - {'error': {'message': 'Access denied, please make sure your account is i
    ⚠ locomo_conv-26_qa104 失败: Error code: 400 - {'error': {'message': 'Access denied, please make sure your account is i
    ⚠ locomo_conv-26_qa106 失败: Error code: 400 - {'error': {'message': 'Access denied, please make sure your account is i
  → exact 0/0 (参考 0) Δ=+0 ↑0 ↓0 | {} | 7.5s

===== round r204_plus_v5: graphs=['s2', 'v8cluster', 'v10concept', 'v5month'] retrieval={'per_node': 30} preset=official_precise
    ⚠ locomo_conv-26_qa102 失败: Error code: 400 - {'error': {'message': 'Access denied, please make sure your account is i
    ⚠ locomo_conv-26_qa0 失败: Error code: 400 - {'error': {'message': 'Access denied, please make sure your account is i
    ⚠ locomo_conv-26_qa10 失败: Error code: 400 - {'error': {'message': 'Access denied, please make sure your account is i
    ⚠ locomo_conv-26_qa103 失败: Error code: 400 - {'error': {'message': 'Access denied, please make sure your account is i
    ⚠ locomo_conv-26_qa117 失败: Error code: 400 - {'error': {'message': 'Access denied, please make sure your account is i
    ⚠ locomo_conv-26_qa118 失败: Error code: 400 - {'error': {'message': 'Access denied, please make sure your account is i
    ⚠ locomo_conv-26_qa120 失败: Error code: 400 - {'error': {'message': 'Access denied, please make sure your account is i
    ⚠ locomo_conv-26_qa12 失败: Error code: 400 - {'error': {'message': 'Access denied, please make sure your account is i
    ⚠ locomo_conv-26_qa122 失败: Error code: 400 - {'error': {'message': 'Access denied, please make sure your account is i
    ⚠ locomo_conv-26_qa121 失败: Error code: 400 - {'error': {'message': 'Access denied, please make sure your account is i
    ⚠ locomo_conv-26_qa127 失败: Error code: 400 - {'error': {'message': 'Access denied, please make sure your account is i
    ⚠ locomo_conv-26_qa126 失败: Error code: 400 - {'error': {'message': 'Access denied, please make sure your account is i
    ⚠ locomo_conv-26_qa130 失败: Error code: 400 - {'error': {'message': 'Access denied, please make sure your account is i
    ⚠ locomo_conv-26_qa128 失败: Error code: 400 - {'error': {'message': 'Access denied, please make sure your account is i
    ⚠ locomo_conv-26_qa133 失败: Error code: 400 - {'error': {'message': 'Access denied, please make sure your account is i
    ⚠ locomo_conv-26_qa134 失败: Error code: 400 - {'error': {'message': 'Access denied, please make sure your account is i
    ⚠ locomo_conv-26_qa137 失败: Error code: 400 - {'error': {'message': 'Access denied, please make sure your account is i
    ⚠ locomo_conv-26_qa138 失败: Error code: 400 - {'error': {'message': 'Access denied, please make sure your account is i
    ⚠ locomo_conv-26_qa135 失败: Error code: 400 - {'error': {'message': 'Access denied, please make sure your account is i
    ⚠ locomo_conv-26_qa140 失败: Error code: 400 - {'error': {'message': 'Access denied, please make sure your account is i
    ⚠ locomo_conv-26_qa143 失败: Error code: 400 - {'error': {'message': 'Access denied, please make sure your account is i
    ⚠ locomo_conv-26_qa142 失败: Error code: 400 - {'error': {'message': 'Access denied, please make sure your account is i
    ⚠ locomo_conv-26_qa144 失败: Error code: 400 - {'error': {'message': 'Access denied, please make sure your account is i
    ⚠ locomo_conv-26_qa147 失败: Error code: 400 - {'error': {'message': 'Access denied, please make sure your account is i
    ⚠ locomo_conv-26_qa145 失败: Error code: 400 - {'error': {'message': 'Access denied, please make sure your account is i
    ⚠ locomo_conv-26_qa148 失败: Error code: 400 - {'error': {'message': 'Access denied, please make sure your account is i
    ⚠ locomo_conv-26_qa15 失败: Error code: 400 - {'error': {'message': 'Access denied, please make sure your account is i
    ⚠ locomo_conv-26_qa19 失败: Error code: 400 - {'error': {'message': 'Access denied, please make sure your account is i
    ⚠ locomo_conv-26_qa18 失败: Error code: 400 - {'error': {'message': 'Access denied, please make sure your account is i
    ⚠ locomo_conv-26_qa150 失败: Error code: 400 - {'error': {'message': 'Access denied, please make sure your account is i
    ⚠ locomo_conv-26_qa2 失败: Error code: 400 - {'error': {'message': 'Access denied, please make sure your account is i
    ⚠ locomo_conv-26_qa21 失败: Error code: 400 - {'error': {'message': 'Access denied, please make sure your account is i
    ⚠ locomo_conv-26_qa27 失败: Error code: 400 - {'error': {'message': 'Access denied, please make sure your account is i
    ⚠ locomo_conv-26_qa23 失败: Error code: 400 - {'error': {'message': 'Access denied, please make sure your account is i
    ⚠ locomo_conv-26_qa26 失败: Error code: 400 - {'error': {'message': 'Access denied, please make sure your account is i
    ⚠ locomo_conv-26_qa29 失败: Error code: 400 - {'error': {'message': 'Access denied, please make sure your account is i
    ⚠ locomo_conv-26_qa30 失败: Error code: 400 - {'error': {'message': 'Access denied, please make sure your account is i
    ⚠ locomo_conv-26_qa31 失败: Error code: 400 - {'error': {'message': 'Access denied, please make sure your account is i
    ⚠ locomo_conv-26_qa32 失败: Error code: 400 - {'error': {'message': 'Access denied, please make sure your account is i
    ⚠ locomo_conv-26_qa33 失败: Error code: 400 - {'error': {'message': 'Access denied, please make sure your account is i
    ⚠ locomo_conv-26_qa36 失败: Error code: 400 - {'error': {'message': 'Access denied, please make sure your account is i
    ⚠ locomo_conv-26_qa35 失败: Error code: 400 - {'error': {'message': 'Access denied, please make sure your account is i
    ⚠ locomo_conv-26_qa37 失败: Error code: 400 - {'error': {'message': 'Access denied, please make sure your account is i
    ⚠ locomo_conv-26_qa38 失败: Error code: 400 - {'error': {'message': 'Access denied, please make sure your account is i
    ⚠ locomo_conv-26_qa39 失败: Error code: 400 - {'error': {'message': 'Access denied, please make sure your account is i
    ⚠ locomo_conv-26_qa40 失败: Error code: 400 - {'error': {'message': 'Access denied, please make sure your account is i
    ⚠ locomo_conv-26_qa43 失败: Error code: 400 - {'error': {'message': 'Access denied, please make sure your account is i
    ⚠ locomo_conv-26_qa48 失败: Error code: 400 - {'error': {'message': 'Access denied, please make sure your account is i
    ⚠ locomo_conv-26_qa50 失败: Error code: 400 - {'error': {'message': 'Access denied, please make sure your account is i
    ⚠ locomo_conv-26_qa5 失败: Error code: 400 - {'error': {'message': 'Access denied, please make sure your account is i
    ⚠ locomo_conv-26_qa54 失败: Error code: 400 - {'error': {'message': 'Access denied, please make sure your account is i
    ⚠ locomo_conv-26_qa57 失败: Error code: 400 - {'error': {'message': 'Access denied, please make sure your account is i
    ⚠ locomo_conv-26_qa59 失败: Error code: 400 - {'error': {'message': 'Access denied, please make sure your account is i
    ⚠ locomo_conv-26_qa6 失败: Error code: 400 - {'error': {'message': 'Access denied, please make sure your account is i
    ⚠ locomo_conv-26_qa62 失败: Error code: 400 - {'error': {'message': 'Access denied, please make sure your account is i
    ⚠ locomo_conv-26_qa65 失败: Error code: 400 - {'error': {'message': 'Access denied, please make sure your account is i
    ⚠ locomo_conv-26_qa66 失败: Error code: 400 - {'error': {'message': 'Access denied, please make sure your account is i
    ⚠ locomo_conv-26_qa67 失败: Error code: 400 - {'error': {'message': 'Access denied, please make sure your account is i
    ⚠ locomo_conv-26_qa69 失败: Error code: 400 - {'error': {'message': 'Access denied, please make sure your account is i
    ⚠ locomo_conv-26_qa7 失败: Error code: 400 - {'error': {'message': 'Access denied, please make sure your account is i
    ⚠ locomo_conv-26_qa71 失败: Error code: 400 - {'error': {'message': 'Access denied, please make sure your account is i
    ⚠ locomo_conv-26_qa75 失败: Error code: 400 - {'error': {'message': 'Access denied, please make sure your account is i
    ⚠ locomo_conv-26_qa76 失败: Error code: 400 - {'error': {'message': 'Access denied, please make sure your account is i
    ⚠ locomo_conv-26_qa78 失败: Error code: 400 - {'error': {'message': 'Access denied, please make sure your account is i
    ⚠ locomo_conv-26_qa80 失败: Error code: 400 - {'error': {'message': 'Access denied, please make sure your account is i
    ⚠ locomo_conv-26_qa82 失败: Error code: 400 - {'error': {'message': 'Access denied, please make sure your account is i
    ⚠ locomo_conv-26_qa85 失败: Error code: 400 - {'error': {'message': 'Access denied, please make sure your account is i
    ⚠ locomo_conv-26_qa86 失败: Error code: 400 - {'error': {'message': 'Access denied, please make sure your account is i
    ⚠ locomo_conv-26_qa87 失败: Error code: 400 - {'error': {'message': 'Access denied, please make sure your account is i
    ⚠ locomo_conv-26_qa88 失败: Error code: 400 - {'error': {'message': 'Access denied, please make sure your account is i
    ⚠ locomo_conv-26_qa89 失败: Error code: 400 - {'error': {'message': 'Access denied, please make sure your account is i
    ⚠ locomo_conv-26_qa9 失败: Error code: 400 - {'error': {'message': 'Access denied, please make sure your account is i
    ⚠ locomo_conv-26_qa91 失败: Error code: 400 - {'error': {'message': 'Access denied, please make sure your account is i
    ⚠ locomo_conv-26_qa93 失败: Error code: 400 - {'error': {'message': 'Access denied, please make sure your account is i
    ⚠ locomo_conv-26_qa92 失败: Error code: 400 - {'error': {'message': 'Access denied, please make sure your account is i
    ⚠ locomo_conv-26_qa96 失败: Error code: 400 - {'error': {'message': 'Access denied, please make sure your account is i
    ⚠ locomo_conv-26_qa94 失败: Error code: 400 - {'error': {'message': 'Access denied, please make sure your account is i
    ⚠ locomo_conv-26_qa98 失败: Error code: 400 - {'error': {'message': 'Access denied, please make sure your account is i
    ⚠ locomo_conv-26_qa99 失败: Error code: 400 - {'error': {'message': 'Access denied, please make sure your account is i
    ⚠ locomo_conv-30_qa10 失败: Error code: 400 - {'error': {'message': 'Access denied, please make sure your account is i
    ⚠ locomo_conv-30_qa11 失败: Error code: 400 - {'error': {'message': 'Access denied, please make sure your account is i
    ⚠ locomo_conv-30_qa19 失败: Error code: 400 - {'error': {'message': 'Access denied, please make sure your account is i
    ⚠ locomo_conv-30_qa17 失败: Error code: 400 - {'error': {'message': 'Access denied, please make sure your account is i
    ⚠ locomo_conv-30_qa13 失败: Error code: 400 - {'error': {'message': 'Access denied, please make sure your account is i
    ⚠ locomo_conv-30_qa20 失败: Error code: 400 - {'error': {'message': 'Access denied, please make sure your account is i
    ⚠ locomo_conv-30_qa21 失败: Error code: 400 - {'error': {'message': 'Access denied, please make sure your account is i
    ⚠ locomo_conv-30_qa2 失败: Error code: 400 - {'error': {'message': 'Access denied, please make sure your account is i
    ⚠ locomo_conv-30_qa23 失败: Error code: 400 - {'error': {'message': 'Access denied, please make sure your account is i
    ⚠ locomo_conv-30_qa25 失败: Error code: 400 - {'error': {'message': 'Access denied, please make sure your account is i
    ⚠ locomo_conv-30_qa24 失败: Error code: 400 - {'error': {'message': 'Access denied, please make sure your account is i
    ⚠ locomo_conv-30_qa29 失败: Error code: 400 - {'error': {'message': 'Access denied, please make sure your account is i
    ⚠ locomo_conv-30_qa28 失败: Error code: 400 - {'error': {'message': 'Access denied, please make sure your account is i
    ⚠ locomo_conv-30_qa26 失败: Error code: 400 - {'error': {'message': 'Access denied, please make sure your account is i
    ⚠ locomo_conv-30_qa3 失败: Error code: 400 - {'error': {'message': 'Access denied, please make sure your account is i
    ⚠ locomo_conv-30_qa31 失败: Error code: 400 - {'error': {'message': 'Access denied, please make sure your account is i
    ⚠ locomo_conv-30_qa32 失败: Error code: 400 - {'error': {'message': 'Access denied, please make sure your account is i
    ⚠ locomo_conv-30_qa33 失败: Error code: 400 - {'error': {'message': 'Access denied, please make sure your account is i
    ⚠ locomo_conv-30_qa34 失败: Error code: 400 - {'error': {'message': 'Access denied, please make sure your account is i
    ⚠ locomo_conv-30_qa36 失败: Error code: 400 - {'error': {'message': 'Access denied, please make sure your account is i
    ⚠ locomo_conv-30_qa37 失败: Error code: 400 - {'error': {'message': 'Access denied, please make sure your account is i
    ⚠ locomo_conv-30_qa4 失败: Error code: 400 - {'error': {'message': 'Access denied, please make sure your account is i
    ⚠ locomo_conv-30_qa40 失败: Error code: 400 - {'error': {'message': 'Access denied, please make sure your account is i
    ⚠ locomo_conv-30_qa43 失败: Error code: 400 - {'error': {'message': 'Access denied, please make sure your account is i
    ⚠ locomo_conv-30_qa44 失败: Error code: 400 - {'error': {'message': 'Access denied, please make sure your account is i
    ⚠ locomo_conv-30_qa45 失败: Error code: 400 - {'error': {'message': 'Access denied, please make sure your account is i
    ⚠ locomo_conv-30_qa48 失败: Error code: 400 - {'error': {'message': 'Access denied, please make sure your account is i
    ⚠ locomo_conv-30_qa49 失败: Error code: 400 - {'error': {'message': 'Access denied, please make sure your account is i
    ⚠ locomo_conv-30_qa5 失败: Error code: 400 - {'error': {'message': 'Access denied, please make sure your account is i
    ⚠ locomo_conv-30_qa50 失败: Error code: 400 - {'error': {'message': 'Access denied, please make sure your account is i
    ⚠ locomo_conv-30_qa51 失败: Error code: 400 - {'error': {'message': 'Access denied, please make sure your account is i
    ⚠ locomo_conv-30_qa52 失败: Error code: 400 - {'error': {'message': 'Access denied, please make sure your account is i
    ⚠ locomo_conv-30_qa55 失败: Error code: 400 - {'error': {'message': 'Access denied, please make sure your account is i
    ⚠ locomo_conv-30_qa56 失败: Error code: 400 - {'error': {'message': 'Access denied, please make sure your account is i
    ⚠ locomo_conv-30_qa57 失败: Error code: 400 - {'error': {'message': 'Access denied, please make sure your account is i
    ⚠ locomo_conv-30_qa58 失败: Error code: 400 - {'error': {'message': 'Access denied, please make sure your account is i
    ⚠ locomo_conv-30_qa59 失败: Error code: 400 - {'error': {'message': 'Access denied, please make sure your account is i
    ⚠ locomo_conv-30_qa6 失败: Error code: 400 - {'error': {'message': 'Access denied, please make sure your account is i
    ⚠ locomo_conv-30_qa62 失败: Error code: 400 - {'error': {'message': 'Access denied, please make sure your account is i
    ⚠ locomo_conv-30_qa63 失败: Error code: 400 - {'error': {'message': 'Access denied, please make sure your account is i
    ⚠ locomo_conv-30_qa64 失败: Error code: 400 - {'error': {'message': 'Access denied, please make sure your account is i
    ⚠ locomo_conv-30_qa69 失败: Error code: 400 - {'error': {'message': 'Access denied, please make sure your account is i
    ⚠ locomo_conv-30_qa7 失败: Error code: 400 - {'error': {'message': 'Access denied, please make sure your account is i
    ⚠ locomo_conv-30_qa71 失败: Error code: 400 - {'error': {'message': 'Access denied, please make sure your account is i
    ⚠ locomo_conv-30_qa73 失败: Error code: 400 - {'error': {'message': 'Access denied, please make sure your account is i
    ⚠ locomo_conv-30_qa74 失败: Error code: 400 - {'error': {'message': 'Access denied, please make sure your account is i
    ⚠ locomo_conv-30_qa75 失败: Error code: 400 - {'error': {'message': 'Access denied, please make sure your account is i
    ⚠ locomo_conv-30_qa76 失败: Error code: 400 - {'error': {'message': 'Access denied, please make sure your account is i
    ⚠ locomo_conv-30_qa78 失败: Error code: 400 - {'error': {'message': 'Access denied, please make sure your account is i
    ⚠ locomo_conv-30_qa77 失败: Error code: 400 - {'error': {'message': 'Access denied, please make sure your account is i
    ⚠ locomo_conv-30_qa9 失败: Error code: 400 - {'error': {'message': 'Access denied, please make sure your account is i
    ⚠ locomo_conv-30_qa8 失败: Error code: 400 - {'error': {'message': 'Access denied, please make sure your account is i
    ⚠ locomo_conv-41_qa1 失败: Error code: 400 - {'error': {'message': 'Access denied, please make sure your account is i
    ⚠ locomo_conv-41_qa0 失败: Error code: 400 - {'error': {'message': 'Access denied, please make sure your account is i
    ⚠ locomo_conv-41_qa106 失败: Error code: 400 - {'error': {'message': 'Access denied, please make sure your account is i
    ⚠ locomo_conv-41_qa10 失败: Error code: 400 - {'error': {'message': 'Access denied, please make sure your account is i
    ⚠ locomo_conv-41_qa110 失败: Error code: 400 - {'error': {'message': 'Access denied, please make sure your account is i
    ⚠ locomo_conv-41_qa109 失败: Error code: 400 - {'error': {'message': 'Access denied, please make sure your account is i
    ⚠ locomo_conv-41_qa117 失败: Error code: 400 - {'error': {'message': 'Access denied, please make sure your account is i
    ⚠ locomo_conv-41_qa118 失败: Error code: 400 - {'error': {'message': 'Access denied, please make sure your account is i
    ⚠ locomo_conv-41_qa12 失败: Error code: 400 - {'error': {'message': 'Access denied, please make sure your account is i
    ⚠ locomo_conv-41_qa123 失败: Error code: 400 - {'error': {'message': 'Access denied, please make sure your account is i
    ⚠ locomo_conv-41_qa124 失败: Error code: 400 - {'error': {'message': 'Access denied, please make sure your account is i
    ⚠ locomo_conv-41_qa125 失败: Error code: 400 - {'error': {'message': 'Access denied, please make sure your account is i
    ⚠ locomo_conv-41_qa129 失败: Error code: 400 - {'error': {'message': 'Access denied, please make sure your account is i
    ⚠ locomo_conv-41_qa127 失败: Error code: 400 - {'error': {'message': 'Access denied, please make sure your account is i
    ⚠ locomo_conv-41_qa131 失败: Error code: 400 - {'error': {'message': 'Access denied, please make sure your account is i
    ⚠ locomo_conv-41_qa13 失败: Error code: 400 - {'error': {'message': 'Access denied, please make sure your account is i
    ⚠ locomo_conv-41_qa133 失败: Error code: 400 - {'error': {'message': 'Access denied, please make sure your account is i
    ⚠ locomo_conv-41_qa132 失败: Error code: 400 - {'error': {'message': 'Access denied, please make sure your account is i
    ⚠ locomo_conv-41_qa135 失败: Error code: 400 - {'error': {'message': 'Access denied, please make sure your account is i
    评测 150/616 (2s)
    ⚠ locomo_conv-41_qa134 失败: Error code: 400 - {'error': {'message': 'Access denied, please make sure your account is i
    ⚠ locomo_conv-41_qa136 失败: Error code: 400 - {'error': {'message': 'Access denied, please make sure your account is i
    ⚠ locomo_conv-41_qa137 失败: Error code: 400 - {'error': {'message': 'Access denied, please make sure your account is i
    ⚠ locomo_conv-41_qa139 失败: Error code: 400 - {'error': {'message': 'Access denied, please make sure your account is i
    ⚠ locomo_conv-41_qa14 失败: Error code: 400 - {'error': {'message': 'Access denied, please make sure your account is i
    ⚠ locomo_conv-41_qa140 失败: Error code: 400 - {'error': {'message': 'Access denied, please make sure your account is i
    ⚠ locomo_conv-41_qa143 失败: Error code: 400 - {'error': {'message': 'Access denied, please make sure your account is i
    ⚠ locomo_conv-41_qa145 失败: Error code: 400 - {'error': {'message': 'Access denied, please make sure your account is i
    ⚠ locomo_conv-41_qa144 失败: Error code: 400 - {'error': {'message': 'Access denied, please make sure your account is i
    ⚠ locomo_conv-41_qa148 失败: Error code: 400 - {'error': {'message': 'Access denied, please make sure your account is i
    ⚠ locomo_conv-41_qa146 失败: Error code: 400 - {'error': {'message': 'Access denied, please make sure your account is i
    ⚠ locomo_conv-41_qa16 失败: Error code: 400 - {'error': {'message': 'Access denied, please make sure your account is i
    ⚠ locomo_conv-41_qa150 失败: Error code: 400 - {'error': {'message': 'Access denied, please make sure your account is i
    ⚠ locomo_conv-41_qa18 失败: Error code: 400 - {'error': {'message': 'Access denied, please make sure your account is i
    ⚠ locomo_conv-41_qa17 失败: Error code: 400 - {'error': {'message': 'Access denied, please make sure your account is i
    ⚠ locomo_conv-41_qa23 失败: Error code: 400 - {'error': {'message': 'Access denied, please make sure your account is i
    ⚠ locomo_conv-41_qa25 失败: Error code: 400 - {'error': {'message': 'Access denied, please make sure your account is i
    ⚠ locomo_conv-41_qa26 失败: Error code: 400 - {'error': {'message': 'Access denied, please make sure your account is i
    ⚠ locomo_conv-41_qa27 失败: Error code: 400 - {'error': {'message': 'Access denied, please make sure your account is i
    ⚠ locomo_conv-41_qa28 失败: Error code: 400 - {'error': {'message': 'Access denied, please make sure your account is i
    ⚠ locomo_conv-41_qa31 失败: Error code: 400 - {'error': {'message': 'Access denied, please make sure your account is i
    ⚠ locomo_conv-41_qa33 失败: Error code: 400 - {'error': {'message': 'Access denied, please make sure your account is i
    ⚠ locomo_conv-41_qa34 失败: Error code: 400 - {'error': {'message': 'Access denied, please make sure your account is i
    ⚠ locomo_conv-41_qa36 失败: Error code: 400 - {'error': {'message': 'Access denied, please make sure your account is i
    ⚠ locomo_conv-41_qa37 失败: Error code: 400 - {'error': {'message': 'Access denied, please make sure your account is i
    ⚠ locomo_conv-41_qa38 失败: Error code: 400 - {'error': {'message': 'Access denied, please make sure your account is i
    ⚠ locomo_conv-41_qa4 失败: Error code: 400 - {'error': {'message': 'Access denied, please make sure your account is i
    ⚠ locomo_conv-41_qa41 失败: Error code: 400 - {'error': {'message': 'Access denied, please make sure your account is i
    ⚠ locomo_conv-41_qa42 失败: Error code: 400 - {'error': {'message': 'Access denied, please make sure your account is i
    ⚠ locomo_conv-41_qa43 失败: Error code: 400 - {'error': {'message': 'Access denied, please make sure your account is i
    ⚠ locomo_conv-41_qa44 失败: Error code: 400 - {'error': {'message': 'Access denied, please make sure your account is i
    ⚠ locomo_conv-41_qa45 失败: Error code: 400 - {'error': {'message': 'Access denied, please make sure your account is i
    ⚠ locomo_conv-41_qa47 失败: Error code: 400 - {'error': {'message': 'Access denied, please make sure your account is i
    ⚠ locomo_conv-41_qa48 失败: Error code: 400 - {'error': {'message': 'Access denied, please make sure your account is i
    ⚠ locomo_conv-41_qa46 失败: Error code: 400 - {'error': {'message': 'Access denied, please make sure your account is i
    ⚠ locomo_conv-41_qa50 失败: Error code: 400 - {'error': {'message': 'Access denied, please make sure your account is i
    ⚠ locomo_conv-41_qa49 失败: Error code: 400 - {'error': {'message': 'Access denied, please make sure your account is i
    ⚠ locomo_conv-41_qa51 失败: Error code: 400 - {'error': {'message': 'Access denied, please make sure your account is i
    ⚠ locomo_conv-41_qa54 失败: Error code: 400 - {'error': {'message': 'Access denied, please make sure your account is i
    ⚠ locomo_conv-41_qa55 失败: Error code: 400 - {'error': {'message': 'Access denied, please make sure your account is i
    ⚠ locomo_conv-41_qa57 失败: Error code: 400 - {'error': {'message': 'Access denied, please make sure your account is i
    ⚠ locomo_conv-41_qa56 失败: Error code: 400 - {'error': {'message': 'Access denied, please make sure your account is i
    ⚠ locomo_conv-41_qa58 失败: Error code: 400 - {'error': {'message': 'Access denied, please make sure your account is i
    ⚠ locomo_conv-41_qa61 失败: Error code: 400 - {'error': {'message': 'Access denied, please make sure your account is i
    ⚠ locomo_conv-41_qa62 失败: Error code: 400 - {'error': {'message': 'Access denied, please make sure your account is i
    ⚠ locomo_conv-41_qa63 失败: Error code: 400 - {'error': {'message': 'Access denied, please make sure your account is i
    ⚠ locomo_conv-41_qa64 失败: Error code: 400 - {'error': {'message': 'Access denied, please make sure your account is i
    ⚠ locomo_conv-41_qa67 失败: Error code: 400 - {'error': {'message': 'Access denied, please make sure your account is i
    ⚠ locomo_conv-41_qa68 失败: Error code: 400 - {'error': {'message': 'Access denied, please make sure your account is i
    ⚠ locomo_conv-41_qa69 失败: Error code: 400 - {'error': {'message': 'Access denied, please make sure your account is i
    ⚠ locomo_conv-41_qa70 失败: Error code: 400 - {'error': {'message': 'Access denied, please make sure your account is i
    ⚠ locomo_conv-41_qa74 失败: Error code: 400 - {'error': {'message': 'Access denied, please make sure your account is i
    ⚠ locomo_conv-41_qa77 失败: Error code: 400 - {'error': {'message': 'Access denied, please make sure your account is i
    ⚠ locomo_conv-41_qa8 失败: Error code: 400 - {'error': {'message': 'Access denied, please make sure your account is i
    ⚠ locomo_conv-41_qa80 失败: Error code: 400 - {'error': {'message': 'Access denied, please make sure your account is i
    ⚠ locomo_conv-41_qa82 失败: Error code: 400 - {'error': {'message': 'Access denied, please make sure your account is i
    ⚠ locomo_conv-41_qa85 失败: Error code: 400 - {'error': {'message': 'Access denied, please make sure your account is i
    ⚠ locomo_conv-41_qa89 失败: Error code: 400 - {'error': {'message': 'Access denied, please make sure your account is i
    ⚠ locomo_conv-41_qa91 失败: Error code: 400 - {'error': {'message': 'Access denied, please make sure your account is i
    ⚠ locomo_conv-41_qa95 失败: Error code: 400 - {'error': {'message': 'Access denied, please make sure your account is i
    ⚠ locomo_conv-41_qa98 失败: Error code: 400 - {'error': {'message': 'Access denied, please make sure your account is i
    ⚠ locomo_conv-41_qa99 失败: Error code: 400 - {'error': {'message': 'Access denied, please make sure your account is i
    ⚠ locomo_conv-42_qa0 失败: Error code: 400 - {'error': {'message': 'Access denied, please make sure your account is i
    ⚠ locomo_conv-42_qa100 失败: Error code: 400 - {'error': {'message': 'Access denied, please make sure your account is i
    ⚠ locomo_conv-42_qa101 失败: Error code: 400 - {'error': {'message': 'Access denied, please make sure your account is i
    ⚠ locomo_conv-42_qa102 失败: Error code: 400 - {'error': {'message': 'Access denied, please make sure your account is i
    ⚠ locomo_conv-42_qa104 失败: Error code: 400 - {'error': {'message': 'Access denied, please make sure your account is i
    ⚠ locomo_conv-42_qa106 失败: Error code: 400 - {'error': {'message': 'Access denied, please make sure your account is i
    ⚠ locomo_conv-42_qa109 失败: Error code: 400 - {'error': {'message': 'Access denied, please make sure your account is i
    ⚠ locomo_conv-42_qa110 失败: Error code: 400 - {'error': {'message': 'Access denied, please make sure your account is i
    ⚠ locomo_conv-42_qa113 失败: Error code: 400 - {'error': {'message': 'Access denied, please make sure your account is i
    ⚠ locomo_conv-42_qa116 失败: Error code: 400 - {'error': {'message': 'Access denied, please make sure your account is i
    ⚠ locomo_conv-42_qa115 失败: Error code: 400 - {'error': {'message': 'Access denied, please make sure your account is i
    ⚠ locomo_conv-42_qa118 失败: Error code: 400 - {'error': {'message': 'Access denied, please make sure your account is i
    ⚠ locomo_conv-42_qa119 失败: Error code: 400 - {'error': {'message': 'Access denied, please make sure your account is i
    ⚠ locomo_conv-42_qa12 失败: Error code: 400 - {'error': {'message': 'Access denied, please make sure your account is i
    ⚠ locomo_conv-42_qa120 失败: Error code: 400 - {'error': {'message': 'Access denied, please make sure your account is i
    ⚠ locomo_conv-42_qa122 失败: Error code: 400 - {'error': {'message': 'Access denied, please make sure your account is i
    ⚠ locomo_conv-42_qa123 失败: Error code: 400 - {'error': {'message': 'Access denied, please make sure your account is i
    ⚠ locomo_conv-42_qa126 失败: Error code: 400 - {'error': {'message': 'Access denied, please make sure your account is i
    ⚠ locomo_conv-42_qa138 失败: Error code: 400 - {'error': {'message': 'Access denied, please make sure your account is i
    ⚠ locomo_conv-42_qa13 失败: Error code: 400 - {'error': {'message': 'Access denied, please make sure your account is i
    ⚠ locomo_conv-42_qa14 失败: Error code: 400 - {'error': {'message': 'Access denied, please make sure your account is i
    ⚠ locomo_conv-42_qa140 失败: Error code: 400 - {'error': {'message': 'Access denied, please make sure your account is i
    ⚠ locomo_conv-42_qa141 失败: Error code: 400 - {'error': {'message': 'Access denied, please make sure your account is i
    ⚠ locomo_conv-42_qa144 失败: Error code: 400 - {'error': {'message': 'Access denied, please make sure your account is i
    ⚠ locomo_conv-42_qa146 失败: Error code: 400 - {'error': {'message': 'Access denied, please make sure your account is i
    ⚠ locomo_conv-42_qa148 失败: Error code: 400 - {'error': {'message': 'Access denied, please make sure your account is i
    ⚠ locomo_conv-26_qa70 失败: Error code: 400 - {'error': {'message': 'Access denied, please make sure your account is i
    ⚠ locomo_conv-42_qa15 失败: Error code: 400 - {'error': {'message': 'Access denied, please make sure your account is i
    ⚠ locomo_conv-42_qa151 失败: Error code: 400 - {'error': {'message': 'Access denied, please make sure your account is i
    ⚠ locomo_conv-42_qa150 失败: Error code: 400 - {'error': {'message': 'Access denied, please make sure your account is i
    ⚠ locomo_conv-42_qa152 失败: Error code: 400 - {'error': {'message': 'Access denied, please make sure your account is i
    ⚠ locomo_conv-42_qa154 失败: Error code: 400 - {'error': {'message': 'Access denied, please make sure your account is i
    ⚠ locomo_conv-42_qa155 失败: Error code: 400 - {'error': {'message': 'Access denied, please make sure your account is i
    ⚠ locomo_conv-42_qa158 失败: Error code: 400 - {'error': {'message': 'Access denied, please make sure your account is i
    ⚠ locomo_conv-42_qa16 失败: Error code: 400 - {'error': {'message': 'Access denied, please make sure your account is i
    ⚠ locomo_conv-42_qa156 失败: Error code: 400 - {'error': {'message': 'Access denied, please make sure your account is i
    ⚠ locomo_conv-42_qa163 失败: Error code: 400 - {'error': {'message': 'Access denied, please make sure your account is i
    ⚠ locomo_conv-42_qa167 失败: Error code: 400 - {'error': {'message': 'Access denied, please make sure your account is i
    ⚠ locomo_conv-42_qa165 失败: Error code: 400 - {'error': {'message': 'Access denied, please make sure your account is i
    ⚠ locomo_conv-42_qa169 失败: Error code: 400 - {'error': {'message': 'Access denied, please make sure your account is i
    ⚠ locomo_conv-42_qa170 失败: Error code: 400 - {'error': {'message': 'Access denied, please make sure your account is i
    ⚠ locomo_conv-42_qa173 失败: Error code: 400 - {'error': {'message': 'Access denied, please make sure your account is i
    ⚠ locomo_conv-42_qa174 失败: Error code: 400 - {'error': {'message': 'Access denied, please make sure your account is i
    ⚠ locomo_conv-42_qa176 失败: Error code: 400 - {'error': {'message': 'Access denied, please make sure your account is i
    ⚠ locomo_conv-42_qa177 失败: Error code: 400 - {'error': {'message': 'Access denied, please make sure your account is i
    ⚠ locomo_conv-42_qa179 失败: Error code: 400 - {'error': {'message': 'Access denied, please make sure your account is i
    ⚠ locomo_conv-42_qa18 失败: Error code: 400 - {'error': {'message': 'Access denied, please make sure your account is i
    ⚠ locomo_conv-42_qa180 失败: Error code: 400 - {'error': {'message': 'Access denied, please make sure your account is i
    ⚠ locomo_conv-42_qa185 失败: Error code: 400 - {'error': {'message': 'Access denied, please make sure your account is i
    ⚠ locomo_conv-42_qa181 失败: Error code: 400 - {'error': {'message': 'Access denied, please make sure your account is i
    ⚠ locomo_conv-42_qa187 失败: Error code: 400 - {'error': {'message': 'Access denied, please make sure your account is i
    ⚠ locomo_conv-42_qa186 失败: Error code: 400 - {'error': {'message': 'Access denied, please make sure your account is i
    ⚠ locomo_conv-42_qa190 失败: Error code: 400 - {'error': {'message': 'Access denied, please make sure your account is i
    ⚠ locomo_conv-42_qa188 失败: Error code: 400 - {'error': {'message': 'Access denied, please make sure your account is i
    ⚠ locomo_conv-42_qa192 失败: Error code: 400 - {'error': {'message': 'Access denied, please make sure your account is i
    ⚠ locomo_conv-42_qa191 失败: Error code: 400 - {'error': {'message': 'Access denied, please make sure your account is i
    ⚠ locomo_conv-42_qa193 失败: Error code: 400 - {'error': {'message': 'Access denied, please make sure your account is i
    ⚠ locomo_conv-42_qa196 失败: Error code: 400 - {'error': {'message': 'Access denied, please make sure your account is i
    ⚠ locomo_conv-42_qa195 失败: Error code: 400 - {'error': {'message': 'Access denied, please make sure your account is i
    ⚠ locomo_conv-42_qa2 失败: Error code: 400 - {'error': {'message': 'Access denied, please make sure your account is i
    ⚠ locomo_conv-42_qa20 失败: Error code: 400 - {'error': {'message': 'Access denied, please make sure your account is i
    ⚠ locomo_conv-42_qa21 失败: Error code: 400 - {'error': {'message': 'Access denied, please make sure your account is i
    ⚠ locomo_conv-42_qa22 失败: Error code: 400 - {'error': {'message': 'Access denied, please make sure your account is i
    ⚠ locomo_conv-42_qa23 失败: Error code: 400 - {'error': {'message': 'Access denied, please make sure your account is i
    ⚠ locomo_conv-42_qa24 失败: Error code: 400 - {'error': {'message': 'Access denied, please make sure your account is i
    ⚠ locomo_conv-42_qa25 失败: Error code: 400 - {'error': {'message': 'Access denied, please make sure your account is i
    ⚠ locomo_conv-42_qa26 失败: Error code: 400 - {'error': {'message': 'Access denied, please make sure your account is i
    ⚠ locomo_conv-42_qa3 失败: Error code: 400 - {'error': {'message': 'Access denied, please make sure your account is i
    ⚠ locomo_conv-42_qa29 失败: Error code: 400 - {'error': {'message': 'Access denied, please make sure your account is i
    ⚠ locomo_conv-42_qa32 失败: Error code: 400 - {'error': {'message': 'Access denied, please make sure your account is i
    ⚠ locomo_conv-42_qa33 失败: Error code: 400 - {'error': {'message': 'Access denied, please make sure your account is i
    ⚠ locomo_conv-42_qa30 失败: Error code: 400 - {'error': {'message': 'Access denied, please make sure your account is i
    ⚠ locomo_conv-42_qa36 失败: Error code: 400 - {'error': {'message': 'Access denied, please make sure your account is i
    ⚠ locomo_conv-42_qa35 失败: Error code: 400 - {'error': {'message': 'Access denied, please make sure your account is i
    ⚠ locomo_conv-42_qa34 失败: Error code: 400 - {'error': {'message': 'Access denied, please make sure your account is i
    ⚠ locomo_conv-42_qa4 失败: Error code: 400 - {'error': {'message': 'Access denied, please make sure your account is i
    ⚠ locomo_conv-42_qa37 失败: Error code: 400 - {'error': {'message': 'Access denied, please make sure your account is i
    ⚠ locomo_conv-42_qa38 失败: Error code: 400 - {'error': {'message': 'Access denied, please make sure your account is i
    ⚠ locomo_conv-42_qa40 失败: Error code: 400 - {'error': {'message': 'Access denied, please make sure your account is i
    ⚠ locomo_conv-42_qa42 失败: Error code: 400 - {'error': {'message': 'Access denied, please make sure your account is i
    ⚠ locomo_conv-42_qa43 失败: Error code: 400 - {'error': {'message': 'Access denied, please make sure your account is i
    ⚠ locomo_conv-42_qa45 失败: Error code: 400 - {'error': {'message': 'Access denied, please make sure your account is i
    ⚠ locomo_conv-42_qa5 失败: Error code: 400 - {'error': {'message': 'Access denied, please make sure your account is i
    ⚠ locomo_conv-30_qa53 失败: Error code: 400 - {'error': {'message': 'Access denied, please make sure your account is i
    ⚠ locomo_conv-42_qa50 失败: Error code: 400 - {'error': {'message': 'Access denied, please make sure your account is i
    ⚠ locomo_conv-42_qa51 失败: Error code: 400 - {'error': {'message': 'Access denied, please make sure your account is i
    ⚠ locomo_conv-42_qa52 失败: Error code: 400 - {'error': {'message': 'Access denied, please make sure your account is i
    ⚠ locomo_conv-42_qa54 失败: Error code: 400 - {'error': {'message': 'Access denied, please make sure your account is i
    评测 300/616 (4s)
    ⚠ locomo_conv-42_qa53 失败: Error code: 400 - {'error': {'message': 'Access denied, please make sure your account is i
    ⚠ locomo_conv-42_qa55 失败: Error code: 400 - {'error': {'message': 'Access denied, please make sure your account is i
    ⚠ locomo_conv-42_qa58 失败: Error code: 400 - {'error': {'message': 'Access denied, please make sure your account is i
    ⚠ locomo_conv-42_qa59 失败: Error code: 400 - {'error': {'message': 'Access denied, please make sure your account is i
    ⚠ locomo_conv-42_qa60 失败: Error code: 400 - {'error': {'message': 'Access denied, please make sure your account is i
    ⚠ locomo_conv-42_qa61 失败: Error code: 400 - {'error': {'message': 'Access denied, please make sure your account is i
    ⚠ locomo_conv-42_qa63 失败: Error code: 400 - {'error': {'message': 'Access denied, please make sure your account is i
    ⚠ locomo_conv-42_qa66 失败: Error code: 400 - {'error': {'message': 'Access denied, please make sure your account is i
    ⚠ locomo_conv-42_qa65 失败: Error code: 400 - {'error': {'message': 'Access denied, please make sure your account is i
    ⚠ locomo_conv-42_qa68 失败: Error code: 400 - {'error': {'message': 'Access denied, please make sure your account is i
    ⚠ locomo_conv-42_qa70 失败: Error code: 400 - {'error': {'message': 'Access denied, please make sure your account is i
    ⚠ locomo_conv-42_qa67 失败: Error code: 400 - {'error': {'message': 'Access denied, please make sure your account is i
    ⚠ locomo_conv-42_qa7 失败: Error code: 400 - {'error': {'message': 'Access denied, please make sure your account is i
    ⚠ locomo_conv-42_qa71 失败: Error code: 400 - {'error': {'message': 'Access denied, please make sure your account is i
    ⚠ locomo_conv-42_qa73 失败: Error code: 400 - {'error': {'message': 'Access denied, please make sure your account is i
    ⚠ locomo_conv-42_qa79 失败: Error code: 400 - {'error': {'message': 'Access denied, please make sure your account is i
    ⚠ locomo_conv-42_qa77 失败: Error code: 400 - {'error': {'message': 'Access denied, please make sure your account is i
    ⚠ locomo_conv-42_qa78 失败: Error code: 400 - {'error': {'message': 'Access denied, please make sure your account is i
    ⚠ locomo_conv-42_qa74 失败: Error code: 400 - {'error': {'message': 'Access denied, please make sure your account is i
    ⚠ locomo_conv-42_qa84 失败: Error code: 400 - {'error': {'message': 'Access denied, please make sure your account is i
    ⚠ locomo_conv-42_qa83 失败: Error code: 400 - {'error': {'message': 'Access denied, please make sure your account is i
    ⚠ locomo_conv-42_qa81 失败: Error code: 400 - {'error': {'message': 'Access denied, please make sure your account is i
    ⚠ locomo_conv-42_qa8 失败: Error code: 400 - {'error': {'message': 'Access denied, please make sure your account is i
    ⚠ locomo_conv-42_qa85 失败: Error code: 400 - {'error': {'message': 'Access denied, please make sure your account is i
    ⚠ locomo_conv-42_qa91 失败: Error code: 400 - {'error': {'message': 'Access denied, please make sure your account is i
    ⚠ locomo_conv-42_qa90 失败: Error code: 400 - {'error': {'message': 'Access denied, please make sure your account is i
    ⚠ locomo_conv-42_qa92 失败: Error code: 400 - {'error': {'message': 'Access denied, please make sure your account is i
    ⚠ locomo_conv-42_qa95 失败: Error code: 400 - {'error': {'message': 'Access denied, please make sure your account is i
    ⚠ locomo_conv-42_qa94 失败: Error code: 400 - {'error': {'message': 'Access denied, please make sure your account is i
    ⚠ locomo_conv-42_qa99 失败: Error code: 400 - {'error': {'message': 'Access denied, please make sure your account is i
    ⚠ locomo_conv-42_qa97 失败: Error code: 400 - {'error': {'message': 'Access denied, please make sure your account is i
    ⚠ locomo_conv-43_qa0 失败: Error code: 400 - {'error': {'message': 'Access denied, please make sure your account is i
    ⚠ locomo_conv-43_qa1 失败: Error code: 400 - {'error': {'message': 'Access denied, please make sure your account is i
    ⚠ locomo_conv-43_qa10 失败: Error code: 400 - {'error': {'message': 'Access denied, please make sure your account is i
    ⚠ locomo_conv-43_qa100 失败: Error code: 400 - {'error': {'message': 'Access denied, please make sure your account is i
    ⚠ locomo_conv-43_qa101 失败: Error code: 400 - {'error': {'message': 'Access denied, please make sure your account is i
    ⚠ locomo_conv-43_qa108 失败: Error code: 400 - {'error': {'message': 'Access denied, please make sure your account is i
    ⚠ locomo_conv-43_qa111 失败: Error code: 400 - {'error': {'message': 'Access denied, please make sure your account is i
    ⚠ locomo_conv-43_qa106 失败: Error code: 400 - {'error': {'message': 'Access denied, please make sure your account is i
    ⚠ locomo_conv-43_qa102 失败: Error code: 400 - {'error': {'message': 'Access denied, please make sure your account is i
    ⚠ locomo_conv-43_qa113 失败: Error code: 400 - {'error': {'message': 'Access denied, please make sure your account is i
    ⚠ locomo_conv-43_qa116 失败: Error code: 400 - {'error': {'message': 'Access denied, please make sure your account is i
    ⚠ locomo_conv-43_qa112 失败: Error code: 400 - {'error': {'message': 'Access denied, please make sure your account is i
    ⚠ locomo_conv-43_qa117 失败: Error code: 400 - {'error': {'message': 'Access denied, please make sure your account is i
    ⚠ locomo_conv-43_qa121 失败: Error code: 400 - {'error': {'message': 'Access denied, please make sure your account is i
    ⚠ locomo_conv-43_qa120 失败: Error code: 400 - {'error': {'message': 'Access denied, please make sure your account is i
    ⚠ locomo_conv-43_qa123 失败: Error code: 400 - {'error': {'message': 'Access denied, please make sure your account is i
    ⚠ locomo_conv-43_qa126 失败: Error code: 400 - {'error': {'message': 'Access denied, please make sure your account is i
    ⚠ locomo_conv-43_qa127 失败: Error code: 400 - {'error': {'message': 'Access denied, please make sure your account is i
    ⚠ locomo_conv-43_qa130 失败: Error code: 400 - {'error': {'message': 'Access denied, please make sure your account is i
    ⚠ locomo_conv-43_qa128 失败: Error code: 400 - {'error': {'message': 'Access denied, please make sure your account is i
    ⚠ locomo_conv-43_qa131 失败: Error code: 400 - {'error': {'message': 'Access denied, please make sure your account is i
    ⚠ locomo_conv-43_qa132 失败: Error code: 400 - {'error': {'message': 'Access denied, please make sure your account is i
    ⚠ locomo_conv-43_qa133 失败: Error code: 400 - {'error': {'message': 'Access denied, please make sure your account is i
    ⚠ locomo_conv-43_qa134 失败: Error code: 400 - {'error': {'message': 'Access denied, please make sure your account is i
    ⚠ locomo_conv-43_qa136 失败: Error code: 400 - {'error': {'message': 'Access denied, please make sure your account is i
    ⚠ locomo_conv-43_qa138 失败: Error code: 400 - {'error': {'message': 'Access denied, please make sure your account is i
    ⚠ locomo_conv-43_qa139 失败: Error code: 400 - {'error': {'message': 'Access denied, please make sure your account is i
    ⚠ locomo_conv-43_qa14 失败: Error code: 400 - {'error': {'message': 'Access denied, please make sure your account is i
    ⚠ locomo_conv-43_qa140 失败: Error code: 400 - {'error': {'message': 'Access denied, please make sure your account is i
    ⚠ locomo_conv-43_qa141 失败: Error code: 400 - {'error': {'message': 'Access denied, please make sure your account is i
    ⚠ locomo_conv-43_qa144 失败: Error code: 400 - {'error': {'message': 'Access denied, please make sure your account is i
    ⚠ locomo_conv-43_qa15 失败: Error code: 400 - {'error': {'message': 'Access denied, please make sure your account is i
    ⚠ locomo_conv-43_qa148 失败: Error code: 400 - {'error': {'message': 'Access denied, please make sure your account is i
    ⚠ locomo_conv-43_qa152 失败: Error code: 400 - {'error': {'message': 'Access denied, please make sure your account is i
    ⚠ locomo_conv-43_qa154 失败: Error code: 400 - {'error': {'message': 'Access denied, please make sure your account is i
    ⚠ locomo_conv-43_qa156 失败: Error code: 400 - {'error': {'message': 'Access denied, please make sure your account is i
    ⚠ locomo_conv-43_qa151 失败: Error code: 400 - {'error': {'message': 'Access denied, please make sure your account is i
    ⚠ locomo_conv-43_qa158 失败: Error code: 400 - {'error': {'message': 'Access denied, please make sure your account is i
    ⚠ locomo_conv-43_qa157 失败: Error code: 400 - {'error': {'message': 'Access denied, please make sure your account is i
    ⚠ locomo_conv-43_qa16 失败: Error code: 400 - {'error': {'message': 'Access denied, please make sure your account is i
    ⚠ locomo_conv-43_qa164 失败: Error code: 400 - {'error': {'message': 'Access denied, please make sure your account is i
    ⚠ locomo_conv-43_qa165 失败: Error code: 400 - {'error': {'message': 'Access denied, please make sure your account is i
    ⚠ locomo_conv-43_qa166 失败: Error code: 400 - {'error': {'message': 'Access denied, please make sure your account is i
    ⚠ locomo_conv-43_qa167 失败: Error code: 400 - {'error': {'message': 'Access denied, please make sure your account is i
    ⚠ locomo_conv-43_qa168 失败: Error code: 400 - {'error': {'message': 'Access denied, please make sure your account is i
    ⚠ locomo_conv-43_qa17 失败: Error code: 400 - {'error': {'message': 'Access denied, please make sure your account is i
    ⚠ locomo_conv-43_qa169 失败: Error code: 400 - {'error': {'message': 'Access denied, please make sure your account is i
    ⚠ locomo_conv-43_qa171 失败: Error code: 400 - {'error': {'message': 'Access denied, please make sure your account is i
    ⚠ locomo_conv-43_qa175 失败: Error code: 400 - {'error': {'message': 'Access denied, please make sure your account is i
    ⚠ locomo_conv-43_qa174 失败: Error code: 400 - {'error': {'message': 'Access denied, please make sure your account is i
    ⚠ locomo_conv-43_qa176 失败: Error code: 400 - {'error': {'message': 'Access denied, please make sure your account is i
    ⚠ locomo_conv-43_qa18 失败: Error code: 400 - {'error': {'message': 'Access denied, please make sure your account is i
    ⚠ locomo_conv-43_qa19 失败: Error code: 400 - {'error': {'message': 'Access denied, please make sure your account is i
    ⚠ locomo_conv-43_qa2 失败: Error code: 400 - {'error': {'message': 'Access denied, please make sure your account is i
    ⚠ locomo_conv-43_qa23 失败: Error code: 400 - {'error': {'message': 'Access denied, please make sure your account is i
    ⚠ locomo_conv-43_qa25 失败: Error code: 400 - {'error': {'message': 'Access denied, please make sure your account is i
    ⚠ locomo_conv-43_qa27 失败: Error code: 400 - {'error': {'message': 'Access denied, please make sure your account is i
    ⚠ locomo_conv-43_qa26 失败: Error code: 400 - {'error': {'message': 'Access denied, please make sure your account is i
    ⚠ locomo_conv-43_qa28 失败: Error code: 400 - {'error': {'message': 'Access denied, please make sure your account is i
    ⚠ locomo_conv-43_qa3 失败: Error code: 400 - {'error': {'message': 'Access denied, please make sure your account is i
    ⚠ locomo_conv-43_qa30 失败: Error code: 400 - {'error': {'message': 'Access denied, please make sure your account is i
    ⚠ locomo_conv-43_qa31 失败: Error code: 400 - {'error': {'message': 'Access denied, please make sure your account is i
    ⚠ locomo_conv-43_qa32 失败: Error code: 400 - {'error': {'message': 'Access denied, please make sure your account is i
    ⚠ locomo_conv-43_qa34 失败: Error code: 400 - {'error': {'message': 'Access denied, please make sure your account is i
    ⚠ locomo_conv-43_qa35 失败: Error code: 400 - {'error': {'message': 'Access denied, please make sure your account is i
    ⚠ locomo_conv-43_qa37 失败: Error code: 400 - {'error': {'message': 'Access denied, please make sure your account is i
    ⚠ locomo_conv-43_qa39 失败: Error code: 400 - {'error': {'message': 'Access denied, please make sure your account is i
    ⚠ locomo_conv-43_qa38 失败: Error code: 400 - {'error': {'message': 'Access denied, please make sure your account is i
    ⚠ locomo_conv-43_qa4 失败: Error code: 400 - {'error': {'message': 'Access denied, please make sure your account is i
    ⚠ locomo_conv-43_qa40 失败: Error code: 400 - {'error': {'message': 'Access denied, please make sure your account is i
    ⚠ locomo_conv-43_qa41 失败: Error code: 400 - {'error': {'message': 'Access denied, please make sure your account is i
    ⚠ locomo_conv-43_qa42 失败: Error code: 400 - {'error': {'message': 'Access denied, please make sure your account is i
    ⚠ locomo_conv-43_qa43 失败: Error code: 400 - {'error': {'message': 'Access denied, please make sure your account is i
    ⚠ locomo_conv-43_qa44 失败: Error code: 400 - {'error': {'message': 'Access denied, please make sure your account is i
    ⚠ locomo_conv-43_qa45 失败: Error code: 400 - {'error': {'message': 'Access denied, please make sure your account is i
    ⚠ locomo_conv-43_qa47 失败: Error code: 400 - {'error': {'message': 'Access denied, please make sure your account is i
    ⚠ locomo_conv-43_qa48 失败: Error code: 400 - {'error': {'message': 'Access denied, please make sure your account is i
    ⚠ locomo_conv-43_qa49 失败: Error code: 400 - {'error': {'message': 'Access denied, please make sure your account is i
    ⚠ locomo_conv-43_qa5 失败: Error code: 400 - {'error': {'message': 'Access denied, please make sure your account is i
    ⚠ locomo_conv-43_qa50 失败: Error code: 400 - {'error': {'message': 'Access denied, please make sure your account is i
    ⚠ locomo_conv-43_qa51 失败: Error code: 400 - {'error': {'message': 'Access denied, please make sure your account is i
    ⚠ locomo_conv-43_qa52 失败: Error code: 400 - {'error': {'message': 'Access denied, please make sure your account is i
    ⚠ locomo_conv-43_qa53 失败: Error code: 400 - {'error': {'message': 'Access denied, please make sure your account is i
    ⚠ locomo_conv-43_qa55 失败: Error code: 400 - {'error': {'message': 'Access denied, please make sure your account is i
    ⚠ locomo_conv-43_qa56 失败: Error code: 400 - {'error': {'message': 'Access denied, please make sure your account is i
    ⚠ locomo_conv-43_qa54 失败: Error code: 400 - {'error': {'message': 'Access denied, please make sure your account is i
    ⚠ locomo_conv-43_qa57 失败: Error code: 400 - {'error': {'message': 'Access denied, please make sure your account is i
    ⚠ locomo_conv-43_qa58 失败: Error code: 400 - {'error': {'message': 'Access denied, please make sure your account is i
    ⚠ locomo_conv-43_qa6 失败: Error code: 400 - {'error': {'message': 'Access denied, please make sure your account is i
    ⚠ locomo_conv-43_qa61 失败: Error code: 400 - {'error': {'message': 'Access denied, please make sure your account is i
    ⚠ locomo_conv-43_qa60 失败: Error code: 400 - {'error': {'message': 'Access denied, please make sure your account is i
    ⚠ locomo_conv-43_qa63 失败: Error code: 400 - {'error': {'message': 'Access denied, please make sure your account is i
    ⚠ locomo_conv-43_qa65 失败: Error code: 400 - {'error': {'message': 'Access denied, please make sure your account is i
    ⚠ locomo_conv-43_qa66 失败: Error code: 400 - {'error': {'message': 'Access denied, please make sure your account is i
    ⚠ locomo_conv-43_qa67 失败: Error code: 400 - {'error': {'message': 'Access denied, please make sure your account is i
    ⚠ locomo_conv-43_qa7 失败: Error code: 400 - {'error': {'message': 'Access denied, please make sure your account is i
    ⚠ locomo_conv-43_qa70 失败: Error code: 400 - {'error': {'message': 'Access denied, please make sure your account is i
    ⚠ locomo_conv-43_qa75 失败: Error code: 400 - {'error': {'message': 'Access denied, please make sure your account is i
    ⚠ locomo_conv-43_qa76 失败: Error code: 400 - {'error': {'message': 'Access denied, please make sure your account is i
    ⚠ locomo_conv-43_qa74 失败: Error code: 400 - {'error': {'message': 'Access denied, please make sure your account is i
    ⚠ locomo_conv-43_qa79 失败: Error code: 400 - {'error': {'message': 'Access denied, please make sure your account is i
    ⚠ locomo_conv-43_qa78 失败: Error code: 400 - {'error': {'message': 'Access denied, please make sure your account is i
    ⚠ locomo_conv-43_qa8 失败: Error code: 400 - {'error': {'message': 'Access denied, please make sure your account is i
    ⚠ locomo_conv-43_qa81 失败: Error code: 400 - {'error': {'message': 'Access denied, please make sure your account is i
    ⚠ locomo_conv-43_qa85 失败: Error code: 400 - {'error': {'message': 'Access denied, please make sure your account is i
    ⚠ locomo_conv-43_qa82 失败: Error code: 400 - {'error': {'message': 'Access denied, please make sure your account is i
    ⚠ locomo_conv-43_qa87 失败: Error code: 400 - {'error': {'message': 'Access denied, please make sure your account is i
    ⚠ locomo_conv-43_qa86 失败: Error code: 400 - {'error': {'message': 'Access denied, please make sure your account is i
    ⚠ locomo_conv-43_qa88 失败: Error code: 400 - {'error': {'message': 'Access denied, please make sure your account is i
    ⚠ locomo_conv-43_qa9 失败: Error code: 400 - {'error': {'message': 'Access denied, please make sure your account is i
    ⚠ locomo_conv-43_qa91 失败: Error code: 400 - {'error': {'message': 'Access denied, please make sure your account is i
    ⚠ locomo_conv-43_qa92 失败: Error code: 400 - {'error': {'message': 'Access denied, please make sure your account is i
    ⚠ locomo_conv-43_qa94 失败: Error code: 400 - {'error': {'message': 'Access denied, please make sure your account is i
    ⚠ locomo_conv-43_qa95 失败: Error code: 400 - {'error': {'message': 'Access denied, please make sure your account is i
    ⚠ locomo_conv-44_qa0 失败: Error code: 400 - {'error': {'message': 'Access denied, please make sure your account is i
    ⚠ locomo_conv-43_qa98 失败: Error code: 400 - {'error': {'message': 'Access denied, please make sure your account is i
    ⚠ locomo_conv-43_qa99 失败: Error code: 400 - {'error': {'message': 'Access denied, please make sure your account is i
    ⚠ locomo_conv-44_qa1 失败: Error code: 400 - {'error': {'message': 'Access denied, please make sure your account is i
    ⚠ locomo_conv-44_qa100 失败: Error code: 400 - {'error': {'message': 'Access denied, please make sure your account is i
    评测 450/616 (6s)
    ⚠ locomo_conv-44_qa101 失败: Error code: 400 - {'error': {'message': 'Access denied, please make sure your account is i
    ⚠ locomo_conv-44_qa102 失败: Error code: 400 - {'error': {'message': 'Access denied, please make sure your account is i
    ⚠ locomo_conv-44_qa103 失败: Error code: 400 - {'error': {'message': 'Access denied, please make sure your account is i
    ⚠ locomo_conv-44_qa110 失败: Error code: 400 - {'error': {'message': 'Access denied, please make sure your account is i
    ⚠ locomo_conv-44_qa109 失败: Error code: 400 - {'error': {'message': 'Access denied, please make sure your account is i
    ⚠ locomo_conv-44_qa11 失败: Error code: 400 - {'error': {'message': 'Access denied, please make sure your account is i
    ⚠ locomo_conv-44_qa113 失败: Error code: 400 - {'error': {'message': 'Access denied, please make sure your account is i
    ⚠ locomo_conv-44_qa118 失败: Error code: 400 - {'error': {'message': 'Access denied, please make sure your account is i
    ⚠ locomo_conv-44_qa115 失败: Error code: 400 - {'error': {'message': 'Access denied, please make sure your account is i
    ⚠ locomo_conv-44_qa119 失败: Error code: 400 - {'error': {'message': 'Access denied, please make sure your account is i
    ⚠ locomo_conv-44_qa120 失败: Error code: 400 - {'error': {'message': 'Access denied, please make sure your account is i
    ⚠ locomo_conv-44_qa122 失败: Error code: 400 - {'error': {'message': 'Access denied, please make sure your account is i
    ⚠ locomo_conv-44_qa13 失败: Error code: 400 - {'error': {'message': 'Access denied, please make sure your account is i
    ⚠ locomo_conv-44_qa14 失败: Error code: 400 - {'error': {'message': 'Access denied, please make sure your account is i
    ⚠ locomo_conv-44_qa15 失败: Error code: 400 - {'error': {'message': 'Access denied, please make sure your account is i
    ⚠ locomo_conv-44_qa16 失败: Error code: 400 - {'error': {'message': 'Access denied, please make sure your account is i
    ⚠ locomo_conv-44_qa17 失败: Error code: 400 - {'error': {'message': 'Access denied, please make sure your account is i
    ⚠ locomo_conv-44_qa19 失败: Error code: 400 - {'error': {'message': 'Access denied, please make sure your account is i
    ⚠ locomo_conv-44_qa2 失败: Error code: 400 - {'error': {'message': 'Access denied, please make sure your account is i
    ⚠ locomo_conv-44_qa21 失败: Error code: 400 - {'error': {'message': 'Access denied, please make sure your account is i
    ⚠ locomo_conv-44_qa20 失败: Error code: 400 - {'error': {'message': 'Access denied, please make sure your account is i
    ⚠ locomo_conv-44_qa22 失败: Error code: 400 - {'error': {'message': 'Access denied, please make sure your account is i
    ⚠ locomo_conv-44_qa24 失败: Error code: 400 - {'error': {'message': 'Access denied, please make sure your account is i
    ⚠ locomo_conv-44_qa25 失败: Error code: 400 - {'error': {'message': 'Access denied, please make sure your account is i
    ⚠ locomo_conv-44_qa3 失败: Error code: 400 - {'error': {'message': 'Access denied, please make sure your account is i
    ⚠ locomo_conv-44_qa30 失败: Error code: 400 - {'error': {'message': 'Access denied, please make sure your account is i
    ⚠ locomo_conv-44_qa31 失败: Error code: 400 - {'error': {'message': 'Access denied, please make sure your account is i
    ⚠ locomo_conv-44_qa33 失败: Error code: 400 - {'error': {'message': 'Access denied, please make sure your account is i
    ⚠ locomo_conv-44_qa34 失败: Error code: 400 - {'error': {'message': 'Access denied, please make sure your account is i
    ⚠ locomo_conv-44_qa37 失败: Error code: 400 - {'error': {'message': 'Access denied, please make sure your account is i
    ⚠ locomo_conv-44_qa39 失败: Error code: 400 - {'error': {'message': 'Access denied, please make sure your account is i
    ⚠ locomo_conv-44_qa35 失败: Error code: 400 - {'error': {'message': 'Access denied, please make sure your account is i
    ⚠ locomo_conv-44_qa41 失败: Error code: 400 - {'error': {'message': 'Access denied, please make sure your account is i
    ⚠ locomo_conv-44_qa4 失败: Error code: 400 - {'error': {'message': 'Access denied, please make sure your account is i
    ⚠ locomo_conv-44_qa43 失败: Error code: 400 - {'error': {'message': 'Access denied, please make sure your account is i
    ⚠ locomo_conv-44_qa44 失败: Error code: 400 - {'error': {'message': 'Access denied, please make sure your account is i
    ⚠ locomo_conv-44_qa48 失败: Error code: 400 - {'error': {'message': 'Access denied, please make sure your account is i
    ⚠ locomo_conv-44_qa47 失败: Error code: 400 - {'error': {'message': 'Access denied, please make sure your account is i
    ⚠ locomo_conv-44_qa5 失败: Error code: 400 - {'error': {'message': 'Access denied, please make sure your account is i
    ⚠ locomo_conv-44_qa50 失败: Error code: 400 - {'error': {'message': 'Access denied, please make sure your account is i
    ⚠ locomo_conv-44_qa53 失败: Error code: 400 - {'error': {'message': 'Access denied, please make sure your account is i
    ⚠ locomo_conv-44_qa52 失败: Error code: 400 - {'error': {'message': 'Access denied, please make sure your account is i
    ⚠ locomo_conv-44_qa55 失败: Error code: 400 - {'error': {'message': 'Access denied, please make sure your account is i
    ⚠ locomo_conv-44_qa54 失败: Error code: 400 - {'error': {'message': 'Access denied, please make sure your account is i
    ⚠ locomo_conv-44_qa58 失败: Error code: 400 - {'error': {'message': 'Access denied, please make sure your account is i
    ⚠ locomo_conv-44_qa56 失败: Error code: 400 - {'error': {'message': 'Access denied, please make sure your account is i
    ⚠ locomo_conv-44_qa59 失败: Error code: 400 - {'error': {'message': 'Access denied, please make sure your account is i
    ⚠ locomo_conv-44_qa68 失败: Error code: 400 - {'error': {'message': 'Access denied, please make sure your account is i
    ⚠ locomo_conv-44_qa65 失败: Error code: 400 - {'error': {'message': 'Access denied, please make sure your account is i
    ⚠ locomo_conv-44_qa6 失败: Error code: 400 - {'error': {'message': 'Access denied, please make sure your account is i
    ⚠ locomo_conv-44_qa7 失败: Error code: 400 - {'error': {'message': 'Access denied, please make sure your account is i
    ⚠ locomo_conv-44_qa70 失败: Error code: 400 - {'error': {'message': 'Access denied, please make sure your account is i
    ⚠ locomo_conv-44_qa72 失败: Error code: 400 - {'error': {'message': 'Access denied, please make sure your account is i
    ⚠ locomo_conv-44_qa73 失败: Error code: 400 - {'error': {'message': 'Access denied, please make sure your account is i
    ⚠ locomo_conv-44_qa74 失败: Error code: 400 - {'error': {'message': 'Access denied, please make sure your account is i
    ⚠ locomo_conv-44_qa75 失败: Error code: 400 - {'error': {'message': 'Access denied, please make sure your account is i
    ⚠ locomo_conv-44_qa83 失败: Error code: 400 - {'error': {'message': 'Access denied, please make sure your account is i
    ⚠ locomo_conv-44_qa79 失败: Error code: 400 - {'error': {'message': 'Access denied, please make sure your account is i
    ⚠ locomo_conv-44_qa86 失败: Error code: 400 - {'error': {'message': 'Access denied, please make sure your account is i
    ⚠ locomo_conv-44_qa9 失败: Error code: 400 - {'error': {'message': 'Access denied, please make sure your account is i
    ⚠ locomo_conv-44_qa85 失败: Error code: 400 - {'error': {'message': 'Access denied, please make sure your account is i
    ⚠ locomo_conv-44_qa88 失败: Error code: 400 - {'error': {'message': 'Access denied, please make sure your account is i
    ⚠ locomo_conv-44_qa92 失败: Error code: 400 - {'error': {'message': 'Access denied, please make sure your account is i
    ⚠ locomo_conv-44_qa90 失败: Error code: 400 - {'error': {'message': 'Access denied, please make sure your account is i
    ⚠ locomo_conv-44_qa93 失败: Error code: 400 - {'error': {'message': 'Access denied, please make sure your account is i
    ⚠ locomo_conv-44_qa95 失败: Error code: 400 - {'error': {'message': 'Access denied, please make sure your account is i
    ⚠ locomo_conv-44_qa96 失败: Error code: 400 - {'error': {'message': 'Access denied, please make sure your account is i
    ⚠ locomo_conv-44_qa97 失败: Error code: 400 - {'error': {'message': 'Access denied, please make sure your account is i
    ⚠ locomo_conv-47_qa10 失败: Error code: 400 - {'error': {'message': 'Access denied, please make sure your account is i
    ⚠ locomo_conv-44_qa98 失败: Error code: 400 - {'error': {'message': 'Access denied, please make sure your account is i
    ⚠ locomo_conv-47_qa0 失败: Error code: 400 - {'error': {'message': 'Access denied, please make sure your account is i
    ⚠ locomo_conv-47_qa101 失败: Error code: 400 - {'error': {'message': 'Access denied, please make sure your account is i
    ⚠ locomo_conv-47_qa107 失败: Error code: 400 - {'error': {'message': 'Access denied, please make sure your account is i
    ⚠ locomo_conv-47_qa108 失败: Error code: 400 - {'error': {'message': 'Access denied, please make sure your account is i
    ⚠ locomo_conv-47_qa109 失败: Error code: 400 - {'error': {'message': 'Access denied, please make sure your account is i
    ⚠ locomo_conv-47_qa104 失败: Error code: 400 - {'error': {'message': 'Access denied, please make sure your account is i
    ⚠ locomo_conv-47_qa113 失败: Error code: 400 - {'error': {'message': 'Access denied, please make sure your account is i
    ⚠ locomo_conv-47_qa11 失败: Error code: 400 - {'error': {'message': 'Access denied, please make sure your account is i
    ⚠ locomo_conv-47_qa110 失败: Error code: 400 - {'error': {'message': 'Access denied, please make sure your account is i
    ⚠ locomo_conv-47_qa114 失败: Error code: 400 - {'error': {'message': 'Access denied, please make sure your account is i
    ⚠ locomo_conv-47_qa117 失败: Error code: 400 - {'error': {'message': 'Access denied, please make sure your account is i
    ⚠ locomo_conv-47_qa12 失败: Error code: 400 - {'error': {'message': 'Access denied, please make sure your account is i
    ⚠ locomo_conv-47_qa118 失败: Error code: 400 - {'error': {'message': 'Access denied, please make sure your account is i
    ⚠ locomo_conv-47_qa125 失败: Error code: 400 - {'error': {'message': 'Access denied, please make sure your account is i
    ⚠ locomo_conv-47_qa124 失败: Error code: 400 - {'error': {'message': 'Access denied, please make sure your account is i
    ⚠ locomo_conv-47_qa128 失败: Error code: 400 - {'error': {'message': 'Access denied, please make sure your account is i
    ⚠ locomo_conv-47_qa13 失败: Error code: 400 - {'error': {'message': 'Access denied, please make sure your account is i
    ⚠ locomo_conv-47_qa126 失败: Error code: 400 - {'error': {'message': 'Access denied, please make sure your account is i
    ⚠ locomo_conv-47_qa130 失败: Error code: 400 - {'error': {'message': 'Access denied, please make sure your account is i
    ⚠ locomo_conv-47_qa131 失败: Error code: 400 - {'error': {'message': 'Access denied, please make sure your account is i
    ⚠ locomo_conv-47_qa134 失败: Error code: 400 - {'error': {'message': 'Access denied, please make sure your account is i
    ⚠ locomo_conv-47_qa137 失败: Error code: 400 - {'error': {'message': 'Access denied, please make sure your account is i
    ⚠ locomo_conv-47_qa139 失败: Error code: 400 - {'error': {'message': 'Access denied, please make sure your account is i
    ⚠ locomo_conv-47_qa14 失败: Error code: 400 - {'error': {'message': 'Access denied, please make sure your account is i
    ⚠ locomo_conv-47_qa143 失败: Error code: 400 - {'error': {'message': 'Access denied, please make sure your account is i
    ⚠ locomo_conv-47_qa144 失败: Error code: 400 - {'error': {'message': 'Access denied, please make sure your account is i
    ⚠ locomo_conv-47_qa148 失败: Error code: 400 - {'error': {'message': 'Access denied, please make sure your account is i
    ⚠ locomo_conv-47_qa146 失败: Error code: 400 - {'error': {'message': 'Access denied, please make sure your account is i
    ⚠ locomo_conv-47_qa15 失败: Error code: 400 - {'error': {'message': 'Access denied, please make sure your account is i
    ⚠ locomo_conv-47_qa17 失败: Error code: 400 - {'error': {'message': 'Access denied, please make sure your account is i
    ⚠ locomo_conv-47_qa16 失败: Error code: 400 - {'error': {'message': 'Access denied, please make sure your account is i
    ⚠ locomo_conv-47_qa18 失败: Error code: 400 - {'error': {'message': 'Access denied, please make sure your account is i
    ⚠ locomo_conv-47_qa21 失败: Error code: 400 - {'error': {'message': 'Access denied, please make sure your account is i
    ⚠ locomo_conv-47_qa2 失败: Error code: 400 - {'error': {'message': 'Access denied, please make sure your account is i
    ⚠ locomo_conv-47_qa19 失败: Error code: 400 - {'error': {'message': 'Access denied, please make sure your account is i
    ⚠ locomo_conv-47_qa22 失败: Error code: 400 - {'error': {'message': 'Access denied, please make sure your account is i
    ⚠ locomo_conv-47_qa23 失败: Error code: 400 - {'error': {'message': 'Access denied, please make sure your account is i
    ⚠ locomo_conv-47_qa25 失败: Error code: 400 - {'error': {'message': 'Access denied, please make sure your account is i
    ⚠ locomo_conv-47_qa26 失败: Error code: 400 - {'error': {'message': 'Access denied, please make sure your account is i
    ⚠ locomo_conv-47_qa29 失败: Error code: 400 - {'error': {'message': 'Access denied, please make sure your account is i
    ⚠ locomo_conv-47_qa30 失败: Error code: 400 - {'error': {'message': 'Access denied, please make sure your account is i
    ⚠ locomo_conv-47_qa31 失败: Error code: 400 - {'error': {'message': 'Access denied, please make sure your account is i
    ⚠ locomo_conv-47_qa32 失败: Error code: 400 - {'error': {'message': 'Access denied, please make sure your account is i
    ⚠ locomo_conv-47_qa33 失败: Error code: 400 - {'error': {'message': 'Access denied, please make sure your account is i
    ⚠ locomo_conv-47_qa35 失败: Error code: 400 - {'error': {'message': 'Access denied, please make sure your account is i
    ⚠ locomo_conv-47_qa36 失败: Error code: 400 - {'error': {'message': 'Access denied, please make sure your account is i
    ⚠ locomo_conv-47_qa37 失败: Error code: 400 - {'error': {'message': 'Access denied, please make sure your account is i
    ⚠ locomo_conv-47_qa38 失败: Error code: 400 - {'error': {'message': 'Access denied, please make sure your account is i
    ⚠ locomo_conv-47_qa39 失败: Error code: 400 - {'error': {'message': 'Access denied, please make sure your account is i
    ⚠ locomo_conv-47_qa4 失败: Error code: 400 - {'error': {'message': 'Access denied, please make sure your account is i
    ⚠ locomo_conv-47_qa44 失败: Error code: 400 - {'error': {'message': 'Access denied, please make sure your account is i
    ⚠ locomo_conv-47_qa45 失败: Error code: 400 - {'error': {'message': 'Access denied, please make sure your account is i
    ⚠ locomo_conv-47_qa41 失败: Error code: 400 - {'error': {'message': 'Access denied, please make sure your account is i
    ⚠ locomo_conv-47_qa40 失败: Error code: 400 - {'error': {'message': 'Access denied, please make sure your account is i
    ⚠ locomo_conv-47_qa5 失败: Error code: 400 - {'error': {'message': 'Access denied, please make sure your account is i
    ⚠ locomo_conv-47_qa51 失败: Error code: 400 - {'error': {'message': 'Access denied, please make sure your account is i
    ⚠ locomo_conv-47_qa52 失败: Error code: 400 - {'error': {'message': 'Access denied, please make sure your account is i
    ⚠ locomo_conv-47_qa50 失败: Error code: 400 - {'error': {'message': 'Access denied, please make sure your account is i
    ⚠ locomo_conv-47_qa53 失败: Error code: 400 - {'error': {'message': 'Access denied, please make sure your account is i
    ⚠ locomo_conv-47_qa55 失败: Error code: 400 - {'error': {'message': 'Access denied, please make sure your account is i
    ⚠ locomo_conv-47_qa57 失败: Error code: 400 - {'error': {'message': 'Access denied, please make sure your account is i
    ⚠ locomo_conv-47_qa56 失败: Error code: 400 - {'error': {'message': 'Access denied, please make sure your account is i
    ⚠ locomo_conv-47_qa6 失败: Error code: 400 - {'error': {'message': 'Access denied, please make sure your account is i
    ⚠ locomo_conv-47_qa59 失败: Error code: 400 - {'error': {'message': 'Access denied, please make sure your account is i
    ⚠ locomo_conv-47_qa62 失败: Error code: 400 - {'error': {'message': 'Access denied, please make sure your account is i
    ⚠ locomo_conv-47_qa64 失败: Error code: 400 - {'error': {'message': 'Access denied, please make sure your account is i
    ⚠ locomo_conv-47_qa65 失败: Error code: 400 - {'error': {'message': 'Access denied, please make sure your account is i
    ⚠ locomo_conv-47_qa66 失败: Error code: 400 - {'error': {'message': 'Access denied, please make sure your account is i
    ⚠ locomo_conv-47_qa67 失败: Error code: 400 - {'error': {'message': 'Access denied, please make sure your account is i
    ⚠ locomo_conv-47_qa7 失败: Error code: 400 - {'error': {'message': 'Access denied, please make sure your account is i
    ⚠ locomo_conv-47_qa70 失败: Error code: 400 - {'error': {'message': 'Access denied, please make sure your account is i
    ⚠ locomo_conv-47_qa74 失败: Error code: 400 - {'error': {'message': 'Access denied, please make sure your account is i
    ⚠ locomo_conv-47_qa76 失败: Error code: 400 - {'error': {'message': 'Access denied, please make sure your account is i
    ⚠ locomo_conv-47_qa75 失败: Error code: 400 - {'error': {'message': 'Access denied, please make sure your account is i
    ⚠ locomo_conv-47_qa80 失败: Error code: 400 - {'error': {'message': 'Access denied, please make sure your account is i
    ⚠ locomo_conv-47_qa81 失败: Error code: 400 - {'error': {'message': 'Access denied, please make sure your account is i
    ⚠ locomo_conv-47_qa84 失败: Error code: 400 - {'error': {'message': 'Access denied, please make sure your account is i
    ⚠ locomo_conv-47_qa86 失败: Error code: 400 - {'error': {'message': 'Access denied, please make sure your account is i
    ⚠ locomo_conv-47_qa87 失败: Error code: 400 - {'error': {'message': 'Access denied, please make sure your account is i
    ⚠ locomo_conv-47_qa88 失败: Error code: 400 - {'error': {'message': 'Access denied, please make sure your account is i
    评测 600/616 (7s)
    ⚠ locomo_conv-47_qa89 失败: Error code: 400 - {'error': {'message': 'Access denied, please make sure your account is i
    ⚠ locomo_conv-47_qa92 失败: Error code: 400 - {'error': {'message': 'Access denied, please make sure your account is i
    ⚠ locomo_conv-47_qa9 失败: Error code: 400 - {'error': {'message': 'Access denied, please make sure your account is i
    ⚠ locomo_conv-47_qa94 失败: Error code: 400 - {'error': {'message': 'Access denied, please make sure your account is i
    ⚠ locomo_conv-26_qa107 失败: Error code: 400 - {'error': {'message': 'Access denied, please make sure your account is i
    ⚠ locomo_conv-47_qa96 失败: Error code: 400 - {'error': {'message': 'Access denied, please make sure your account is i
    ⚠ locomo_conv-47_qa97 失败: Error code: 400 - {'error': {'message': 'Access denied, please make sure your account is i
    ⚠ locomo_conv-26_qa109 失败: Error code: 400 - {'error': {'message': 'Access denied, please make sure your account is i
    ⚠ locomo_conv-26_qa112 失败: Error code: 400 - {'error': {'message': 'Access denied, please make sure your account is i
    ⚠ locomo_conv-26_qa110 失败: Error code: 400 - {'error': {'message': 'Access denied, please make sure your account is i
    ⚠ locomo_conv-26_qa113 失败: Error code: 400 - {'error': {'message': 'Access denied, please make sure your account is i
    ⚠ locomo_conv-26_qa114 失败: Error code: 400 - {'error': {'message': 'Access denied, please make sure your account is i
    ⚠ locomo_conv-26_qa11 失败: Error code: 400 - {'error': {'message': 'Access denied, please make sure your account is i
    ⚠ locomo_conv-26_qa115 失败: Error code: 400 - {'error': {'message': 'Access denied, please make sure your account is i
    ⚠ locomo_conv-26_qa104 失败: Error code: 400 - {'error': {'message': 'Access denied, please make sure your account is i
    ⚠ locomo_conv-26_qa106 失败: Error code: 400 - {'error': {'message': 'Access denied, please make sure your account is i
  → exact 0/0 (参考 0) Δ=+0 ↑0 ↓0 | {} | 7.5s

===== round r205_no_v8: graphs=['s2', 'v10concept'] retrieval={'per_node': 30} preset=official_precise
    ⚠ locomo_conv-26_qa103 失败: Error code: 400 - {'error': {'message': 'Access denied, please make sure your account is i
    ⚠ locomo_conv-26_qa10 失败: Error code: 400 - {'error': {'message': 'Access denied, please make sure your account is i
    ⚠ locomo_conv-26_qa0 失败: Error code: 400 - {'error': {'message': 'Access denied, please make sure your account is i
    ⚠ locomo_conv-26_qa102 失败: Error code: 400 - {'error': {'message': 'Access denied, please make sure your account is i
    ⚠ locomo_conv-26_qa117 失败: Error code: 400 - {'error': {'message': 'Access denied, please make sure your account is i
    ⚠ locomo_conv-26_qa118 失败: Error code: 400 - {'error': {'message': 'Access denied, please make sure your account is i
    ⚠ locomo_conv-26_qa12 失败: Error code: 400 - {'error': {'message': 'Access denied, please make sure your account is i
    ⚠ locomo_conv-26_qa122 失败: Error code: 400 - {'error': {'message': 'Access denied, please make sure your account is i
    ⚠ locomo_conv-26_qa120 失败: Error code: 400 - {'error': {'message': 'Access denied, please make sure your account is i
    ⚠ locomo_conv-26_qa121 失败: Error code: 400 - {'error': {'message': 'Access denied, please make sure your account is i
    ⚠ locomo_conv-26_qa126 失败: Error code: 400 - {'error': {'message': 'Access denied, please make sure your account is i
    ⚠ locomo_conv-26_qa127 失败: Error code: 400 - {'error': {'message': 'Access denied, please make sure your account is i
    ⚠ locomo_conv-26_qa128 失败: Error code: 400 - {'error': {'message': 'Access denied, please make sure your account is i
    ⚠ locomo_conv-26_qa130 失败: Error code: 400 - {'error': {'message': 'Access denied, please make sure your account is i
    ⚠ locomo_conv-26_qa133 失败: Error code: 400 - {'error': {'message': 'Access denied, please make sure your account is i
    ⚠ locomo_conv-26_qa134 失败: Error code: 400 - {'error': {'message': 'Access denied, please make sure your account is i
    ⚠ locomo_conv-26_qa135 失败: Error code: 400 - {'error': {'message': 'Access denied, please make sure your account is i
    ⚠ locomo_conv-26_qa140 失败: Error code: 400 - {'error': {'message': 'Access denied, please make sure your account is i
    ⚠ locomo_conv-26_qa137 失败: Error code: 400 - {'error': {'message': 'Access denied, please make sure your account is i
    ⚠ locomo_conv-26_qa138 失败: Error code: 400 - {'error': {'message': 'Access denied, please make sure your account is i
    ⚠ locomo_conv-26_qa142 失败: Error code: 400 - {'error': {'message': 'Access denied, please make sure your account is i
    ⚠ locomo_conv-26_qa143 失败: Error code: 400 - {'error': {'message': 'Access denied, please make sure your account is i
    ⚠ locomo_conv-26_qa145 失败: Error code: 400 - {'error': {'message': 'Access denied, please make sure your account is i
    ⚠ locomo_conv-26_qa144 失败: Error code: 400 - {'error': {'message': 'Access denied, please make sure your account is i
    ⚠ locomo_conv-26_qa147 失败: Error code: 400 - {'error': {'message': 'Access denied, please make sure your account is i
    ⚠ locomo_conv-26_qa148 失败: Error code: 400 - {'error': {'message': 'Access denied, please make sure your account is i
    ⚠ locomo_conv-26_qa15 失败: Error code: 400 - {'error': {'message': 'Access denied, please make sure your account is i
    ⚠ locomo_conv-26_qa150 失败: Error code: 400 - {'error': {'message': 'Access denied, please make sure your account is i
    ⚠ locomo_conv-26_qa19 失败: Error code: 400 - {'error': {'message': 'Access denied, please make sure your account is i
    ⚠ locomo_conv-26_qa18 失败: Error code: 400 - {'error': {'message': 'Access denied, please make sure your account is i
    ⚠ locomo_conv-26_qa2 失败: Error code: 400 - {'error': {'message': 'Access denied, please make sure your account is i
    ⚠ locomo_conv-26_qa21 失败: Error code: 400 - {'error': {'message': 'Access denied, please make sure your account is i
    ⚠ locomo_conv-26_qa23 失败: Error code: 400 - {'error': {'message': 'Access denied, please make sure your account is i
    ⚠ locomo_conv-26_qa26 失败: Error code: 400 - {'error': {'message': 'Access denied, please make sure your account is i
    ⚠ locomo_conv-26_qa27 失败: Error code: 400 - {'error': {'message': 'Access denied, please make sure your account is i
    ⚠ locomo_conv-26_qa30 失败: Error code: 400 - {'error': {'message': 'Access denied, please make sure your account is i
    ⚠ locomo_conv-26_qa29 失败: Error code: 400 - {'error': {'message': 'Access denied, please make sure your account is i
    ⚠ locomo_conv-26_qa31 失败: Error code: 400 - {'error': {'message': 'Access denied, please make sure your account is i
    ⚠ locomo_conv-26_qa32 失败: Error code: 400 - {'error': {'message': 'Access denied, please make sure your account is i
    ⚠ locomo_conv-26_qa33 失败: Error code: 400 - {'error': {'message': 'Access denied, please make sure your account is i
    ⚠ locomo_conv-26_qa36 失败: Error code: 400 - {'error': {'message': 'Access denied, please make sure your account is i
    ⚠ locomo_conv-26_qa37 失败: Error code: 400 - {'error': {'message': 'Access denied, please make sure your account is i
    ⚠ locomo_conv-26_qa38 失败: Error code: 400 - {'error': {'message': 'Access denied, please make sure your account is i
    ⚠ locomo_conv-26_qa39 失败: Error code: 400 - {'error': {'message': 'Access denied, please make sure your account is i
    ⚠ locomo_conv-26_qa35 失败: Error code: 400 - {'error': {'message': 'Access denied, please make sure your account is i
    ⚠ locomo_conv-26_qa43 失败: Error code: 400 - {'error': {'message': 'Access denied, please make sure your account is i
    ⚠ locomo_conv-26_qa5 失败: Error code: 400 - {'error': {'message': 'Access denied, please make sure your account is i
    ⚠ locomo_conv-26_qa40 失败: Error code: 400 - {'error': {'message': 'Access denied, please make sure your account is i
    ⚠ locomo_conv-26_qa48 失败: Error code: 400 - {'error': {'message': 'Access denied, please make sure your account is i
    ⚠ locomo_conv-26_qa50 失败: Error code: 400 - {'error': {'message': 'Access denied, please make sure your account is i
    ⚠ locomo_conv-26_qa57 失败: Error code: 400 - {'error': {'message': 'Access denied, please make sure your account is i
    ⚠ locomo_conv-26_qa54 失败: Error code: 400 - {'error': {'message': 'Access denied, please make sure your account is i
    ⚠ locomo_conv-26_qa59 失败: Error code: 400 - {'error': {'message': 'Access denied, please make sure your account is i
    ⚠ locomo_conv-26_qa6 失败: Error code: 400 - {'error': {'message': 'Access denied, please make sure your account is i
    ⚠ locomo_conv-26_qa65 失败: Error code: 400 - {'error': {'message': 'Access denied, please make sure your account is i
    ⚠ locomo_conv-26_qa62 失败: Error code: 400 - {'error': {'message': 'Access denied, please make sure your account is i
    ⚠ locomo_conv-26_qa67 失败: Error code: 400 - {'error': {'message': 'Access denied, please make sure your account is i
    ⚠ locomo_conv-26_qa66 失败: Error code: 400 - {'error': {'message': 'Access denied, please make sure your account is i
    ⚠ locomo_conv-26_qa70 失败: Error code: 400 - {'error': {'message': 'Access denied, please make sure your account is i
    ⚠ locomo_conv-26_qa69 失败: Error code: 400 - {'error': {'message': 'Access denied, please make sure your account is i
    ⚠ locomo_conv-26_qa7 失败: Error code: 400 - {'error': {'message': 'Access denied, please make sure your account is i
    ⚠ locomo_conv-26_qa71 失败: Error code: 400 - {'error': {'message': 'Access denied, please make sure your account is i
    ⚠ locomo_conv-26_qa75 失败: Error code: 400 - {'error': {'message': 'Access denied, please make sure your account is i
    ⚠ locomo_conv-26_qa80 失败: Error code: 400 - {'error': {'message': 'Access denied, please make sure your account is i
    ⚠ locomo_conv-26_qa76 失败: Error code: 400 - {'error': {'message': 'Access denied, please make sure your account is i
    ⚠ locomo_conv-26_qa78 失败: Error code: 400 - {'error': {'message': 'Access denied, please make sure your account is i
    ⚠ locomo_conv-26_qa82 失败: Error code: 400 - {'error': {'message': 'Access denied, please make sure your account is i
    ⚠ locomo_conv-26_qa85 失败: Error code: 400 - {'error': {'message': 'Access denied, please make sure your account is i
    ⚠ locomo_conv-26_qa86 失败: Error code: 400 - {'error': {'message': 'Access denied, please make sure your account is i
    ⚠ locomo_conv-26_qa87 失败: Error code: 400 - {'error': {'message': 'Access denied, please make sure your account is i
    ⚠ locomo_conv-26_qa88 失败: Error code: 400 - {'error': {'message': 'Access denied, please make sure your account is i
    ⚠ locomo_conv-26_qa9 失败: Error code: 400 - {'error': {'message': 'Access denied, please make sure your account is i
    ⚠ locomo_conv-26_qa89 失败: Error code: 400 - {'error': {'message': 'Access denied, please make sure your account is i
    ⚠ locomo_conv-26_qa91 失败: Error code: 400 - {'error': {'message': 'Access denied, please make sure your account is i
    ⚠ locomo_conv-26_qa92 失败: Error code: 400 - {'error': {'message': 'Access denied, please make sure your account is i
    ⚠ locomo_conv-26_qa93 失败: Error code: 400 - {'error': {'message': 'Access denied, please make sure your account is i
    ⚠ locomo_conv-26_qa94 失败: Error code: 400 - {'error': {'message': 'Access denied, please make sure your account is i
    ⚠ locomo_conv-26_qa96 失败: Error code: 400 - {'error': {'message': 'Access denied, please make sure your account is i
    ⚠ locomo_conv-26_qa98 失败: Error code: 400 - {'error': {'message': 'Access denied, please make sure your account is i
    ⚠ locomo_conv-26_qa99 失败: Error code: 400 - {'error': {'message': 'Access denied, please make sure your account is i
    ⚠ locomo_conv-30_qa10 失败: Error code: 400 - {'error': {'message': 'Access denied, please make sure your account is i
    ⚠ locomo_conv-30_qa13 失败: Error code: 400 - {'error': {'message': 'Access denied, please make sure your account is i
    ⚠ locomo_conv-30_qa11 失败: Error code: 400 - {'error': {'message': 'Access denied, please make sure your account is i
    ⚠ locomo_conv-30_qa17 失败: Error code: 400 - {'error': {'message': 'Access denied, please make sure your account is i
    ⚠ locomo_conv-30_qa19 失败: Error code: 400 - {'error': {'message': 'Access denied, please make sure your account is i
    ⚠ locomo_conv-30_qa2 失败: Error code: 400 - {'error': {'message': 'Access denied, please make sure your account is i
    ⚠ locomo_conv-30_qa21 失败: Error code: 400 - {'error': {'message': 'Access denied, please make sure your account is i
    ⚠ locomo_conv-30_qa20 失败: Error code: 400 - {'error': {'message': 'Access denied, please make sure your account is i
    ⚠ locomo_conv-30_qa23 失败: Error code: 400 - {'error': {'message': 'Access denied, please make sure your account is i
    ⚠ locomo_conv-30_qa24 失败: Error code: 400 - {'error': {'message': 'Access denied, please make sure your account is i
    ⚠ locomo_conv-30_qa25 失败: Error code: 400 - {'error': {'message': 'Access denied, please make sure your account is i
    ⚠ locomo_conv-30_qa26 失败: Error code: 400 - {'error': {'message': 'Access denied, please make sure your account is i
    ⚠ locomo_conv-30_qa29 失败: Error code: 400 - {'error': {'message': 'Access denied, please make sure your account is i
    ⚠ locomo_conv-30_qa28 失败: Error code: 400 - {'error': {'message': 'Access denied, please make sure your account is i
    ⚠ locomo_conv-30_qa3 失败: Error code: 400 - {'error': {'message': 'Access denied, please make sure your account is i
    ⚠ locomo_conv-30_qa31 失败: Error code: 400 - {'error': {'message': 'Access denied, please make sure your account is i
    ⚠ locomo_conv-30_qa32 失败: Error code: 400 - {'error': {'message': 'Access denied, please make sure your account is i
    ⚠ locomo_conv-30_qa33 失败: Error code: 400 - {'error': {'message': 'Access denied, please make sure your account is i
    ⚠ locomo_conv-30_qa36 失败: Error code: 400 - {'error': {'message': 'Access denied, please make sure your account is i
    ⚠ locomo_conv-30_qa34 失败: Error code: 400 - {'error': {'message': 'Access denied, please make sure your account is i
    ⚠ locomo_conv-30_qa37 失败: Error code: 400 - {'error': {'message': 'Access denied, please make sure your account is i
    ⚠ locomo_conv-30_qa4 失败: Error code: 400 - {'error': {'message': 'Access denied, please make sure your account is i
    ⚠ locomo_conv-30_qa40 失败: Error code: 400 - {'error': {'message': 'Access denied, please make sure your account is i
    ⚠ locomo_conv-30_qa43 失败: Error code: 400 - {'error': {'message': 'Access denied, please make sure your account is i
    ⚠ locomo_conv-30_qa44 失败: Error code: 400 - {'error': {'message': 'Access denied, please make sure your account is i
    ⚠ locomo_conv-30_qa45 失败: Error code: 400 - {'error': {'message': 'Access denied, please make sure your account is i
    ⚠ locomo_conv-30_qa48 失败: Error code: 400 - {'error': {'message': 'Access denied, please make sure your account is i
    ⚠ locomo_conv-30_qa49 失败: Error code: 400 - {'error': {'message': 'Access denied, please make sure your account is i
    ⚠ locomo_conv-30_qa5 失败: Error code: 400 - {'error': {'message': 'Access denied, please make sure your account is i
    ⚠ locomo_conv-30_qa50 失败: Error code: 400 - {'error': {'message': 'Access denied, please make sure your account is i
    ⚠ locomo_conv-30_qa52 失败: Error code: 400 - {'error': {'message': 'Access denied, please make sure your account is i
    ⚠ locomo_conv-30_qa51 失败: Error code: 400 - {'error': {'message': 'Access denied, please make sure your account is i
    ⚠ locomo_conv-30_qa53 失败: Error code: 400 - {'error': {'message': 'Access denied, please make sure your account is i
    ⚠ locomo_conv-30_qa55 失败: Error code: 400 - {'error': {'message': 'Access denied, please make sure your account is i
    ⚠ locomo_conv-30_qa56 失败: Error code: 400 - {'error': {'message': 'Access denied, please make sure your account is i
    ⚠ locomo_conv-30_qa57 失败: Error code: 400 - {'error': {'message': 'Access denied, please make sure your account is i
    ⚠ locomo_conv-30_qa59 失败: Error code: 400 - {'error': {'message': 'Access denied, please make sure your account is i
    ⚠ locomo_conv-30_qa6 失败: Error code: 400 - {'error': {'message': 'Access denied, please make sure your account is i
    ⚠ locomo_conv-30_qa58 失败: Error code: 400 - {'error': {'message': 'Access denied, please make sure your account is i
    ⚠ locomo_conv-30_qa63 失败: Error code: 400 - {'error': {'message': 'Access denied, please make sure your account is i
    ⚠ locomo_conv-30_qa62 失败: Error code: 400 - {'error': {'message': 'Access denied, please make sure your account is i
    ⚠ locomo_conv-30_qa64 失败: Error code: 400 - {'error': {'message': 'Access denied, please make sure your account is i
    ⚠ locomo_conv-30_qa69 失败: Error code: 400 - {'error': {'message': 'Access denied, please make sure your account is i
    ⚠ locomo_conv-30_qa73 失败: Error code: 400 - {'error': {'message': 'Access denied, please make sure your account is i
    ⚠ locomo_conv-30_qa71 失败: Error code: 400 - {'error': {'message': 'Access denied, please make sure your account is i
    ⚠ locomo_conv-30_qa75 失败: Error code: 400 - {'error': {'message': 'Access denied, please make sure your account is i
    ⚠ locomo_conv-30_qa74 失败: Error code: 400 - {'error': {'message': 'Access denied, please make sure your account is i
    ⚠ locomo_conv-30_qa76 失败: Error code: 400 - {'error': {'message': 'Access denied, please make sure your account is i
    ⚠ locomo_conv-30_qa8 失败: Error code: 400 - {'error': {'message': 'Access denied, please make sure your account is i
    ⚠ locomo_conv-30_qa78 失败: Error code: 400 - {'error': {'message': 'Access denied, please make sure your account is i
    ⚠ locomo_conv-30_qa77 失败: Error code: 400 - {'error': {'message': 'Access denied, please make sure your account is i
    ⚠ locomo_conv-30_qa9 失败: Error code: 400 - {'error': {'message': 'Access denied, please make sure your account is i
    ⚠ locomo_conv-41_qa0 失败: Error code: 400 - {'error': {'message': 'Access denied, please make sure your account is i
    ⚠ locomo_conv-41_qa1 失败: Error code: 400 - {'error': {'message': 'Access denied, please make sure your account is i
    ⚠ locomo_conv-41_qa10 失败: Error code: 400 - {'error': {'message': 'Access denied, please make sure your account is i
    ⚠ locomo_conv-41_qa109 失败: Error code: 400 - {'error': {'message': 'Access denied, please make sure your account is i
    ⚠ locomo_conv-41_qa106 失败: Error code: 400 - {'error': {'message': 'Access denied, please make sure your account is i
    ⚠ locomo_conv-41_qa110 失败: Error code: 400 - {'error': {'message': 'Access denied, please make sure your account is i
    ⚠ locomo_conv-41_qa12 失败: Error code: 400 - {'error': {'message': 'Access denied, please make sure your account is i
    ⚠ locomo_conv-41_qa118 失败: Error code: 400 - {'error': {'message': 'Access denied, please make sure your account is i
    ⚠ locomo_conv-41_qa117 失败: Error code: 400 - {'error': {'message': 'Access denied, please make sure your account is i
    ⚠ locomo_conv-41_qa123 失败: Error code: 400 - {'error': {'message': 'Access denied, please make sure your account is i
    ⚠ locomo_conv-41_qa125 失败: Error code: 400 - {'error': {'message': 'Access denied, please make sure your account is i
    ⚠ locomo_conv-41_qa124 失败: Error code: 400 - {'error': {'message': 'Access denied, please make sure your account is i
    ⚠ locomo_conv-41_qa127 失败: Error code: 400 - {'error': {'message': 'Access denied, please make sure your account is i
    ⚠ locomo_conv-41_qa129 失败: Error code: 400 - {'error': {'message': 'Access denied, please make sure your account is i
    ⚠ locomo_conv-41_qa13 失败: Error code: 400 - {'error': {'message': 'Access denied, please make sure your account is i
    ⚠ locomo_conv-41_qa131 失败: Error code: 400 - {'error': {'message': 'Access denied, please make sure your account is i
    ⚠ locomo_conv-41_qa132 失败: Error code: 400 - {'error': {'message': 'Access denied, please make sure your account is i
    ⚠ locomo_conv-41_qa133 失败: Error code: 400 - {'error': {'message': 'Access denied, please make sure your account is i
    评测 150/616 (2s)
    ⚠ locomo_conv-41_qa134 失败: Error code: 400 - {'error': {'message': 'Access denied, please make sure your account is i
    ⚠ locomo_conv-41_qa135 失败: Error code: 400 - {'error': {'message': 'Access denied, please make sure your account is i
    ⚠ locomo_conv-41_qa136 失败: Error code: 400 - {'error': {'message': 'Access denied, please make sure your account is i
    ⚠ locomo_conv-41_qa137 失败: Error code: 400 - {'error': {'message': 'Access denied, please make sure your account is i
    ⚠ locomo_conv-41_qa139 失败: Error code: 400 - {'error': {'message': 'Access denied, please make sure your account is i
    ⚠ locomo_conv-41_qa14 失败: Error code: 400 - {'error': {'message': 'Access denied, please make sure your account is i
    ⚠ locomo_conv-41_qa140 失败: Error code: 400 - {'error': {'message': 'Access denied, please make sure your account is i
    ⚠ locomo_conv-41_qa143 失败: Error code: 400 - {'error': {'message': 'Access denied, please make sure your account is i
    ⚠ locomo_conv-41_qa145 失败: Error code: 400 - {'error': {'message': 'Access denied, please make sure your account is i
    ⚠ locomo_conv-41_qa144 失败: Error code: 400 - {'error': {'message': 'Access denied, please make sure your account is i
    ⚠ locomo_conv-41_qa146 失败: Error code: 400 - {'error': {'message': 'Access denied, please make sure your account is i
    ⚠ locomo_conv-41_qa150 失败: Error code: 400 - {'error': {'message': 'Access denied, please make sure your account is i
    ⚠ locomo_conv-41_qa16 失败: Error code: 400 - {'error': {'message': 'Access denied, please make sure your account is i
    ⚠ locomo_conv-41_qa18 失败: Error code: 400 - {'error': {'message': 'Access denied, please make sure your account is i
    ⚠ locomo_conv-41_qa17 失败: Error code: 400 - {'error': {'message': 'Access denied, please make sure your account is i
    ⚠ locomo_conv-41_qa148 失败: Error code: 400 - {'error': {'message': 'Access denied, please make sure your account is i
    ⚠ locomo_conv-41_qa25 失败: Error code: 400 - {'error': {'message': 'Access denied, please make sure your account is i
    ⚠ locomo_conv-41_qa23 失败: Error code: 400 - {'error': {'message': 'Access denied, please make sure your account is i
    ⚠ locomo_conv-41_qa26 失败: Error code: 400 - {'error': {'message': 'Access denied, please make sure your account is i
    ⚠ locomo_conv-41_qa27 失败: Error code: 400 - {'error': {'message': 'Access denied, please make sure your account is i
    ⚠ locomo_conv-41_qa28 失败: Error code: 400 - {'error': {'message': 'Access denied, please make sure your account is i
    ⚠ locomo_conv-41_qa31 失败: Error code: 400 - {'error': {'message': 'Access denied, please make sure your account is i
    ⚠ locomo_conv-41_qa33 失败: Error code: 400 - {'error': {'message': 'Access denied, please make sure your account is i
    ⚠ locomo_conv-41_qa34 失败: Error code: 400 - {'error': {'message': 'Access denied, please make sure your account is i
    ⚠ locomo_conv-41_qa36 失败: Error code: 400 - {'error': {'message': 'Access denied, please make sure your account is i
    ⚠ locomo_conv-41_qa38 失败: Error code: 400 - {'error': {'message': 'Access denied, please make sure your account is i
    ⚠ locomo_conv-41_qa37 失败: Error code: 400 - {'error': {'message': 'Access denied, please make sure your account is i
    ⚠ locomo_conv-41_qa4 失败: Error code: 400 - {'error': {'message': 'Access denied, please make sure your account is i
    ⚠ locomo_conv-41_qa42 失败: Error code: 400 - {'error': {'message': 'Access denied, please make sure your account is i
    ⚠ locomo_conv-41_qa41 失败: Error code: 400 - {'error': {'message': 'Access denied, please make sure your account is i
    ⚠ locomo_conv-41_qa43 失败: Error code: 400 - {'error': {'message': 'Access denied, please make sure your account is i
    ⚠ locomo_conv-41_qa44 失败: Error code: 400 - {'error': {'message': 'Access denied, please make sure your account is i
    ⚠ locomo_conv-41_qa46 失败: Error code: 400 - {'error': {'message': 'Access denied, please make sure your account is i
    ⚠ locomo_conv-41_qa45 失败: Error code: 400 - {'error': {'message': 'Access denied, please make sure your account is i
    ⚠ locomo_conv-41_qa47 失败: Error code: 400 - {'error': {'message': 'Access denied, please make sure your account is i
    ⚠ locomo_conv-41_qa49 失败: Error code: 400 - {'error': {'message': 'Access denied, please make sure your account is i
    ⚠ locomo_conv-41_qa48 失败: Error code: 400 - {'error': {'message': 'Access denied, please make sure your account is i
    ⚠ locomo_conv-41_qa50 失败: Error code: 400 - {'error': {'message': 'Access denied, please make sure your account is i
    ⚠ locomo_conv-41_qa51 失败: Error code: 400 - {'error': {'message': 'Access denied, please make sure your account is i
    ⚠ locomo_conv-41_qa54 失败: Error code: 400 - {'error': {'message': 'Access denied, please make sure your account is i
    ⚠ locomo_conv-41_qa55 失败: Error code: 400 - {'error': {'message': 'Access denied, please make sure your account is i
    ⚠ locomo_conv-41_qa56 失败: Error code: 400 - {'error': {'message': 'Access denied, please make sure your account is i
    ⚠ locomo_conv-41_qa57 失败: Error code: 400 - {'error': {'message': 'Access denied, please make sure your account is i
    ⚠ locomo_conv-41_qa61 失败: Error code: 400 - {'error': {'message': 'Access denied, please make sure your account is i
    ⚠ locomo_conv-41_qa58 失败: Error code: 400 - {'error': {'message': 'Access denied, please make sure your account is i
    ⚠ locomo_conv-41_qa62 失败: Error code: 400 - {'error': {'message': 'Access denied, please make sure your account is i
    ⚠ locomo_conv-41_qa63 失败: Error code: 400 - {'error': {'message': 'Access denied, please make sure your account is i
    ⚠ locomo_conv-41_qa64 失败: Error code: 400 - {'error': {'message': 'Access denied, please make sure your account is i
    ⚠ locomo_conv-41_qa67 失败: Error code: 400 - {'error': {'message': 'Access denied, please make sure your account is i
    ⚠ locomo_conv-41_qa68 失败: Error code: 400 - {'error': {'message': 'Access denied, please make sure your account is i
    ⚠ locomo_conv-41_qa69 失败: Error code: 400 - {'error': {'message': 'Access denied, please make sure your account is i
    ⚠ locomo_conv-41_qa70 失败: Error code: 400 - {'error': {'message': 'Access denied, please make sure your account is i
    ⚠ locomo_conv-41_qa77 失败: Error code: 400 - {'error': {'message': 'Access denied, please make sure your account is i
    ⚠ locomo_conv-41_qa8 失败: Error code: 400 - {'error': {'message': 'Access denied, please make sure your account is i
    ⚠ locomo_conv-41_qa74 失败: Error code: 400 - {'error': {'message': 'Access denied, please make sure your account is i
    ⚠ locomo_conv-41_qa80 失败: Error code: 400 - {'error': {'message': 'Access denied, please make sure your account is i
    ⚠ locomo_conv-41_qa82 失败: Error code: 400 - {'error': {'message': 'Access denied, please make sure your account is i
    ⚠ locomo_conv-41_qa89 失败: Error code: 400 - {'error': {'message': 'Access denied, please make sure your account is i
    ⚠ locomo_conv-41_qa85 失败: Error code: 400 - {'error': {'message': 'Access denied, please make sure your account is i
    ⚠ locomo_conv-41_qa91 失败: Error code: 400 - {'error': {'message': 'Access denied, please make sure your account is i
    ⚠ locomo_conv-41_qa98 失败: Error code: 400 - {'error': {'message': 'Access denied, please make sure your account is i
    ⚠ locomo_conv-41_qa95 失败: Error code: 400 - {'error': {'message': 'Access denied, please make sure your account is i
    ⚠ locomo_conv-42_qa0 失败: Error code: 400 - {'error': {'message': 'Access denied, please make sure your account is i
    ⚠ locomo_conv-41_qa99 失败: Error code: 400 - {'error': {'message': 'Access denied, please make sure your account is i
    ⚠ locomo_conv-42_qa100 失败: Error code: 400 - {'error': {'message': 'Access denied, please make sure your account is i
    ⚠ locomo_conv-42_qa101 失败: Error code: 400 - {'error': {'message': 'Access denied, please make sure your account is i
    ⚠ locomo_conv-42_qa102 失败: Error code: 400 - {'error': {'message': 'Access denied, please make sure your account is i
    ⚠ locomo_conv-42_qa104 失败: Error code: 400 - {'error': {'message': 'Access denied, please make sure your account is i
    ⚠ locomo_conv-42_qa106 失败: Error code: 400 - {'error': {'message': 'Access denied, please make sure your account is i
    ⚠ locomo_conv-42_qa109 失败: Error code: 400 - {'error': {'message': 'Access denied, please make sure your account is i
    ⚠ locomo_conv-42_qa113 失败: Error code: 400 - {'error': {'message': 'Access denied, please make sure your account is i
    ⚠ locomo_conv-42_qa115 失败: Error code: 400 - {'error': {'message': 'Access denied, please make sure your account is i
    ⚠ locomo_conv-42_qa110 失败: Error code: 400 - {'error': {'message': 'Access denied, please make sure your account is i
    ⚠ locomo_conv-42_qa116 失败: Error code: 400 - {'error': {'message': 'Access denied, please make sure your account is i
    ⚠ locomo_conv-42_qa118 失败: Error code: 400 - {'error': {'message': 'Access denied, please make sure your account is i
    ⚠ locomo_conv-42_qa119 失败: Error code: 400 - {'error': {'message': 'Access denied, please make sure your account is i
    ⚠ locomo_conv-42_qa120 失败: Error code: 400 - {'error': {'message': 'Access denied, please make sure your account is i
    ⚠ locomo_conv-42_qa12 失败: Error code: 400 - {'error': {'message': 'Access denied, please make sure your account is i
    ⚠ locomo_conv-42_qa122 失败: Error code: 400 - {'error': {'message': 'Access denied, please make sure your account is i
    ⚠ locomo_conv-42_qa123 失败: Error code: 400 - {'error': {'message': 'Access denied, please make sure your account is i
    ⚠ locomo_conv-42_qa126 失败: Error code: 400 - {'error': {'message': 'Access denied, please make sure your account is i
    ⚠ locomo_conv-42_qa13 失败: Error code: 400 - {'error': {'message': 'Access denied, please make sure your account is i
    ⚠ locomo_conv-42_qa138 失败: Error code: 400 - {'error': {'message': 'Access denied, please make sure your account is i
    ⚠ locomo_conv-42_qa14 失败: Error code: 400 - {'error': {'message': 'Access denied, please make sure your account is i
    ⚠ locomo_conv-42_qa141 失败: Error code: 400 - {'error': {'message': 'Access denied, please make sure your account is i
    ⚠ locomo_conv-42_qa144 失败: Error code: 400 - {'error': {'message': 'Access denied, please make sure your account is i
    ⚠ locomo_conv-42_qa140 失败: Error code: 400 - {'error': {'message': 'Access denied, please make sure your account is i
    ⚠ locomo_conv-42_qa146 失败: Error code: 400 - {'error': {'message': 'Access denied, please make sure your account is i
    ⚠ locomo_conv-42_qa15 失败: Error code: 400 - {'error': {'message': 'Access denied, please make sure your account is i
    ⚠ locomo_conv-42_qa148 失败: Error code: 400 - {'error': {'message': 'Access denied, please make sure your account is i
    ⚠ locomo_conv-42_qa150 失败: Error code: 400 - {'error': {'message': 'Access denied, please make sure your account is i
    ⚠ locomo_conv-42_qa152 失败: Error code: 400 - {'error': {'message': 'Access denied, please make sure your account is i
    ⚠ locomo_conv-42_qa151 失败: Error code: 400 - {'error': {'message': 'Access denied, please make sure your account is i
    ⚠ locomo_conv-42_qa154 失败: Error code: 400 - {'error': {'message': 'Access denied, please make sure your account is i
    ⚠ locomo_conv-42_qa156 失败: Error code: 400 - {'error': {'message': 'Access denied, please make sure your account is i
    ⚠ locomo_conv-42_qa155 失败: Error code: 400 - {'error': {'message': 'Access denied, please make sure your account is i
    ⚠ locomo_conv-42_qa158 失败: Error code: 400 - {'error': {'message': 'Access denied, please make sure your account is i
    ⚠ locomo_conv-42_qa165 失败: Error code: 400 - {'error': {'message': 'Access denied, please make sure your account is i
    ⚠ locomo_conv-42_qa16 失败: Error code: 400 - {'error': {'message': 'Access denied, please make sure your account is i
    ⚠ locomo_conv-42_qa163 失败: Error code: 400 - {'error': {'message': 'Access denied, please make sure your account is i
    ⚠ locomo_conv-42_qa167 失败: Error code: 400 - {'error': {'message': 'Access denied, please make sure your account is i
    ⚠ locomo_conv-42_qa169 失败: Error code: 400 - {'error': {'message': 'Access denied, please make sure your account is i
    ⚠ locomo_conv-42_qa174 失败: Error code: 400 - {'error': {'message': 'Access denied, please make sure your account is i
    ⚠ locomo_conv-42_qa170 失败: Error code: 400 - {'error': {'message': 'Access denied, please make sure your account is i
    ⚠ locomo_conv-42_qa173 失败: Error code: 400 - {'error': {'message': 'Access denied, please make sure your account is i
    ⚠ locomo_conv-42_qa176 失败: Error code: 400 - {'error': {'message': 'Access denied, please make sure your account is i
    ⚠ locomo_conv-42_qa179 失败: Error code: 400 - {'error': {'message': 'Access denied, please make sure your account is i
    ⚠ locomo_conv-42_qa177 失败: Error code: 400 - {'error': {'message': 'Access denied, please make sure your account is i
    ⚠ locomo_conv-42_qa18 失败: Error code: 400 - {'error': {'message': 'Access denied, please make sure your account is i
    ⚠ locomo_conv-42_qa180 失败: Error code: 400 - {'error': {'message': 'Access denied, please make sure your account is i
    ⚠ locomo_conv-42_qa181 失败: Error code: 400 - {'error': {'message': 'Access denied, please make sure your account is i
    ⚠ locomo_conv-42_qa186 失败: Error code: 400 - {'error': {'message': 'Access denied, please make sure your account is i
    ⚠ locomo_conv-42_qa187 失败: Error code: 400 - {'error': {'message': 'Access denied, please make sure your account is i
    ⚠ locomo_conv-42_qa185 失败: Error code: 400 - {'error': {'message': 'Access denied, please make sure your account is i
    ⚠ locomo_conv-42_qa191 失败: Error code: 400 - {'error': {'message': 'Access denied, please make sure your account is i
    ⚠ locomo_conv-42_qa190 失败: Error code: 400 - {'error': {'message': 'Access denied, please make sure your account is i
    ⚠ locomo_conv-42_qa188 失败: Error code: 400 - {'error': {'message': 'Access denied, please make sure your account is i
    ⚠ locomo_conv-42_qa192 失败: Error code: 400 - {'error': {'message': 'Access denied, please make sure your account is i
    ⚠ locomo_conv-42_qa193 失败: Error code: 400 - {'error': {'message': 'Access denied, please make sure your account is i
    ⚠ locomo_conv-42_qa196 失败: Error code: 400 - {'error': {'message': 'Access denied, please make sure your account is i
    ⚠ locomo_conv-42_qa195 失败: Error code: 400 - {'error': {'message': 'Access denied, please make sure your account is i
    ⚠ locomo_conv-42_qa2 失败: Error code: 400 - {'error': {'message': 'Access denied, please make sure your account is i
    ⚠ locomo_conv-42_qa20 失败: Error code: 400 - {'error': {'message': 'Access denied, please make sure your account is i
    ⚠ locomo_conv-42_qa21 失败: Error code: 400 - {'error': {'message': 'Access denied, please make sure your account is i
    ⚠ locomo_conv-42_qa22 失败: Error code: 400 - {'error': {'message': 'Access denied, please make sure your account is i
    ⚠ locomo_conv-42_qa23 失败: Error code: 400 - {'error': {'message': 'Access denied, please make sure your account is i
    ⚠ locomo_conv-42_qa25 失败: Error code: 400 - {'error': {'message': 'Access denied, please make sure your account is i
    ⚠ locomo_conv-42_qa24 失败: Error code: 400 - {'error': {'message': 'Access denied, please make sure your account is i
    ⚠ locomo_conv-42_qa26 失败: Error code: 400 - {'error': {'message': 'Access denied, please make sure your account is i
    ⚠ locomo_conv-42_qa29 失败: Error code: 400 - {'error': {'message': 'Access denied, please make sure your account is i
    ⚠ locomo_conv-42_qa3 失败: Error code: 400 - {'error': {'message': 'Access denied, please make sure your account is i
    ⚠ locomo_conv-42_qa32 失败: Error code: 400 - {'error': {'message': 'Access denied, please make sure your account is i
    ⚠ locomo_conv-42_qa30 失败: Error code: 400 - {'error': {'message': 'Access denied, please make sure your account is i
    ⚠ locomo_conv-42_qa33 失败: Error code: 400 - {'error': {'message': 'Access denied, please make sure your account is i
    ⚠ locomo_conv-42_qa34 失败: Error code: 400 - {'error': {'message': 'Access denied, please make sure your account is i
    ⚠ locomo_conv-42_qa35 失败: Error code: 400 - {'error': {'message': 'Access denied, please make sure your account is i
    ⚠ locomo_conv-42_qa36 失败: Error code: 400 - {'error': {'message': 'Access denied, please make sure your account is i
    ⚠ locomo_conv-42_qa37 失败: Error code: 400 - {'error': {'message': 'Access denied, please make sure your account is i
    ⚠ locomo_conv-42_qa38 失败: Error code: 400 - {'error': {'message': 'Access denied, please make sure your account is i
    ⚠ locomo_conv-42_qa4 失败: Error code: 400 - {'error': {'message': 'Access denied, please make sure your account is i
    ⚠ locomo_conv-42_qa40 失败: Error code: 400 - {'error': {'message': 'Access denied, please make sure your account is i
    ⚠ locomo_conv-42_qa42 失败: Error code: 400 - {'error': {'message': 'Access denied, please make sure your account is i
    ⚠ locomo_conv-42_qa43 失败: Error code: 400 - {'error': {'message': 'Access denied, please make sure your account is i
    ⚠ locomo_conv-42_qa5 失败: Error code: 400 - {'error': {'message': 'Access denied, please make sure your account is i
    ⚠ locomo_conv-42_qa50 失败: Error code: 400 - {'error': {'message': 'Access denied, please make sure your account is i
    ⚠ locomo_conv-42_qa45 失败: Error code: 400 - {'error': {'message': 'Access denied, please make sure your account is i
    ⚠ locomo_conv-42_qa52 失败: Error code: 400 - {'error': {'message': 'Access denied, please make sure your account is i
    ⚠ locomo_conv-42_qa51 失败: Error code: 400 - {'error': {'message': 'Access denied, please make sure your account is i
    ⚠ locomo_conv-42_qa53 失败: Error code: 400 - {'error': {'message': 'Access denied, please make sure your account is i
    ⚠ locomo_conv-42_qa55 失败: Error code: 400 - {'error': {'message': 'Access denied, please make sure your account is i
    评测 300/616 (3s)
    ⚠ locomo_conv-42_qa54 失败: Error code: 400 - {'error': {'message': 'Access denied, please make sure your account is i
    ⚠ locomo_conv-42_qa58 失败: Error code: 400 - {'error': {'message': 'Access denied, please make sure your account is i
    ⚠ locomo_conv-42_qa59 失败: Error code: 400 - {'error': {'message': 'Access denied, please make sure your account is i
    ⚠ locomo_conv-42_qa60 失败: Error code: 400 - {'error': {'message': 'Access denied, please make sure your account is i
    ⚠ locomo_conv-42_qa61 失败: Error code: 400 - {'error': {'message': 'Access denied, please make sure your account is i
    ⚠ locomo_conv-42_qa63 失败: Error code: 400 - {'error': {'message': 'Access denied, please make sure your account is i
    ⚠ locomo_conv-42_qa65 失败: Error code: 400 - {'error': {'message': 'Access denied, please make sure your account is i
    ⚠ locomo_conv-42_qa66 失败: Error code: 400 - {'error': {'message': 'Access denied, please make sure your account is i
    ⚠ locomo_conv-42_qa67 失败: Error code: 400 - {'error': {'message': 'Access denied, please make sure your account is i
    ⚠ locomo_conv-42_qa68 失败: Error code: 400 - {'error': {'message': 'Access denied, please make sure your account is i
    ⚠ locomo_conv-42_qa7 失败: Error code: 400 - {'error': {'message': 'Access denied, please make sure your account is i
    ⚠ locomo_conv-42_qa70 失败: Error code: 400 - {'error': {'message': 'Access denied, please make sure your account is i
    ⚠ locomo_conv-42_qa73 失败: Error code: 400 - {'error': {'message': 'Access denied, please make sure your account is i
    ⚠ locomo_conv-42_qa74 失败: Error code: 400 - {'error': {'message': 'Access denied, please make sure your account is i
    ⚠ locomo_conv-42_qa71 失败: Error code: 400 - {'error': {'message': 'Access denied, please make sure your account is i
    ⚠ locomo_conv-42_qa77 失败: Error code: 400 - {'error': {'message': 'Access denied, please make sure your account is i
    ⚠ locomo_conv-42_qa79 失败: Error code: 400 - {'error': {'message': 'Access denied, please make sure your account is i
    ⚠ locomo_conv-42_qa78 失败: Error code: 400 - {'error': {'message': 'Access denied, please make sure your account is i
    ⚠ locomo_conv-42_qa8 失败: Error code: 400 - {'error': {'message': 'Access denied, please make sure your account is i
    ⚠ locomo_conv-42_qa81 失败: Error code: 400 - {'error': {'message': 'Access denied, please make sure your account is i
    ⚠ locomo_conv-42_qa83 失败: Error code: 400 - {'error': {'message': 'Access denied, please make sure your account is i
    ⚠ locomo_conv-42_qa84 失败: Error code: 400 - {'error': {'message': 'Access denied, please make sure your account is i
    ⚠ locomo_conv-42_qa90 失败: Error code: 400 - {'error': {'message': 'Access denied, please make sure your account is i
    ⚠ locomo_conv-42_qa85 失败: Error code: 400 - {'error': {'message': 'Access denied, please make sure your account is i
    ⚠ locomo_conv-42_qa91 失败: Error code: 400 - {'error': {'message': 'Access denied, please make sure your account is i
    ⚠ locomo_conv-42_qa92 失败: Error code: 400 - {'error': {'message': 'Access denied, please make sure your account is i
    ⚠ locomo_conv-42_qa94 失败: Error code: 400 - {'error': {'message': 'Access denied, please make sure your account is i
    ⚠ locomo_conv-42_qa95 失败: Error code: 400 - {'error': {'message': 'Access denied, please make sure your account is i
    ⚠ locomo_conv-42_qa97 失败: Error code: 400 - {'error': {'message': 'Access denied, please make sure your account is i
    ⚠ locomo_conv-42_qa99 失败: Error code: 400 - {'error': {'message': 'Access denied, please make sure your account is i
    ⚠ locomo_conv-43_qa0 失败: Error code: 400 - {'error': {'message': 'Access denied, please make sure your account is i
    ⚠ locomo_conv-43_qa1 失败: Error code: 400 - {'error': {'message': 'Access denied, please make sure your account is i
    ⚠ locomo_conv-43_qa100 失败: Error code: 400 - {'error': {'message': 'Access denied, please make sure your account is i
    ⚠ locomo_conv-43_qa10 失败: Error code: 400 - {'error': {'message': 'Access denied, please make sure your account is i
    ⚠ locomo_conv-43_qa101 失败: Error code: 400 - {'error': {'message': 'Access denied, please make sure your account is i
    ⚠ locomo_conv-43_qa106 失败: Error code: 400 - {'error': {'message': 'Access denied, please make sure your account is i
    ⚠ locomo_conv-43_qa102 失败: Error code: 400 - {'error': {'message': 'Access denied, please make sure your account is i
    ⚠ locomo_conv-43_qa108 失败: Error code: 400 - {'error': {'message': 'Access denied, please make sure your account is i
    ⚠ locomo_conv-43_qa112 失败: Error code: 400 - {'error': {'message': 'Access denied, please make sure your account is i
    ⚠ locomo_conv-43_qa111 失败: Error code: 400 - {'error': {'message': 'Access denied, please make sure your account is i
    ⚠ locomo_conv-43_qa113 失败: Error code: 400 - {'error': {'message': 'Access denied, please make sure your account is i
    ⚠ locomo_conv-43_qa117 失败: Error code: 400 - {'error': {'message': 'Access denied, please make sure your account is i
    ⚠ locomo_conv-43_qa116 失败: Error code: 400 - {'error': {'message': 'Access denied, please make sure your account is i
    ⚠ locomo_conv-43_qa120 失败: Error code: 400 - {'error': {'message': 'Access denied, please make sure your account is i
    ⚠ locomo_conv-43_qa121 失败: Error code: 400 - {'error': {'message': 'Access denied, please make sure your account is i
    ⚠ locomo_conv-43_qa126 失败: Error code: 400 - {'error': {'message': 'Access denied, please make sure your account is i
    ⚠ locomo_conv-43_qa123 失败: Error code: 400 - {'error': {'message': 'Access denied, please make sure your account is i
    ⚠ locomo_conv-43_qa127 失败: Error code: 400 - {'error': {'message': 'Access denied, please make sure your account is i
    ⚠ locomo_conv-43_qa130 失败: Error code: 400 - {'error': {'message': 'Access denied, please make sure your account is i
    ⚠ locomo_conv-43_qa128 失败: Error code: 400 - {'error': {'message': 'Access denied, please make sure your account is i
    ⚠ locomo_conv-43_qa131 失败: Error code: 400 - {'error': {'message': 'Access denied, please make sure your account is i
    ⚠ locomo_conv-43_qa132 失败: Error code: 400 - {'error': {'message': 'Access denied, please make sure your account is i
    ⚠ locomo_conv-43_qa133 失败: Error code: 400 - {'error': {'message': 'Access denied, please make sure your account is i
    ⚠ locomo_conv-43_qa134 失败: Error code: 400 - {'error': {'message': 'Access denied, please make sure your account is i
    ⚠ locomo_conv-43_qa138 失败: Error code: 400 - {'error': {'message': 'Access denied, please make sure your account is i
    ⚠ locomo_conv-43_qa136 失败: Error code: 400 - {'error': {'message': 'Access denied, please make sure your account is i
    ⚠ locomo_conv-43_qa139 失败: Error code: 400 - {'error': {'message': 'Access denied, please make sure your account is i
    ⚠ locomo_conv-43_qa14 失败: Error code: 400 - {'error': {'message': 'Access denied, please make sure your account is i
    ⚠ locomo_conv-43_qa140 失败: Error code: 400 - {'error': {'message': 'Access denied, please make sure your account is i
    ⚠ locomo_conv-43_qa141 失败: Error code: 400 - {'error': {'message': 'Access denied, please make sure your account is i
    ⚠ locomo_conv-43_qa144 失败: Error code: 400 - {'error': {'message': 'Access denied, please make sure your account is i
    ⚠ locomo_conv-43_qa148 失败: Error code: 400 - {'error': {'message': 'Access denied, please make sure your account is i
    ⚠ locomo_conv-43_qa15 失败: Error code: 400 - {'error': {'message': 'Access denied, please make sure your account is i
    ⚠ locomo_conv-43_qa151 失败: Error code: 400 - {'error': {'message': 'Access denied, please make sure your account is i
    ⚠ locomo_conv-43_qa152 失败: Error code: 400 - {'error': {'message': 'Access denied, please make sure your account is i
    ⚠ locomo_conv-43_qa156 失败: Error code: 400 - {'error': {'message': 'Access denied, please make sure your account is i
    ⚠ locomo_conv-30_qa7 失败: Error code: 400 - {'error': {'message': 'Access denied, please make sure your account is i
    ⚠ locomo_conv-43_qa154 失败: Error code: 400 - {'error': {'message': 'Access denied, please make sure your account is i
    ⚠ locomo_conv-43_qa157 失败: Error code: 400 - {'error': {'message': 'Access denied, please make sure your account is i
    ⚠ locomo_conv-43_qa16 失败: Error code: 400 - {'error': {'message': 'Access denied, please make sure your account is i
    ⚠ locomo_conv-43_qa158 失败: Error code: 400 - {'error': {'message': 'Access denied, please make sure your account is i
    ⚠ locomo_conv-43_qa164 失败: Error code: 400 - {'error': {'message': 'Access denied, please make sure your account is i
    ⚠ locomo_conv-43_qa165 失败: Error code: 400 - {'error': {'message': 'Access denied, please make sure your account is i
    ⚠ locomo_conv-43_qa167 失败: Error code: 400 - {'error': {'message': 'Access denied, please make sure your account is i
    ⚠ locomo_conv-43_qa168 失败: Error code: 400 - {'error': {'message': 'Access denied, please make sure your account is i
    ⚠ locomo_conv-43_qa166 失败: Error code: 400 - {'error': {'message': 'Access denied, please make sure your account is i
    ⚠ locomo_conv-43_qa169 失败: Error code: 400 - {'error': {'message': 'Access denied, please make sure your account is i
    ⚠ locomo_conv-43_qa17 失败: Error code: 400 - {'error': {'message': 'Access denied, please make sure your account is i
    ⚠ locomo_conv-43_qa171 失败: Error code: 400 - {'error': {'message': 'Access denied, please make sure your account is i
    ⚠ locomo_conv-43_qa174 失败: Error code: 400 - {'error': {'message': 'Access denied, please make sure your account is i
    ⚠ locomo_conv-43_qa175 失败: Error code: 400 - {'error': {'message': 'Access denied, please make sure your account is i
    ⚠ locomo_conv-43_qa19 失败: Error code: 400 - {'error': {'message': 'Access denied, please make sure your account is i
    ⚠ locomo_conv-43_qa176 失败: Error code: 400 - {'error': {'message': 'Access denied, please make sure your account is i
    ⚠ locomo_conv-43_qa18 失败: Error code: 400 - {'error': {'message': 'Access denied, please make sure your account is i
    ⚠ locomo_conv-43_qa2 失败: Error code: 400 - {'error': {'message': 'Access denied, please make sure your account is i
    ⚠ locomo_conv-43_qa25 失败: Error code: 400 - {'error': {'message': 'Access denied, please make sure your account is i
    ⚠ locomo_conv-43_qa23 失败: Error code: 400 - {'error': {'message': 'Access denied, please make sure your account is i
    ⚠ locomo_conv-43_qa26 失败: Error code: 400 - {'error': {'message': 'Access denied, please make sure your account is i
    ⚠ locomo_conv-43_qa27 失败: Error code: 400 - {'error': {'message': 'Access denied, please make sure your account is i
    ⚠ locomo_conv-43_qa28 失败: Error code: 400 - {'error': {'message': 'Access denied, please make sure your account is i
    ⚠ locomo_conv-43_qa3 失败: Error code: 400 - {'error': {'message': 'Access denied, please make sure your account is i
    ⚠ locomo_conv-43_qa30 失败: Error code: 400 - {'error': {'message': 'Access denied, please make sure your account is i
    ⚠ locomo_conv-43_qa31 失败: Error code: 400 - {'error': {'message': 'Access denied, please make sure your account is i
    ⚠ locomo_conv-43_qa34 失败: Error code: 400 - {'error': {'message': 'Access denied, please make sure your account is i
    ⚠ locomo_conv-43_qa32 失败: Error code: 400 - {'error': {'message': 'Access denied, please make sure your account is i
    ⚠ locomo_conv-43_qa37 失败: Error code: 400 - {'error': {'message': 'Access denied, please make sure your account is i
    ⚠ locomo_conv-43_qa35 失败: Error code: 400 - {'error': {'message': 'Access denied, please make sure your account is i
    ⚠ locomo_conv-43_qa38 失败: Error code: 400 - {'error': {'message': 'Access denied, please make sure your account is i
    ⚠ locomo_conv-43_qa4 失败: Error code: 400 - {'error': {'message': 'Access denied, please make sure your account is i
    ⚠ locomo_conv-43_qa39 失败: Error code: 400 - {'error': {'message': 'Access denied, please make sure your account is i
    ⚠ locomo_conv-43_qa40 失败: Error code: 400 - {'error': {'message': 'Access denied, please make sure your account is i
    ⚠ locomo_conv-43_qa41 失败: Error code: 400 - {'error': {'message': 'Access denied, please make sure your account is i
    ⚠ locomo_conv-43_qa44 失败: Error code: 400 - {'error': {'message': 'Access denied, please make sure your account is i
    ⚠ locomo_conv-43_qa42 失败: Error code: 400 - {'error': {'message': 'Access denied, please make sure your account is i
    ⚠ locomo_conv-43_qa43 失败: Error code: 400 - {'error': {'message': 'Access denied, please make sure your account is i
    ⚠ locomo_conv-43_qa47 失败: Error code: 400 - {'error': {'message': 'Access denied, please make sure your account is i
    ⚠ locomo_conv-43_qa45 失败: Error code: 400 - {'error': {'message': 'Access denied, please make sure your account is i
    ⚠ locomo_conv-43_qa48 失败: Error code: 400 - {'error': {'message': 'Access denied, please make sure your account is i
    ⚠ locomo_conv-43_qa49 失败: Error code: 400 - {'error': {'message': 'Access denied, please make sure your account is i
    ⚠ locomo_conv-43_qa51 失败: Error code: 400 - {'error': {'message': 'Access denied, please make sure your account is i
    ⚠ locomo_conv-43_qa5 失败: Error code: 400 - {'error': {'message': 'Access denied, please make sure your account is i
    ⚠ locomo_conv-43_qa50 失败: Error code: 400 - {'error': {'message': 'Access denied, please make sure your account is i
    ⚠ locomo_conv-43_qa52 失败: Error code: 400 - {'error': {'message': 'Access denied, please make sure your account is i
    ⚠ locomo_conv-43_qa53 失败: Error code: 400 - {'error': {'message': 'Access denied, please make sure your account is i
    ⚠ locomo_conv-43_qa54 失败: Error code: 400 - {'error': {'message': 'Access denied, please make sure your account is i
    ⚠ locomo_conv-43_qa55 失败: Error code: 400 - {'error': {'message': 'Access denied, please make sure your account is i
    ⚠ locomo_conv-43_qa57 失败: Error code: 400 - {'error': {'message': 'Access denied, please make sure your account is i
    ⚠ locomo_conv-43_qa56 失败: Error code: 400 - {'error': {'message': 'Access denied, please make sure your account is i
    ⚠ locomo_conv-43_qa58 失败: Error code: 400 - {'error': {'message': 'Access denied, please make sure your account is i
    ⚠ locomo_conv-43_qa6 失败: Error code: 400 - {'error': {'message': 'Access denied, please make sure your account is i
    ⚠ locomo_conv-43_qa60 失败: Error code: 400 - {'error': {'message': 'Access denied, please make sure your account is i
    ⚠ locomo_conv-43_qa63 失败: Error code: 400 - {'error': {'message': 'Access denied, please make sure your account is i
    ⚠ locomo_conv-43_qa61 失败: Error code: 400 - {'error': {'message': 'Access denied, please make sure your account is i
    ⚠ locomo_conv-43_qa65 失败: Error code: 400 - {'error': {'message': 'Access denied, please make sure your account is i
    ⚠ locomo_conv-43_qa66 失败: Error code: 400 - {'error': {'message': 'Access denied, please make sure your account is i
    ⚠ locomo_conv-43_qa7 失败: Error code: 400 - {'error': {'message': 'Access denied, please make sure your account is i
    ⚠ locomo_conv-43_qa67 失败: Error code: 400 - {'error': {'message': 'Access denied, please make sure your account is i
    ⚠ locomo_conv-43_qa75 失败: Error code: 400 - {'error': {'message': 'Access denied, please make sure your account is i
    ⚠ locomo_conv-43_qa74 失败: Error code: 400 - {'error': {'message': 'Access denied, please make sure your account is i
    ⚠ locomo_conv-43_qa70 失败: Error code: 400 - {'error': {'message': 'Access denied, please make sure your account is i
    ⚠ locomo_conv-43_qa76 失败: Error code: 400 - {'error': {'message': 'Access denied, please make sure your account is i
    ⚠ locomo_conv-43_qa78 失败: Error code: 400 - {'error': {'message': 'Access denied, please make sure your account is i
    ⚠ locomo_conv-43_qa8 失败: Error code: 400 - {'error': {'message': 'Access denied, please make sure your account is i
    ⚠ locomo_conv-43_qa79 失败: Error code: 400 - {'error': {'message': 'Access denied, please make sure your account is i
    ⚠ locomo_conv-43_qa81 失败: Error code: 400 - {'error': {'message': 'Access denied, please make sure your account is i
    ⚠ locomo_conv-43_qa82 失败: Error code: 400 - {'error': {'message': 'Access denied, please make sure your account is i
    ⚠ locomo_conv-43_qa85 失败: Error code: 400 - {'error': {'message': 'Access denied, please make sure your account is i
    ⚠ locomo_conv-43_qa86 失败: Error code: 400 - {'error': {'message': 'Access denied, please make sure your account is i
    ⚠ locomo_conv-43_qa87 失败: Error code: 400 - {'error': {'message': 'Access denied, please make sure your account is i
    ⚠ locomo_conv-43_qa88 失败: Error code: 400 - {'error': {'message': 'Access denied, please make sure your account is i
    ⚠ locomo_conv-43_qa9 失败: Error code: 400 - {'error': {'message': 'Access denied, please make sure your account is i
    ⚠ locomo_conv-43_qa91 失败: Error code: 400 - {'error': {'message': 'Access denied, please make sure your account is i
    ⚠ locomo_conv-43_qa94 失败: Error code: 400 - {'error': {'message': 'Access denied, please make sure your account is i
    ⚠ locomo_conv-43_qa92 失败: Error code: 400 - {'error': {'message': 'Access denied, please make sure your account is i
    ⚠ locomo_conv-43_qa95 失败: Error code: 400 - {'error': {'message': 'Access denied, please make sure your account is i
    ⚠ locomo_conv-43_qa98 失败: Error code: 400 - {'error': {'message': 'Access denied, please make sure your account is i
    ⚠ locomo_conv-43_qa99 失败: Error code: 400 - {'error': {'message': 'Access denied, please make sure your account is i
    ⚠ locomo_conv-44_qa0 失败: Error code: 400 - {'error': {'message': 'Access denied, please make sure your account is i
    ⚠ locomo_conv-44_qa1 失败: Error code: 400 - {'error': {'message': 'Access denied, please make sure your account is i
    ⚠ locomo_conv-44_qa100 失败: Error code: 400 - {'error': {'message': 'Access denied, please make sure your account is i
    评测 450/616 (5s)
    ⚠ locomo_conv-44_qa101 失败: Error code: 400 - {'error': {'message': 'Access denied, please make sure your account is i
    ⚠ locomo_conv-44_qa103 失败: Error code: 400 - {'error': {'message': 'Access denied, please make sure your account is i
    ⚠ locomo_conv-44_qa102 失败: Error code: 400 - {'error': {'message': 'Access denied, please make sure your account is i
    ⚠ locomo_conv-44_qa109 失败: Error code: 400 - {'error': {'message': 'Access denied, please make sure your account is i
    ⚠ locomo_conv-44_qa11 失败: Error code: 400 - {'error': {'message': 'Access denied, please make sure your account is i
    ⚠ locomo_conv-44_qa110 失败: Error code: 400 - {'error': {'message': 'Access denied, please make sure your account is i
    ⚠ locomo_conv-44_qa113 失败: Error code: 400 - {'error': {'message': 'Access denied, please make sure your account is i
    ⚠ locomo_conv-44_qa115 失败: Error code: 400 - {'error': {'message': 'Access denied, please make sure your account is i
    ⚠ locomo_conv-44_qa119 失败: Error code: 400 - {'error': {'message': 'Access denied, please make sure your account is i
    ⚠ locomo_conv-44_qa118 失败: Error code: 400 - {'error': {'message': 'Access denied, please make sure your account is i
    ⚠ locomo_conv-44_qa120 失败: Error code: 400 - {'error': {'message': 'Access denied, please make sure your account is i
    ⚠ locomo_conv-44_qa122 失败: Error code: 400 - {'error': {'message': 'Access denied, please make sure your account is i
    ⚠ locomo_conv-44_qa15 失败: Error code: 400 - {'error': {'message': 'Access denied, please make sure your account is i
    ⚠ locomo_conv-44_qa13 失败: Error code: 400 - {'error': {'message': 'Access denied, please make sure your account is i
    ⚠ locomo_conv-44_qa14 失败: Error code: 400 - {'error': {'message': 'Access denied, please make sure your account is i
    ⚠ locomo_conv-44_qa16 失败: Error code: 400 - {'error': {'message': 'Access denied, please make sure your account is i
    ⚠ locomo_conv-44_qa19 失败: Error code: 400 - {'error': {'message': 'Access denied, please make sure your account is i
    ⚠ locomo_conv-44_qa2 失败: Error code: 400 - {'error': {'message': 'Access denied, please make sure your account is i
    ⚠ locomo_conv-44_qa17 失败: Error code: 400 - {'error': {'message': 'Access denied, please make sure your account is i
    ⚠ locomo_conv-44_qa21 失败: Error code: 400 - {'error': {'message': 'Access denied, please make sure your account is i
    ⚠ locomo_conv-44_qa20 失败: Error code: 400 - {'error': {'message': 'Access denied, please make sure your account is i
    ⚠ locomo_conv-44_qa22 失败: Error code: 400 - {'error': {'message': 'Access denied, please make sure your account is i
    ⚠ locomo_conv-44_qa24 失败: Error code: 400 - {'error': {'message': 'Access denied, please make sure your account is i
    ⚠ locomo_conv-44_qa25 失败: Error code: 400 - {'error': {'message': 'Access denied, please make sure your account is i
    ⚠ locomo_conv-44_qa3 失败: Error code: 400 - {'error': {'message': 'Access denied, please make sure your account is i
    ⚠ locomo_conv-44_qa30 失败: Error code: 400 - {'error': {'message': 'Access denied, please make sure your account is i
    ⚠ locomo_conv-44_qa31 失败: Error code: 400 - {'error': {'message': 'Access denied, please make sure your account is i
    ⚠ locomo_conv-44_qa33 失败: Error code: 400 - {'error': {'message': 'Access denied, please make sure your account is i
    ⚠ locomo_conv-44_qa34 失败: Error code: 400 - {'error': {'message': 'Access denied, please make sure your account is i
    ⚠ locomo_conv-44_qa35 失败: Error code: 400 - {'error': {'message': 'Access denied, please make sure your account is i
    ⚠ locomo_conv-44_qa37 失败: Error code: 400 - {'error': {'message': 'Access denied, please make sure your account is i
    ⚠ locomo_conv-44_qa39 失败: Error code: 400 - {'error': {'message': 'Access denied, please make sure your account is i
    ⚠ locomo_conv-44_qa4 失败: Error code: 400 - {'error': {'message': 'Access denied, please make sure your account is i
    ⚠ locomo_conv-44_qa43 失败: Error code: 400 - {'error': {'message': 'Access denied, please make sure your account is i
    ⚠ locomo_conv-44_qa41 失败: Error code: 400 - {'error': {'message': 'Access denied, please make sure your account is i
    ⚠ locomo_conv-44_qa44 失败: Error code: 400 - {'error': {'message': 'Access denied, please make sure your account is i
    ⚠ locomo_conv-44_qa47 失败: Error code: 400 - {'error': {'message': 'Access denied, please make sure your account is i
    ⚠ locomo_conv-44_qa5 失败: Error code: 400 - {'error': {'message': 'Access denied, please make sure your account is i
    ⚠ locomo_conv-44_qa48 失败: Error code: 400 - {'error': {'message': 'Access denied, please make sure your account is i
    ⚠ locomo_conv-44_qa53 失败: Error code: 400 - {'error': {'message': 'Access denied, please make sure your account is i
    ⚠ locomo_conv-44_qa54 失败: Error code: 400 - {'error': {'message': 'Access denied, please make sure your account is i
    ⚠ locomo_conv-44_qa50 失败: Error code: 400 - {'error': {'message': 'Access denied, please make sure your account is i
    ⚠ locomo_conv-44_qa52 失败: Error code: 400 - {'error': {'message': 'Access denied, please make sure your account is i
    ⚠ locomo_conv-44_qa59 失败: Error code: 400 - {'error': {'message': 'Access denied, please make sure your account is i
    ⚠ locomo_conv-44_qa56 失败: Error code: 400 - {'error': {'message': 'Access denied, please make sure your account is i
    ⚠ locomo_conv-44_qa58 失败: Error code: 400 - {'error': {'message': 'Access denied, please make sure your account is i
    ⚠ locomo_conv-44_qa55 失败: Error code: 400 - {'error': {'message': 'Access denied, please make sure your account is i
    ⚠ locomo_conv-44_qa6 失败: Error code: 400 - {'error': {'message': 'Access denied, please make sure your account is i
    ⚠ locomo_conv-44_qa65 失败: Error code: 400 - {'error': {'message': 'Access denied, please make sure your account is i
    ⚠ locomo_conv-44_qa68 失败: Error code: 400 - {'error': {'message': 'Access denied, please make sure your account is i
    ⚠ locomo_conv-44_qa7 失败: Error code: 400 - {'error': {'message': 'Access denied, please make sure your account is i
    ⚠ locomo_conv-44_qa70 失败: Error code: 400 - {'error': {'message': 'Access denied, please make sure your account is i
    ⚠ locomo_conv-44_qa73 失败: Error code: 400 - {'error': {'message': 'Access denied, please make sure your account is i
    ⚠ locomo_conv-44_qa72 失败: Error code: 400 - {'error': {'message': 'Access denied, please make sure your account is i
    ⚠ locomo_conv-44_qa74 失败: Error code: 400 - {'error': {'message': 'Access denied, please make sure your account is i
    ⚠ locomo_conv-44_qa75 失败: Error code: 400 - {'error': {'message': 'Access denied, please make sure your account is i
    ⚠ locomo_conv-44_qa79 失败: Error code: 400 - {'error': {'message': 'Access denied, please make sure your account is i
    ⚠ locomo_conv-44_qa83 失败: Error code: 400 - {'error': {'message': 'Access denied, please make sure your account is i
    ⚠ locomo_conv-44_qa85 失败: Error code: 400 - {'error': {'message': 'Access denied, please make sure your account is i
    ⚠ locomo_conv-44_qa86 失败: Error code: 400 - {'error': {'message': 'Access denied, please make sure your account is i
    ⚠ locomo_conv-44_qa88 失败: Error code: 400 - {'error': {'message': 'Access denied, please make sure your account is i
    ⚠ locomo_conv-44_qa9 失败: Error code: 400 - {'error': {'message': 'Access denied, please make sure your account is i
    ⚠ locomo_conv-44_qa90 失败: Error code: 400 - {'error': {'message': 'Access denied, please make sure your account is i
    ⚠ locomo_conv-44_qa95 失败: Error code: 400 - {'error': {'message': 'Access denied, please make sure your account is i
    ⚠ locomo_conv-44_qa92 失败: Error code: 400 - {'error': {'message': 'Access denied, please make sure your account is i
    ⚠ locomo_conv-44_qa93 失败: Error code: 400 - {'error': {'message': 'Access denied, please make sure your account is i
    ⚠ locomo_conv-44_qa96 失败: Error code: 400 - {'error': {'message': 'Access denied, please make sure your account is i
    ⚠ locomo_conv-44_qa97 失败: Error code: 400 - {'error': {'message': 'Access denied, please make sure your account is i
    ⚠ locomo_conv-44_qa98 失败: Error code: 400 - {'error': {'message': 'Access denied, please make sure your account is i
    ⚠ locomo_conv-47_qa0 失败: Error code: 400 - {'error': {'message': 'Access denied, please make sure your account is i
    ⚠ locomo_conv-47_qa101 失败: Error code: 400 - {'error': {'message': 'Access denied, please make sure your account is i
    ⚠ locomo_conv-47_qa10 失败: Error code: 400 - {'error': {'message': 'Access denied, please make sure your account is i
    ⚠ locomo_conv-47_qa104 失败: Error code: 400 - {'error': {'message': 'Access denied, please make sure your account is i
    ⚠ locomo_conv-47_qa107 失败: Error code: 400 - {'error': {'message': 'Access denied, please make sure your account is i
    ⚠ locomo_conv-47_qa109 失败: Error code: 400 - {'error': {'message': 'Access denied, please make sure your account is i
    ⚠ locomo_conv-47_qa108 失败: Error code: 400 - {'error': {'message': 'Access denied, please make sure your account is i
    ⚠ locomo_conv-47_qa11 失败: Error code: 400 - {'error': {'message': 'Access denied, please make sure your account is i
    ⚠ locomo_conv-47_qa113 失败: Error code: 400 - {'error': {'message': 'Access denied, please make sure your account is i
    ⚠ locomo_conv-47_qa110 失败: Error code: 400 - {'error': {'message': 'Access denied, please make sure your account is i
    ⚠ locomo_conv-47_qa114 失败: Error code: 400 - {'error': {'message': 'Access denied, please make sure your account is i
    ⚠ locomo_conv-47_qa117 失败: Error code: 400 - {'error': {'message': 'Access denied, please make sure your account is i
    ⚠ locomo_conv-47_qa118 失败: Error code: 400 - {'error': {'message': 'Access denied, please make sure your account is i
    ⚠ locomo_conv-47_qa12 失败: Error code: 400 - {'error': {'message': 'Access denied, please make sure your account is i
    ⚠ locomo_conv-47_qa124 失败: Error code: 400 - {'error': {'message': 'Access denied, please make sure your account is i
    ⚠ locomo_conv-47_qa125 失败: Error code: 400 - {'error': {'message': 'Access denied, please make sure your account is i
    ⚠ locomo_conv-47_qa128 失败: Error code: 400 - {'error': {'message': 'Access denied, please make sure your account is i
    ⚠ locomo_conv-47_qa126 失败: Error code: 400 - {'error': {'message': 'Access denied, please make sure your account is i
    ⚠ locomo_conv-47_qa13 失败: Error code: 400 - {'error': {'message': 'Access denied, please make sure your account is i
    ⚠ locomo_conv-47_qa130 失败: Error code: 400 - {'error': {'message': 'Access denied, please make sure your account is i
    ⚠ locomo_conv-47_qa131 失败: Error code: 400 - {'error': {'message': 'Access denied, please make sure your account is i
    ⚠ locomo_conv-47_qa139 失败: Error code: 400 - {'error': {'message': 'Access denied, please make sure your account is i
    ⚠ locomo_conv-47_qa134 失败: Error code: 400 - {'error': {'message': 'Access denied, please make sure your account is i
    ⚠ locomo_conv-47_qa137 失败: Error code: 400 - {'error': {'message': 'Access denied, please make sure your account is i
    ⚠ locomo_conv-47_qa14 失败: Error code: 400 - {'error': {'message': 'Access denied, please make sure your account is i
    ⚠ locomo_conv-47_qa143 失败: Error code: 400 - {'error': {'message': 'Access denied, please make sure your account is i
    ⚠ locomo_conv-47_qa144 失败: Error code: 400 - {'error': {'message': 'Access denied, please make sure your account is i
    ⚠ locomo_conv-47_qa146 失败: Error code: 400 - {'error': {'message': 'Access denied, please make sure your account is i
    ⚠ locomo_conv-47_qa148 失败: Error code: 400 - {'error': {'message': 'Access denied, please make sure your account is i
    ⚠ locomo_conv-47_qa15 失败: Error code: 400 - {'error': {'message': 'Access denied, please make sure your account is i
    ⚠ locomo_conv-47_qa16 失败: Error code: 400 - {'error': {'message': 'Access denied, please make sure your account is i
    ⚠ locomo_conv-47_qa17 失败: Error code: 400 - {'error': {'message': 'Access denied, please make sure your account is i
    ⚠ locomo_conv-47_qa18 失败: Error code: 400 - {'error': {'message': 'Access denied, please make sure your account is i
    ⚠ locomo_conv-47_qa19 失败: Error code: 400 - {'error': {'message': 'Access denied, please make sure your account is i
    ⚠ locomo_conv-47_qa2 失败: Error code: 400 - {'error': {'message': 'Access denied, please make sure your account is i
    ⚠ locomo_conv-47_qa21 失败: Error code: 400 - {'error': {'message': 'Access denied, please make sure your account is i
    ⚠ locomo_conv-47_qa23 失败: Error code: 400 - {'error': {'message': 'Access denied, please make sure your account is i
    ⚠ locomo_conv-47_qa22 失败: Error code: 400 - {'error': {'message': 'Access denied, please make sure your account is i
    ⚠ locomo_conv-47_qa25 失败: Error code: 400 - {'error': {'message': 'Access denied, please make sure your account is i
    ⚠ locomo_conv-47_qa30 失败: Error code: 400 - {'error': {'message': 'Access denied, please make sure your account is i
    ⚠ locomo_conv-47_qa29 失败: Error code: 400 - {'error': {'message': 'Access denied, please make sure your account is i
    ⚠ locomo_conv-47_qa26 失败: Error code: 400 - {'error': {'message': 'Access denied, please make sure your account is i
    ⚠ locomo_conv-47_qa32 失败: Error code: 400 - {'error': {'message': 'Access denied, please make sure your account is i
    ⚠ locomo_conv-47_qa31 失败: Error code: 400 - {'error': {'message': 'Access denied, please make sure your account is i
    ⚠ locomo_conv-47_qa35 失败: Error code: 400 - {'error': {'message': 'Access denied, please make sure your account is i
    ⚠ locomo_conv-47_qa33 失败: Error code: 400 - {'error': {'message': 'Access denied, please make sure your account is i
    ⚠ locomo_conv-47_qa36 失败: Error code: 400 - {'error': {'message': 'Access denied, please make sure your account is i
    ⚠ locomo_conv-47_qa38 失败: Error code: 400 - {'error': {'message': 'Access denied, please make sure your account is i
    ⚠ locomo_conv-47_qa39 失败: Error code: 400 - {'error': {'message': 'Access denied, please make sure your account is i
    ⚠ locomo_conv-47_qa37 失败: Error code: 400 - {'error': {'message': 'Access denied, please make sure your account is i
    ⚠ locomo_conv-47_qa4 失败: Error code: 400 - {'error': {'message': 'Access denied, please make sure your account is i
    ⚠ locomo_conv-47_qa44 失败: Error code: 400 - {'error': {'message': 'Access denied, please make sure your account is i
    ⚠ locomo_conv-47_qa40 失败: Error code: 400 - {'error': {'message': 'Access denied, please make sure your account is i
    ⚠ locomo_conv-47_qa41 失败: Error code: 400 - {'error': {'message': 'Access denied, please make sure your account is i
    ⚠ locomo_conv-47_qa45 失败: Error code: 400 - {'error': {'message': 'Access denied, please make sure your account is i
    ⚠ locomo_conv-47_qa50 失败: Error code: 400 - {'error': {'message': 'Access denied, please make sure your account is i
    ⚠ locomo_conv-47_qa5 失败: Error code: 400 - {'error': {'message': 'Access denied, please make sure your account is i
    ⚠ locomo_conv-47_qa51 失败: Error code: 400 - {'error': {'message': 'Access denied, please make sure your account is i
    ⚠ locomo_conv-47_qa52 失败: Error code: 400 - {'error': {'message': 'Access denied, please make sure your account is i
    ⚠ locomo_conv-47_qa55 失败: Error code: 400 - {'error': {'message': 'Access denied, please make sure your account is i
    ⚠ locomo_conv-47_qa53 失败: Error code: 400 - {'error': {'message': 'Access denied, please make sure your account is i
    ⚠ locomo_conv-47_qa56 失败: Error code: 400 - {'error': {'message': 'Access denied, please make sure your account is i
    ⚠ locomo_conv-47_qa59 失败: Error code: 400 - {'error': {'message': 'Access denied, please make sure your account is i
    ⚠ locomo_conv-47_qa57 失败: Error code: 400 - {'error': {'message': 'Access denied, please make sure your account is i
    ⚠ locomo_conv-47_qa6 失败: Error code: 400 - {'error': {'message': 'Access denied, please make sure your account is i
    ⚠ locomo_conv-47_qa64 失败: Error code: 400 - {'error': {'message': 'Access denied, please make sure your account is i
    ⚠ locomo_conv-47_qa62 失败: Error code: 400 - {'error': {'message': 'Access denied, please make sure your account is i
    ⚠ locomo_conv-47_qa65 失败: Error code: 400 - {'error': {'message': 'Access denied, please make sure your account is i
    ⚠ locomo_conv-47_qa66 失败: Error code: 400 - {'error': {'message': 'Access denied, please make sure your account is i
    ⚠ locomo_conv-47_qa7 失败: Error code: 400 - {'error': {'message': 'Access denied, please make sure your account is i
    ⚠ locomo_conv-47_qa67 失败: Error code: 400 - {'error': {'message': 'Access denied, please make sure your account is i
    ⚠ locomo_conv-47_qa70 失败: Error code: 400 - {'error': {'message': 'Access denied, please make sure your account is i
    ⚠ locomo_conv-47_qa75 失败: Error code: 400 - {'error': {'message': 'Access denied, please make sure your account is i
    ⚠ locomo_conv-47_qa74 失败: Error code: 400 - {'error': {'message': 'Access denied, please make sure your account is i
    ⚠ locomo_conv-47_qa80 失败: Error code: 400 - {'error': {'message': 'Access denied, please make sure your account is i
    ⚠ locomo_conv-47_qa76 失败: Error code: 400 - {'error': {'message': 'Access denied, please make sure your account is i
    ⚠ locomo_conv-47_qa81 失败: Error code: 400 - {'error': {'message': 'Access denied, please make sure your account is i
    ⚠ locomo_conv-47_qa84 失败: Error code: 400 - {'error': {'message': 'Access denied, please make sure your account is i
    ⚠ locomo_conv-47_qa87 失败: Error code: 400 - {'error': {'message': 'Access denied, please make sure your account is i
    ⚠ locomo_conv-47_qa86 失败: Error code: 400 - {'error': {'message': 'Access denied, please make sure your account is i
    ⚠ locomo_conv-47_qa89 失败: Error code: 400 - {'error': {'message': 'Access denied, please make sure your account is i
    评测 600/616 (6s)
    ⚠ locomo_conv-47_qa88 失败: Error code: 400 - {'error': {'message': 'Access denied, please make sure your account is i
    ⚠ locomo_conv-47_qa92 失败: Error code: 400 - {'error': {'message': 'Access denied, please make sure your account is i
    ⚠ locomo_conv-47_qa9 失败: Error code: 400 - {'error': {'message': 'Access denied, please make sure your account is i
    ⚠ locomo_conv-47_qa94 失败: Error code: 400 - {'error': {'message': 'Access denied, please make sure your account is i
    ⚠ locomo_conv-47_qa96 失败: Error code: 400 - {'error': {'message': 'Access denied, please make sure your account is i
    ⚠ locomo_conv-26_qa107 失败: Error code: 400 - {'error': {'message': 'Access denied, please make sure your account is i
    ⚠ locomo_conv-47_qa97 失败: Error code: 400 - {'error': {'message': 'Access denied, please make sure your account is i
    ⚠ locomo_conv-26_qa109 失败: Error code: 400 - {'error': {'message': 'Access denied, please make sure your account is i
    ⚠ locomo_conv-26_qa11 失败: Error code: 400 - {'error': {'message': 'Access denied, please make sure your account is i
    ⚠ locomo_conv-26_qa110 失败: Error code: 400 - {'error': {'message': 'Access denied, please make sure your account is i
    ⚠ locomo_conv-26_qa113 失败: Error code: 400 - {'error': {'message': 'Access denied, please make sure your account is i
    ⚠ locomo_conv-26_qa112 失败: Error code: 400 - {'error': {'message': 'Access denied, please make sure your account is i
    ⚠ locomo_conv-26_qa114 失败: Error code: 400 - {'error': {'message': 'Access denied, please make sure your account is i
    ⚠ locomo_conv-26_qa115 失败: Error code: 400 - {'error': {'message': 'Access denied, please make sure your account is i
    ⚠ locomo_conv-26_qa104 失败: Error code: 400 - {'error': {'message': 'Access denied, please make sure your account is i
    ⚠ locomo_conv-26_qa106 失败: Error code: 400 - {'error': {'message': 'Access denied, please make sure your account is i
  → exact 0/0 (参考 0) Δ=+0 ↑0 ↓0 | {} | 6.7s

✓ 完成，结果追加在 results/search_rounds.jsonl
